gene,rho_purity,p_purity,rho_prolif,p_prolif,rho_cd8,p_cd8,rho_immune,p_immune,p_purity_bh,p_prolif_bh,p_cd8_bh,p_immune_bh
BBOF1,0.1335816425559134,3.3893203313787513e-05,-0.5936068459321074,3.518928309779828e-92,-0.29737663823368143,5.4080929264582545e-21,-0.28123264708420076,7.42896786078561e-19,9.520562728591999e-05,9.940475451355447e-92,2.8463646981359233e-20,3.641650912149809e-18
NOSTRIN,0.07486198276829477,0.020552234372572437,-0.669497442170456,1.8888490657197853e-125,-0.21772171801434292,9.87280353454442e-12,-0.21341395742689254,2.5508276364941386e-11,0.03262259424217847,7.20934757908315e-125,2.233665958041724e-11,6.1913292147916e-11
CDCA5,0.05878533991097403,0.06910321563720634,0.90714194706003,0.0,0.16414959167362894,3.289235943851643e-07,0.15237142607804025,2.1885196577048474e-06,0.09651287100168483,0.0,5.171754628697552e-07,3.5185203500077933e-06
BIRC5,0.0751650506991116,0.020044517145426165,0.9079656453649245,0.0,0.14559456951132244,6.118296711030807e-06,0.12794746107682542,7.209636973606042e-05,0.03191802093220727,0.0,8.497634320876122e-06,9.985646777847705e-05
CENPA,0.027750458048110115,0.3911602501598205,0.9338907697897548,0.0,0.20260329026412477,2.5301161046262343e-10,0.1823582092813638,1.3339356274306934e-08,0.44450028427252325,0.0,5.206000215280317e-10,2.646697673473598e-08
PLK1,0.04456621967501109,0.16834005024641405,0.9371637663984925,0.0,0.15530259103925445,1.3833465279159512e-06,0.13987836724435987,1.4060915429600661e-05,0.2136295053888503,0.0,2.0418701704508793e-06,2.1176077454217863e-05
CDC45,0.07445141524227278,0.02125787914742001,0.8826143112439376,2.5451172e-315,0.15371853056121698,1.774404670249058e-06,0.13317458135104426,3.582947930059789e-05,0.033529777835047334,2.827907999e-314,2.6017663786643076e-06,5.162749178760503e-05
PRR11,0.02029212504116952,0.5306661396719639,0.8884901271347568,0.0,0.19009225470303634,3.08479534298215e-09,0.17425475785649386,5.79039549915593e-08,0.5875653298030951,0.0,5.755215192130877e-09,1.0843437264336946e-07
AURKB,0.052258804713691605,0.10617237317357653,0.8910782556106623,0.0,0.19999949889701205,4.3158953356668977e-10,0.18484448789040814,8.387660875424919e-09,0.14156316423143536,0.0,8.666456497323088e-10,1.697907059802615e-08
KIF18B,0.1270732373457721,8.083330356667099e-05,0.8847503791063163,6.7834e-319,0.11291593225186179,0.00046572220496193383,0.09768335981283828,0.0024849886455582306,0.0002083332566151314,8.272467e-318,0.0005638283353050046,0.0030011940163746746
CDC20,-0.003452619156184891,0.9150516268170888,0.8899586874814807,0.0,0.21696338215929326,1.1685380498836069e-11,0.20545457995671837,1.398247689316868e-10,0.9224310754204524,0.0,2.620040470591047e-11,3.2069901131120827e-10
MYBL2,-0.04404361321032682,0.1733912822909948,0.8876989457587231,0.0,0.2267669007730376,1.2599541233543816e-12,0.2206259794954681,5.1473747346884406e-12,0.2194826358113858,0.0,3.0287358734480326e-12,1.3266429728578454e-11
KIF2C,0.0420915654369786,0.19326020156285836,0.9390841135319739,0.0,0.18973664956901443,3.304121517853787e-09,0.17693735656782678,3.5882024496249596e-08,0.24340075763584176,0.0,6.14148981013715e-09,6.847714598520915e-08
CDCA8,0.050150652821454325,0.12105049682825732,0.9365772568412125,0.0,0.17463500739975765,5.413059683754702e-08,0.16151422808000962,5.087215355621496e-07,0.15969722536709408,0.0,9.25079746210429e-08,8.681254873074226e-07
CAPN8,0.08073069657791311,0.012480730288624281,-0.5544315042736553,3.155416182847503e-78,-0.24882201777524565,5.6955325343818865e-15,-0.23016988294918764,5.674209842691316e-13,0.020663460742755435,7.548842542697376e-78,1.7259189498126927e-14,1.6212028121975189e-12
ORC6,0.025056703463210577,0.4387841186552568,0.8417598501444667,6.440587061456446e-258,0.17167195531125215,9.115878095278072e-08,0.16367692559570807,3.5586483356907514e-07,0.49301586365759187,4.411361000997566e-257,1.5142654643319056e-07,6.243242694194301e-07
UBE2C,0.05802563319904732,0.07277918067305768,0.9105376180614383,0.0,0.18831769294155912,4.340254929793569e-09,0.16848646004666168,1.5806244934581477e-07,0.1013637613830887,0.0,7.978409797414647e-09,2.863450169308238e-07
CEP55,0.04495634303879611,0.16464181450639426,0.9363672727831334,0.0,0.17808521100228292,2.9172419081247297e-08,0.1649556281519001,2.874522936561282e-07,0.21000231442142123,0.0,5.1000732659523254e-08,5.096671873335607e-07
TICRR,0.02931600434709842,0.3649823065129262,0.8825878321953412,2.81563976e-315,0.1739255633143762,6.137515179147194e-08,0.16336717275421453,3.746605791350712e-07,0.41759989303538464,3.0604780005e-314,1.0402568100249482e-07,6.550010124739007e-07
SLC7A5,-0.08499156534966171,0.00852407655566569,0.6247481375603824,1.0113825601699554e-104,0.20833555247110996,7.612547783112323e-11,0.19763011693580504,6.972995189446237e-10,0.014398777965651505,3.2837096109414136e-104,1.633593944873889e-10,1.5224880326301828e-09
CFAP69,0.09093060132617083,0.004875699600170089,-0.6615039185021433,1.7457450140537067e-121,-0.22463955429326277,2.0612298673123963e-12,-0.21256373899938602,3.069146300006525e-11,0.008769243885198001,6.465722274272987e-121,4.838567763644123e-12,7.413396859919142e-11
AURKA,0.040334996992507643,0.2125234813263902,0.9083057245211241,0.0,0.16060217956798295,5.906337795973269e-07,0.143768774761299,8.00878583614259e-06,0.26237466830418543,0.0,9.031097547359739e-07,1.243600285115309e-05
FAM161B,0.17067916336275593,1.0833625803254059e-07,-0.5964928157850398,2.7644662671336215e-93,-0.32607577843679353,3.827713143931682e-25,-0.3105069193423261,7.778702025110508e-23,4.4767048773777105e-07,7.898475048953205e-93,3.037867574548954e-24,5.477959172613034e-22
ZBTB4,0.085926177141463,0.007823159306060638,-0.6372002319093675,3.814947507670321e-110,-0.2619434953532555,1.766068685155788e-16,-0.2525507305848811,2.1656682246510508e-15,0.01344185447776742,1.3246345512744172e-109,5.696995758567058e-16,7.467821464313969e-15
TPX2,0.08543203229178845,0.008187046823160252,0.9630043741909616,0.0,0.1398870886269638,1.4043416354649667e-05,0.12261108392163415,0.0001432878084921472,0.014018915793082624,0.0,1.872455513953289e-05,0.00019156124129966203
GTSE1,0.0643206481866704,0.04667409953540718,0.8955464102282621,0.0,0.16282662502017073,4.0977525383693414e-07,0.14952110847047786,3.3910426908877344e-06,0.06803804596998131,0.0,6.378599584866253e-07,5.399749507783017e-06
MCM10,0.04943290936148686,0.12647199158107755,0.9245084104386158,0.0,0.14935426581991032,3.478224848498332e-06,0.13549597517092196,2.6044236907508314e-05,0.1655392559961748,0.0,4.983130155441736e-06,3.818803065617054e-05
CTPS1,-0.0036274968493719183,0.9107664519872114,0.7142966243265675,3.413125068982761e-150,0.16194165797563317,4.742084780078074e-07,0.1518248815377476,2.3817048951487945e-06,0.9199661131183954,1.4221354454094838e-149,7.318032068021719e-07,3.816834767866658e-06
UBXN10,0.1242809112258004,0.00011591416148109628,-0.5777606003202841,2.6188456597411273e-86,-0.2672259970915763,4.123378821114639e-17,-0.2525809747515562,2.1486095636476598e-15,0.0002897854037027407,7.00226112230248e-86,1.4218547659015998e-16,7.460449873776597e-15
KIAA0825,0.06035726046148365,0.06198004014654359,-0.47904673453499647,4.652668609101217e-56,-0.2671691506542584,4.1891623755516694e-17,-0.24624815567402328,1.1000254057549723e-14,0.08729583119231492,7.4087079762758225e-56,1.4346446491615306e-16,3.503265623423479e-14
SLC25A19,0.02301149987224813,0.4770631008304447,0.6341729948261252,8.373947178998407e-109,0.19281825495731186,1.8140796661426777e-09,0.18851614889264864,4.178324368053008e-09,0.5324364964625499,2.8290362091210836e-108,3.4886147425820724e-09,8.633128166953916e-09
FAM214A,0.14226088778603532,9.978692282284695e-06,-0.483305083081917,3.6141713030794875e-57,-0.28281028632449684,4.656710899916526e-19,-0.2529368263296706,1.957555592678862e-15,3.0422842324038703e-05,5.924870988654898e-57,1.9242607024448455e-18,6.844599974401617e-15
DSCC1,0.07556710781198536,0.019387856372997378,0.8490381930565799,7.217949392934324e-267,0.10601945446095158,0.0010207979535681849,0.0911521943149236,0.0047721850369577745,0.030971016570283352,5.386529397712182e-266,0.0011953137629604038,0.0056011561466640545
ALYREF,0.015647281216985123,0.6287747462671238,0.6135816872761927,4.607202266095194e-100,0.17048892782827246,1.1196718960583421e-07,0.14696568860217155,4.987482889402411e-06,0.6811507386009232,1.4132522288635565e-99,1.8415656185170102e-07,7.817371300003779e-06
CCNA2,0.06913500875995893,0.032477465842865615,0.92901369596614,0.0,0.15273712172851284,2.0677475706556498e-06,0.13859387325199599,1.6877798990115116e-05,0.048764963728026446,0.0,3.014209286670043e-06,2.526616615286694e-05
NUF2,0.10019827007777,0.0019128688659043652,0.8588501181521434,1.0336704900181134e-279,0.11603666748549997,0.0003217743537845576,0.0955230308986948,0.00309693502864727,0.003721534758568804,8.336052338855754e-279,0.0003933671806657184,0.0036780701052817936
SGO1,0.09073716230551414,0.004967715653413636,0.9162967974398509,0.0,0.1331897513540665,3.575547612236707e-05,0.1151863395272857,0.00035620391107557043,0.008902716224755618,0.0,4.667816726157581e-05,0.00046021177141546566
ABAT,0.1092079151528581,0.0007141116107733182,-0.515662959663756,3.926386304577681e-66,-0.2860418666343697,1.7721196517652244e-19,-0.2636625661199231,1.1040042173457964e-16,0.0015129483279095726,7.493103634690231e-66,7.77245461300537e-19,4.213756554754948e-16
PIMREG,0.12069377550716757,0.0001821830698496147,0.861615754831283,1.650918125551019e-283,0.10934911951960705,0.0007027469879889763,0.0845945360770739,0.008838425988087649,0.00044434895085271884,1.3990831572466263e-282,0.0008326386113613463,0.01013580961936657
HJURP,0.059673120467108605,0.06500194779211584,0.9257031577073239,0.0,0.17272917308505203,7.576695636773052e-08,0.1596216880549561,6.928176283565791e-07,0.09129487049454471,0.0,1.2712576571766867e-07,1.1624456851620456e-06
SCUBE2,0.10747820620217668,0.0008678727365036027,-0.5505118109837338,6.235217381770891e-77,-0.265865735232132,6.015707031008147e-17,-0.2440412762090896,1.922718815338985e-14,0.0018080682010491722,1.4636660520588946e-76,1.9919559705324992e-16,5.971176445152127e-14
NCAPH,0.061889573015161105,0.055631349909850324,0.9414903936503514,0.0,0.1746267789053386,5.420967312793114e-08,0.16482584795456465,2.937708933296778e-07,0.07924693719351898,0.0,9.25079746210429e-08,5.190298468722223e-07
CDCA3,0.09993307108912752,0.0019669236753001957,0.8828926561549864,8.78853645e-316,0.15742852731116705,9.865540599188411e-07,0.14073900478044035,1.2430520073885829e-05,0.00379714995231698,9.986973233e-315,1.4947788786649108e-06,1.8834121324069436e-05
FAM83D,0.02900395358277357,0.37011109777978934,0.905559625381978,0.0,0.1446741829741689,7.010605725697225e-06,0.13283064123739685,3.7546794610486204e-05,0.4225012531732755,0.0,9.62995291991377e-06,5.36382780149803e-05
CBX2,-0.1262469467498017,9.000188099237188e-05,0.6452091720247948,9.096813004955941e-114,0.23426871371162075,2.13421032465679e-13,0.22373321506937713,2.5383296107731897e-12,0.00022959663518462212,3.203103170759135e-113,5.335525811641975e-13,6.715157700458174e-12
CDCA7,-0.1668707637489416,2.081427745540941e-07,0.6337126235701483,1.3354282240727764e-108,0.34577855919418693,2.9055089126407936e-28,0.33410136721979755,2.1850004368002625e-26,8.25963391087675e-07,4.481302765344887e-108,4.035429045334436e-27,2.731250546000328e-25
CENPN,-0.01355312392207282,0.675404112725936,0.8333916219249696,3.59247632996172e-248,0.19724496589336982,7.534326540676106e-10,0.18022398974967824,1.9764717497867604e-08,0.7139053235236436,2.245297706226075e-247,1.483135145802383e-09,3.89069242084008e-08
E2F1,0.1500352837070231,3.135330435834479e-06,0.8085196900204298,3.890541022372154e-222,0.08699264246638617,0.007086694717581042,0.07112598306890748,0.0277910589107584,1.0664389237532242e-05,2.0694367140277417e-221,0.007877561813085033,0.030405972550063894
RGS22,0.19994286597743863,4.365970962355914e-10,-0.46755210749213055,3.85584288359453e-53,-0.28648864831197557,1.5489973622786563e-19,-0.2733411425995037,7.347623240564146e-18,2.398885144151601e-09,5.703909591116168e-53,6.9151667958868585e-19,3.1670789830017865e-17
KPNA2,0.06903826528627899,0.032721450349376874,0.8574973317635026,6.952231198020047e-278,0.10381895515974382,0.0012990951444205774,0.08364574001259986,0.009631891323632461,0.048984207109845614,5.517643807952419e-277,0.001507070933202526,0.011020470622005105
SNTN,0.1184508374424542,0.00024021462884982477,-0.43731440725813353,5.649684541057807e-46,-0.20829108827520187,7.684835970247576e-11,-0.1954132861784989,1.0865003641804983e-09,0.0005665439359665679,7.473127699811915e-46,1.6420589680016187e-10,2.3315458458808976e-09
APH1B,0.21880563872259468,7.750672867587617e-12,-0.634892721106696,4.0305215566104917e-109,-0.30868504031510446,1.4195442482946118e-22,-0.3118381555642188,4.998729449161391e-23,5.696517211641195e-11,1.3898350195208593e-108,8.449668144610784e-22,3.622267716783616e-22
CCNB2,0.07710624649752827,0.017044384679072887,0.9431063412556803,0.0,0.16587601468905366,2.462554687528034e-07,0.1453913763571231,6.305427690342545e-06,0.027402547715551267,0.0,3.9212654260000543e-07,9.852230766160228e-06
ANKRA2,0.23111620809167,4.5349928308344277e-13,-0.5021101638499977,2.9236402913116876e-62,-0.3267651236373044,3.0031973159102757e-25,-0.32419873700688545,7.3865580964922135e-25,3.779160692362023e-12,5.202206924042148e-62,2.4616371441887505e-24,7.241723624011975e-24
CDC25A,0.07720953538952652,0.016896402771386976,0.8869416230627201,1.2e-322,0.12655785867904484,8.644252055115593e-05,0.11386876726118382,0.0004164097237891104,0.027252262534495125,1.56e-321,0.00010859613134567327,0.0005338586202424492
RAD54L,0.07754467313143444,0.01642397631554039,0.8676852620874048,3.8792872113984585e-292,0.14681460468218033,5.101524890350815e-06,0.14224932370949067,9.995449984820578e-06,0.026662299213539593,3.5266247376349624e-291,7.165063048245528e-06,1.5377615361262426e-05
TRIP13,0.05635682539474828,0.08141604086694587,0.8829787062172557,6.32290303e-316,0.12781733859602823,7.333775535573428e-05,0.11058736417062703,0.0006100383554174447,0.1118352209710795,7.35221282e-315,9.259817595420994e-05,0.0007683102713066055
KIFC1,0.11887010967826184,0.00022819593924536626,0.9010326390829825,0.0,0.14027704532920124,1.3281838042846006e-05,0.12366685041355643,0.0001253514235842633,0.0005407486711975504,0.0,1.7804072443493307e-05,0.0001684830962154077
CFAP94,0.2016428261447127,3.083582693350071e-10,-0.5658037490663533,4.368907409104491e-82,-0.29046437432951794,4.627502724841723e-20,-0.2782223051126278,1.796326373389963e-18,1.7721739616954433e-09,1.108859748503678e-81,2.2035727261151063e-19,8.473237610330014e-18
TMEM26,0.08236668828388603,0.010801682219741886,-0.495913614664234,1.510153660786685e-60,-0.2480062741380008,7.022460640250598e-15,-0.22721846849837968,1.1342277539408274e-12,0.01800280369956981,2.6401287775990997e-60,2.0776510769972184e-14,3.0654804160562904e-12
MTFR2,-0.0019909094829453325,0.9509537031699817,0.8622694340950856,2.0338070539180114e-284,0.2162742286375209,1.3612333225980465e-11,0.20135073816440605,3.2741551360247367e-10,0.9509537031699817,1.7532819430327683e-283,3.011578147340811e-11,7.374223279334992e-10
DRC3,0.15526292308839848,1.3920401760104081e-06,-0.6249572590641382,8.238750964266354e-105,-0.2815382514501386,6.787913172956014e-19,-0.26536984864416996,6.900034963857166e-17,4.9363126808879725e-06,2.6924022759040372e-104,2.7819316282606614e-18,2.6953261577567055e-16
KCND3,0.07067201128387493,0.02880502167797973,-0.5324728564422908,3.4850332546652285e-71,-0.24815998679497783,6.7511157641945824e-15,-0.22800164044140978,9.446893949108088e-13,0.04404437565440326,7.321498434170648e-71,2.0180697838659737e-14,2.5811185653300787e-12
ORC1,0.04067450975774757,0.2086961920573093,0.8932023846258973,0.0,0.17664590904586455,3.7810381961949475e-08,0.17120482053407227,9.888501538764556e-08,0.2595723781807329,0.0,6.564302423949562e-08,1.8110808679055962e-07
BUB1,0.03487984270452331,0.28106042729135083,0.9350336953423626,0.0,0.1728323510117447,7.44071736522801e-08,0.15951838690621722,7.045241739598359e-07,0.33539430464361675,0.0,1.2526460210821567e-07,1.1781340701669497e-06
SEPTIN3,0.04711691305095507,0.14525851253133137,0.5853681925398689,4.3608389946308756e-89,0.0747235876213761,0.020787782021849263,0.045490457835346255,0.15967810109920103,0.1871888048084167,1.1980326908326581e-88,0.022256725933457455,0.16598555207817156
CFAP99,0.19222157870997034,2.0389766244436016e-09,-0.5424656629680827,2.52108565898774e-74,-0.28309708122512367,4.2762573068966297e-19,-0.27259420311076044,9.092345815714855e-18,1.0402941961446947e-08,5.652658428223632e-74,1.7817738778735956e-18,3.852688904963922e-17
PGR,0.09404860993418265,0.0035902244680540434,-0.5038604645597102,9.454175781622332e-63,-0.262633415589982,1.463188855478546e-16,-0.23428964776813793,2.1234768422025472e-13,0.006599677330981697,1.6942967350577654e-62,4.750613167138136e-16,6.208996614627331e-13
DNAH7,0.15936880374877468,7.218134375215321e-07,-0.5644210744858374,1.3108499463084241e-81,-0.2914748361824506,3.393534156470405e-20,-0.2761007637603633,3.325030573717749e-18,2.6537258732409265e-06,3.2935928299206634e-81,1.631506805995387e-19,1.5113775335080677e-17
FOXM1,0.11117584035829857,0.0005700839367033593,0.917858513653509,0.0,0.12570716105469198,9.651185361257964e-05,0.11109342342307063,0.0005755291867532303,0.0012233560873462644,0.0,0.00012094217244684165,0.0007266782661025634
SHCBP1,-0.034814559688137035,0.2819623743756784,0.8201478259290893,8.334617010580583e-234,0.18282011396724904,1.2243638093177724e-08,0.1735951365517964,6.506139418166841e-08,0.33566949330437906,4.845707564291037e-233,2.1752634725344388e-08,1.2093195944548033e-07
ABTB2,-0.12354560605245793,0.00012729829809297633,0.4446881837368859,1.1761602500964914e-47,0.21774367892124516,9.824638332795579e-12,0.2112502467521475,4.078166762665826e-11,0.0003150947972598424,1.598043818065885e-47,2.2328723483626317e-11,9.709920863490062e-11
PSAT1,-0.3660417633311087,1.0313772246231886e-31,0.4317656960721658,9.779848234395e-45,0.4282314002687719,5.8500905074667515e-44,0.42229932666818887,1.1232198968530602e-42,1.0313772246231886e-29,1.2767425893466056e-44,4.1786360767619653e-42,8.022999263236145e-41
MELK,0.04791274965039835,0.13857609802796678,0.9250367591900848,0.0,0.17788444121499236,3.025100412318307e-08,0.16374454711640007,3.5188413281109366e-07,0.17903888634104234,0.0,5.270209777558026e-08,6.195143183293903e-07
CDT1,0.09807829398319408,0.0023858637351201898,0.7861134586432172,9.230569023611063e-202,0.14394024508426867,7.809889648392089e-06,0.12252831978059682,0.00014479141369512405,0.004535862614296939,4.615284511805531e-201,1.064017663268677e-05,0.00019254177353075007
DNAJC12,0.2960777253064269,8.13187424103299e-21,-0.42734713148249615,9.121913300105766e-44,-0.33698803533099175,7.63977346563062e-27,-0.34314607078164583,7.8201011712613745e-28,2.5412107003228094e-19,1.1664850767398679e-43,8.127418580458107e-26,1.2218908080095898e-26
CFAP57,0.11792802132076641,0.0002560324659361369,-0.538533970907932,4.4654677398459866e-73,-0.22642595906251456,1.3638299082494486e-12,-0.21247733296231627,3.1272537755801055e-11,0.0005982066961124694,9.749929562982503e-73,3.244041309165469e-12,7.5174369605291e-11
ANKRD30A,0.09277755877324488,0.0040716206688557926,-0.4680394698842252,2.91490663403072e-53,-0.21183835370611748,3.591631654527026e-11,-0.19024035280792154,2.9976877823196186e-09,0.007402946670646895,4.3247872908467655e-53,7.841990512067742e-11,6.2976634082344934e-09
EXO1,0.05272978042572051,0.10305500824681744,0.8863055371688484,1.52e-321,0.12993278730267457,5.5452060447923756e-05,0.11264985478008024,0.00048043434076594716,0.13777407519628002,1.951e-320,7.072966893867826e-05,0.0006081447351467686
GGH,0.02147626378967745,0.5069557091592052,0.6161427890499631,4.087980124050503e-101,0.11156570614351441,0.0005449688480933588,0.08878242899623949,0.005989407888217152,0.5632841212880058,1.2774937887657822e-100,0.0006550106347275947,0.006964427776996689
FANCA,0.04021340009989933,0.21390646496827898,0.8134564170057484,5.445148589279854e-227,0.19639595230364845,8.931555701312214e-10,0.18901706020182837,3.79527595705465e-09,0.2634316071037918,2.9918398842197e-226,1.7444444729125417e-09,7.939907859946968e-09
DCDC1,0.21138513054315292,3.9611849894997636e-11,-0.5399892349109349,1.5479473300550543e-73,-0.31182891773847227,5.01413109925893e-23,-0.30081485167443484,1.8186359866254376e-21,2.7131404037669616e-10,3.424662234635076e-73,3.1735006957335e-22,1.1366474916408985e-20
ULK4,0.16665510727803076,2.1588848396232203e-07,-0.4864194792258445,5.450719866334078e-58,-0.2698689593780451,1.967165141930533e-17,-0.2517295514862646,2.6832947492252745e-15,8.499546612689844e-07,9.024370639625957e-58,6.964766078766273e-17,9.189365579538612e-15
NDC80,0.08886760323498939,0.005941222087473578,0.893808294809786,0.0,0.17266760313596274,7.658980212997945e-08,0.15674521999092045,1.1003246433100683e-06,0.010459898041326724,0.0,1.280765921906011e-07,1.8038108906722431e-06
DEPDC1,0.09475043488202659,0.0033471463862455673,0.8838633994350241,2.1093807e-317,0.1099453636185375,0.0006565849066904326,0.09892139909378124,0.0021862368271873735,0.006207569071429975,2.51116745e-316,0.0007797920507012264,0.0026596555075272185
CENPW,-0.05784373766718216,0.07368262101271247,0.7775357118711489,1.3361589823759582e-194,0.27555291854291625,3.894664025890185e-18,0.2495025868277987,4.779689582919692e-15,0.102053491707358,6.423841261422877e-194,1.4752515249584034e-17,1.5826786698409576e-14
PIF1,-0.0253114201972031,0.43414331049917576,0.7576541496160442,3.595180041385561e-179,0.2882169274287044,9.183035667675261e-20,0.28502350487914113,2.4060746890637e-19,0.4889001244360087,1.6341727460843458e-178,4.2124016824198447e-19,1.2663550995072107e-18
IGFALS,0.15308182884983518,1.959777866672886e-06,-0.4782779998109775,7.351333567400638e-56,-0.24749873960959173,7.99674808295542e-15,-0.2391365491558694,6.521632732245927e-14,6.852370163191911e-06,1.159516335552151e-55,2.3519847302810055e-14,1.9409621226922402e-13
CHRNA5,-0.0852724238443899,0.008307772690376691,0.5562781722396964,7.6309759657064e-79,0.17985459990026956,2.1146499086779104e-08,0.16320077046091494,3.8514914104792066e-07,0.014177086502349303,1.843230909590918e-78,3.7099121204875627e-08,6.709915349266911e-07
PGGT1B,0.22403611947280075,2.367946932244069e-12,-0.359506987497809,1.4235592831707359e-30,-0.32961765924169856,1.0932701216994226e-25,-0.33841519307018925,4.5253912782108494e-27,1.7938991910939917e-11,1.5643508606271823e-30,9.938819288176568e-25,6.464844683158356e-26
KCNE4,0.05520334604292391,0.08785771071631261,-0.5142840365099802,9.907419826254603e-66,-0.219618899403137,6.458311198388458e-12,-0.19974582577788227,4.5446477088991797e-10,0.11919470782299561,1.8622969598222937e-65,1.481264036327628e-11,1.0099217130887066e-09
FBXL17,0.16732906627131863,1.9256239262327256e-07,-0.4611936125305758,1.4235299403579856e-51,-0.30257258333020937,1.0358717086944131e-21,-0.3016548392213801,1.3904067546768677e-21,7.702495704930903e-07,2.0511958794783656e-51,5.754842826080073e-21,8.912863812031204e-21
INAVA,-0.2711189746824787,1.3822309472216535e-17,0.516116979905267,2.8922649562816636e-66,0.28635505698196456,1.6126363785806392e-19,0.28726491488295075,1.2253458446905895e-19,2.559686939299358e-16,5.540737464141118e-66,7.135559197259465e-19,6.587880885433276e-19
TBC1D9,0.25464479601106627,1.2494582284575402e-15,-0.47014637875461335,8.652238736269111e-54,-0.34156377648627073,1.411523657772677e-27,-0.33770863785722444,5.866755551327547e-27,1.644023984812553e-14,1.3069847033639142e-53,1.6803853068722345e-26,7.928048042334524e-26
EEF1AKMT4,-0.028121219023815383,0.38485998084324846,0.58614161624991,2.2540283649044762e-89,0.18556714411741096,7.320738586775072e-09,0.16026653640544694,6.238617678930635e-07,0.43833710802192305,6.226597693106288e-89,1.3262207584737449e-08,1.0538205538734181e-06
FAM114A2,0.1465078646605372,5.340776075067595e-06,-0.4733234127720307,1.363681842554385e-54,-0.27964449289596144,1.1852660099076015e-18,-0.2754804502884066,3.976880337741213e-18,1.7340182061907776e-05,2.1109626045733515e-54,4.6664016138094544e-18,1.7913875395230687e-17
NEK10,0.025669282043084374,0.427671331036239,-0.5880525574338641,4.380212172521537e-90,-0.17608802807732066,4.178524386243273e-08,-0.1526411728285311,2.098801486251098e-06,0.4826990192282607,1.2303966776745892e-89,7.229280945057566e-08,3.385163687501771e-06
CCNE1,-0.07696595134401268,0.017247203340650975,0.7852549021905839,4.97450850133181e-201,0.24107276127653543,4.039803182267828e-14,0.2245181531950696,2.1196333344182407e-12,0.02763974894335092,2.4626279709563412e-200,1.1037713612753628e-13,5.697939071016776e-12
TPRG1,0.1645855706152029,3.058244800734455e-07,-0.4948688560084397,2.9134218559543155e-60,-0.2267115603829511,1.2762714986662095e-12,-0.2218489583040966,3.901974020762002e-12,1.1584260608842633e-06,5.023141130955717e-60,3.0532810972875826e-12,1.021459167738744e-11
MAST4,0.14296285651398874,9.010154322888451e-06,-0.44781777726651273,2.208910305531863e-48,-0.26502660678878437,7.585905642250339e-17,-0.2549626652260457,1.1488711455076938e-15,2.780911828051991e-05,3.034217452653658e-48,2.4953636981086643e-16,4.1031112339560486e-15
SLC44A4,0.13836000332845114,1.74453435587486e-05,-0.42502705203111135,2.907684460269554e-43,-0.2432287500363847,2.3583165488558617e-14,-0.23559723904849683,1.5482991296289574e-13,5.0713208019618025e-05,3.699344097035056e-43,6.624484687797365e-14,4.553820969496933e-13
FEN1,0.11580141080113769,0.0003309748905576523,0.7881535639142757,1.634332884503972e-203,0.09614057872028098,0.002909316514582153,0.0801354998908937,0.013146566824576053,0.0007522156603583007,8.254206487393797e-203,0.0032762573362411633,0.014871681928253454
SKA1,0.1162011331989,0.0003154849025822309,0.9028600357196066,0.0,0.14819132353046277,4.1482988903113555e-06,0.12724918912363356,7.89982685756361e-05,0.000720285165712856,0.0,5.909257678506205e-06,0.00010851410518631333
SAMD15,0.22450669123118866,2.1252304411019504e-12,-0.4483823259168904,1.6306265364679062e-48,-0.3671768479247449,6.496853138420865e-32,-0.34830352952574106,1.1140802564699037e-28,1.6347926470015002e-11,2.2522465973313623e-48,1.3535110705043468e-30,1.9208280283963854e-27
TTK,0.06465490955457753,0.04554293931393608,0.893816085181374,0.0,0.14726700757916897,4.767276176484277e-06,0.1303629417746532,5.2360289631782506e-05,0.06658324461101767,0.0,6.73344092723768e-06,7.312889613377445e-05
CMC2,-0.06878550670044446,0.033366308464183286,0.6062073680814208,4.354805430594311e-97,0.2777659728014989,2.0516392124386996e-18,0.2485472326121986,6.112367192092633e-15,0.04980046039430341,1.2884039735486126e-96,7.890920047841152e-18,1.9975056183309256e-14
CYBRD1,-0.06373736651577583,0.04870448973090509,-0.6655465189374896,1.7854195101496846e-123,-0.19406242795788836,1.4200431143376518e-09,-0.16924901283395946,1.3868049668394914e-07,0.07005691787219956,6.762952689960926e-123,2.752021539414054e-09,2.5306659978822835e-07
PTPRT,0.07818072060783848,0.015559146985630922,-0.5162199586513346,2.6983562595236097e-66,-0.239339728037699,6.203199271141345e-14,-0.21993497900768588,6.015132043646875e-12,0.025423442786978633,5.189146652930019e-66,1.6675266857906843e-13,1.5344724601139986e-11
KIF14,0.06068225143566377,0.06058572568270843,0.8286363462483637,7.165524894062998e-243,0.1253771450322662,0.00010070796495147803,0.11269165443642218,0.00047809482479412355,0.0855956662725602,4.3692224963798765e-242,0.00012557102861780303,0.0006067193208047253
PTTG1,0.05487371987188028,0.08977208541825249,0.8540732786174507,2.427351160449839e-273,0.21032913457405517,4.9722744490537404e-11,0.18321278155450305,1.1381269778358978e-08,0.12131362894358445,1.86719320034603e-272,1.0762498807475628e-10,2.285395537823088e-08
CRY2,-0.011304560482897975,0.7268900773241372,-0.6803226495346765,5.052502667899587e-131,-0.1753224768868985,4.790381365897943e-08,-0.16091297295120002,5.613896337028831e-07,0.7540353499213042,1.9736338546482762e-130,8.230895817694061e-08,9.515078537337002e-07
RNF141,0.18155132912967498,1.5485721581673987e-08,-0.32801395169295994,1.932094350026435e-25,-0.314831643498138,1.8340877407613495e-23,-0.3172082134120406,8.206584015836683e-24,6.732922426814776e-08,2.0210191945883212e-25,1.1909660654294478e-22,7.074641392962658e-23
CCNDBP1,0.04938476356481896,0.12684231129399695,-0.5665169445784749,2.473749342588849e-82,-0.1439990904570029,7.742725592354981e-06,-0.13911756694838603,1.5669967698850693e-05,0.1655904847180117,6.3429470322791e-82,1.0577493978627025e-05,2.3528480028304343e-05
KLHDC1,0.10635113446379771,0.0009839864921181328,-0.6654372894391942,2.022677626142158e-123,-0.24099053109769836,4.123166514890639e-14,-0.21726292126228988,1.0933534635986137e-11,0.00202466356402908,7.604051226098338e-123,1.1204256833941953e-13,2.760993594945994e-11
JMJD6,-0.046828846178229716,0.14773714711607613,0.4694617296831968,1.2851234486926441e-53,0.13184627507558372,4.290332709529724e-05,0.11623171429331103,0.00031432817290006775,0.1898935052905863,1.935426880561211e-53,5.5088509336645124e-05,0.0004103500951698012
CIRBP,0.14546662280085967,6.235500672644813e-06,-0.595015123315558,1.0202270082128902e-92,-0.2070346562552617,1.0028571156003296e-10,-0.1986059533937528,5.726928196802475e-10,1.9732597065331685e-05,2.898372182422984e-92,2.1246972788142577e-10,1.2559053063163321e-09
ENTPD5,0.1288380149498285,6.411824434130691e-05,-0.4146421854946895,4.671694097120875e-41,-0.2854291518552626,2.1304412351716252e-19,-0.2655097330492946,6.638369080450967e-17,0.00016873222195080766,5.810564797414024e-41,9.182936358498384e-19,2.6342734446234e-16
IL6ST,0.16754191560675824,1.857150668760785e-07,-0.5282073473253518,7.09709864582542e-70,-0.27817864343425425,1.8193327821615477e-18,-0.2666304786335847,4.8661166190851294e-17,7.488510761132197e-07,1.442499724761264e-69,7.051677450238557e-18,1.9464466476340517e-16
CKAP2L,0.09780309885360519,0.0024545449217993134,0.9100222213161596,0.0,0.12470069707259192,0.00010985212538493883,0.11405491469899084,0.0004073632810177764,0.004648759321589609,0.0,0.00013629295953466355,0.0005236031889688642
NARF,-0.015242923622359305,0.6376712526477588,0.47423787095962766,7.983268122801492e-55,0.15529782645346768,1.3843879755656964e-06,0.13796255194391124,1.845172980701075e-05,0.6871457463876711,1.2473856441877331e-54,2.0418701704508793e-06,2.745793126043266e-05
KIF4A,0.10337682380522639,0.0013628339984392262,0.9339284620445564,0.0,0.10274632093882931,0.0014587201620073012,0.09161535860394787,0.004562210302492981,0.0027256679968784524,0.0,0.0016805531820360613,0.005367306238227037
KIF20A,0.07208920389654357,0.025741007919763182,0.9051342081131091,0.0,0.13292686396414796,3.70586465812516e-05,0.11662646296401209,0.0002997483166187894,0.03984676148570152,0.0,4.81281124431839e-05,0.00039440567976156503
DLGAP5,0.05377980656542147,0.09636654800114047,0.9177018984327769,0.0,0.15096822818116126,2.7177665143912207e-06,0.1365521934770137,2.2487061021715167e-05,0.12917767828571108,0.0,3.927408257790782e-06,3.306920738487524e-05
NAT1,0.0912563317409141,0.004724227827174847,-0.49383118946597176,5.583054176835661e-60,-0.21724938052854534,1.0966476828049107e-11,-0.20698325897065392,1.0138006186522271e-10,0.008527487052662179,9.527396206204201e-60,2.4699272135245735e-11,2.3363175473840306e-10
TROAP,0.10716172564114478,0.0008991262142119127,0.8787745616793292,4.56027338401214e-309,0.14713826792355708,4.86019811219552e-06,0.13203741985193146,4.180961071702589e-05,0.001865407083427205,4.653340187767491e-308,6.8453494537965075e-06,5.9220411780489934e-05
NCAPG,0.12744444335514965,7.700797689066107e-05,0.9163199494932,0.0,0.11237167416509325,0.0004962776578212022,0.0999821766155827,0.0019568102045185464,0.00020054160648609655,0.0,0.0005993691519579736,0.002386353907949447
NLRP8,0.12057830201724135,0.00018481670770913327,-0.4427921894131281,3.21218430598683e-47,-0.21322408518189312,2.658589547352519e-11,-0.19632945454483075,9.051070982535118e-10,0.00044641716837954897,4.3407896026849054e-47,5.830240235422191e-11,1.967624126638069e-09
SRARP,0.11752719190767931,0.0002688144307767658,-0.47080155540284435,5.920289349656834e-54,-0.22765486454267866,1.0244415813428217e-12,-0.21116697952152247,4.152060330912133e-11,0.0006251498390157345,8.997400227441996e-54,2.4865086925796646e-12,9.839005523488468e-11
TMEM232,0.12271316071849324,0.00014145356203798846,-0.5393127018576075,2.5347529507706186e-73,-0.2601623421027987,2.863113497032549e-16,-0.2488162956474231,5.703920919774896e-15,0.0003484077882709075,5.583156279230437e-73,9.176645823822272e-16,1.876289776241742e-14
DKC1,0.08044154108435865,0.012800385700244797,0.6819569161508751,6.937296286009416e-132,0.073829734898173,0.022366455579654262,0.049960104808838925,0.12247178699607034,0.021122748680271943,2.731219010239927e-131,0.023895785875699,0.12864683507990582
LRP8,-0.06818541645008179,0.034940924712328965,0.6472515089840234,1.041356669041036e-114,0.19912514263978698,5.155318885705669e-10,0.19543597041564628,1.0816090066882282e-09,0.051826080002857454,3.692754145535589e-114,1.0228807312908073e-09,2.3310538937246296e-09
HASPIN,0.04617181900450383,0.15351105113783323,0.8676902731172841,3.814625760956193e-292,0.1694129666121103,1.3482386678276888e-07,0.1588002214382318,7.913316748631824e-07,0.1963056919921141,3.5266247376349624e-291,2.1908610758916075e-07,1.314504443294323e-06
NUDT12,0.303023489069661,8.9604502688049e-22,-0.4480289524710387,1.9719556134838097e-48,-0.40283228337653265,1.2179467224666217e-38,-0.4023266485555815,1.5378798010753695e-38,3.733520945335375e-20,2.716192305074118e-48,5.536121465757372e-37,7.689399005376848e-37
FMO5,0.13926986440140224,1.5334452692625728e-05,-0.5521728441666367,1.7694482705670857e-77,-0.2705435179330109,1.6264284096233936e-17,-0.25155582209244776,2.8074808218246852e-15,4.5368203232620494e-05,4.173227053224259e-77,5.85046190512012e-17,9.549254496002332e-15
ATP1A4,0.07040251129393091,0.02942187783374319,-0.43761245651608105,4.840113274226744e-46,-0.15705333386778317,1.0475444645192827e-06,-0.13408716659009684,3.162654972938888e-05,0.044714100051281444,6.436320843386628e-46,1.5776272056013293e-06,4.610284217112081e-05
GTPBP4,0.020267798815975978,0.5311590581419979,0.6773065708922855,1.906483238917863e-129,0.10602706684513963,0.0010199390146527355,0.08584345997209869,0.007883045393680552,0.5875653298030951,7.38946991828629e-129,0.0011953137629604038,0.009081849531890037
RAB6C,0.11049569973850935,0.0006164911636439162,-0.48186183544367245,8.6270599709138e-57,-0.22379293609173873,2.5038131498944115e-12,-0.199299346716667,4.976287343523505e-10,0.0013116833269019494,1.3914612856312582e-56,5.850030724052363e-12,1.100948527328209e-09
DNAL1,0.26052538194972646,2.595374230230914e-16,-0.42811224455008734,6.211443362001553e-44,-0.4043516933543256,6.028237141864784e-39,-0.3910260642284236,2.544556501618619e-36,3.816726809163108e-15,7.983860362469862e-44,3.014118570932392e-37,9.087701791495067e-35
GASK1B,0.07890010876373559,0.014629443796248896,-0.5262741850990645,2.742519918221422e-69,-0.2792205953656626,1.3419814767925511e-18,-0.2595675826235994,3.361622246107857e-16,0.02398269474794901,5.507068108878358e-69,5.242115143720903e-18,1.254336658995469e-15
YBX1,-0.2066793132938397,1.0809397588342673e-10,0.5106742329749369,1.095360219766247e-64,0.3403464795831064,2.2181733580607136e-27,0.32821299637160356,1.8005894913914986e-25,6.755873492714171e-10,2.0359855385989718e-64,2.4646370645119042e-26,1.957162490642933e-24
UBE2T,0.13001957934970915,5.481465530337802e-05,0.8435828792441196,4.075525480905212e-260,0.08511106920344531,0.008431433265916307,0.06238389916121109,0.05370244189289659,0.00014578365772175005,2.9110896292180085e-259,0.00932680671008441,0.057620645807828955
NEK5,0.0967015720480146,0.002747920980398053,-0.548436217763367,2.979077698298316e-76,-0.283834754416682,3.432868340984753e-19,-0.2653767764614346,6.886840118498382e-17,0.0051847565667887795,6.896013190505361e-76,1.4546052292308276e-18,2.6953261577567055e-16
ANLN,0.009101054991372641,0.7785702074578393,0.842686466240623,4.95274071030713e-259,0.13313944937653613,3.600142004893183e-05,0.12665246582785672,8.538607366820112e-05,0.8009981558208223,3.487845570638824e-258,4.6876849022046654e-05,0.0001160136870491863
KIF23,0.11344956531663646,0.00043747254678957526,0.9005547702964439,0.0,0.0795396254581019,0.013844382846029775,0.070104225861739,0.030117816101547817,0.0009725635346431649,0.0,0.01498309831821404,0.03280807854199109
RABEP1,0.2276102807482189,1.0351620368551396e-12,-0.4316201982182694,1.0531598694377937e-44,-0.34978794444241046,6.315269373147381e-29,-0.32871957589490897,1.5045232705719333e-25,8.087203412930777e-12,1.3713019133304605e-44,9.568589959314213e-28,1.671692522857704e-24
FAM174A,0.2708212428043978,1.50368620714972e-17,-0.4171090497857866,1.4205301046879573e-41,-0.347600890035578,1.4559519529405812e-28,-0.35185411802191147,2.851321896784022e-29,2.592562426120207e-16,1.7801129131428034e-41,2.1411058131479134e-27,5.280225734785226e-28
PVR,-0.030698881440299003,0.3427909749184712,0.4804727011277473,1.9853984075254598e-56,0.05598944167789652,0.08342482506707316,0.04317819613822654,0.18200330751964228,0.39583253454788825,3.19195885454254e-56,0.08618267052383591,0.18801994578475442
CLSPN,0.07729225003252209,0.01677871061074774,0.8737256341752674,3.6764563127983216e-301,0.1369790072624062,2.1184914018214037e-05,0.13277962731026616,3.780805951492577e-05,0.027150017169494726,3.5350541469214635e-300,2.79484353802296e-05,5.38576346366464e-05
DTWD2,0.14299129074231096,8.972876948519164e-06,-0.3484398268001871,1.0576353682172098e-28,-0.2837327265624206,3.538913119559805e-19,-0.26954114766111276,2.1572486801213005e-17,2.780911828051991e-05,1.1421548252885635e-28,1.4869382855293299e-18,8.841183115251232e-17
FAM72A,0.03737844330540017,0.24800437318486046,0.836190483499043,2.274968795539054e-251,0.14599578783916897,5.764260836966339e-06,0.13062177012981277,5.057930152533833e-05,0.299522189836788,1.4772524646357493e-250,8.05064362704796e-06,7.083935787862512e-05
SKA3,0.05518459985531347,0.08796569437337076,0.8742588159692155,5.580702206738665e-302,0.14498329232275448,6.697901961916335e-06,0.12765346696590818,7.492983822798923e-05,0.11919470782299561,5.4712766732732016e-301,9.225760278121674e-06,0.00010320914356472346
FAM72B,0.0379919974080768,0.24032048098193112,0.8190004233088026,1.286810699642778e-232,0.1673376198358359,1.922825878307903e-07,0.15922094257800617,7.393043750494639e-07,0.29165106915282907,7.39546379105045e-232,3.0913599329709056e-07,1.2321739584157733e-06
KIF13B,0.088980949887981,0.005877639246482673,-0.6008475102807574,5.664563171253675e-95,-0.24814292738724705,6.780714473789672e-15,-0.2282648016580977,8.882587817858919e-13,0.010384521636895183,1.6563050208344077e-94,2.0180697838659737e-14,2.453753540845005e-12
GIN1,0.29914268590070403,3.095502822122288e-21,-0.360739878835488,8.716148411963313e-31,-0.3601455378326046,1.1044525095029037e-30,-0.3754740591716099,2.093632803581012e-33,1.1905780085085723e-19,9.62047286088666e-31,2.0452824250053773e-29,5.815646676613923e-32
NXNL2,0.13585405684159205,2.478230597651314e-05,-0.5067520564416119,1.4432926946071877e-63,-0.22632013263648476,1.3977458354778035e-12,-0.21482072265273813,1.875056875058224e-11,7.040427834236688e-05,2.6337457930788095e-63,3.296570366692933e-12,4.5957276349466276e-11
TFF3,0.09473571435679318,0.003352087298572187,-0.34707260792918443,1.779676099266448e-28,-0.1969604460846335,7.97701708758451e-10,-0.1850719963507654,8.036455982521599e-09,0.006207569071429975,1.9177544173129826e-28,1.5641209975655902e-09,1.6334260127076422e-08
BORCS7,0.1465333137399192,5.320525213418496e-06,-0.5596724527997267,5.4868357097447124e-80,-0.2461041638673584,1.1410348159042985e-14,-0.23990664259656339,5.393222602489024e-14,1.7340182061907776e-05,1.3448126739570375e-79,3.316961674140403e-14,1.6244646393039229e-13
AGTR1,0.04860572201786936,0.13295222875548027,-0.48918150306601593,1.0016760464640292e-58,-0.20137515735583705,3.2577927237030537e-10,-0.18314068359299232,1.1535063280480687e-08,0.17221791289569982,1.6920203487568062e-58,6.648556578985824e-10,2.3014667117902266e-08
SPATA4,0.1987045032636156,5.613879674917473e-10,-0.5225821725007604,3.53892095530914e-68,-0.25780685557923366,5.393579015346502e-16,-0.2559243514203656,8.906077311694351e-16,3.0182148789878886e-09,6.993914931440988e-68,1.7177003233587587e-15,3.226839605686359e-15
UBE2S,0.0965498292591138,0.0027907511837051567,0.7051662677512652,9.0113351768019e-145,0.1325459983106531,3.902674750769657e-05,0.10833962975170564,0.0007878260394398591,0.005245772901701422,3.6631443808137805e-144,5.042215440270875e-05,0.0009833172894006465
YEATS2,-0.13145580571020726,4.522234832993381e-05,0.46944111052746457,1.3005087841503812e-53,0.19122566477540903,2.4761069157825055e-09,0.18793722433687984,4.667921272546639e-09,0.00012423722068663135,1.9468694373508699e-53,4.6543363078618525e-09,9.565412443743113e-09
CACNA1D,0.19715028653652333,7.678915877406154e-10,-0.5134606941798859,1.7182788441493394e-65,-0.35516153465555694,7.886159709747935e-30,-0.32881236209570464,1.4557721745501767e-25,4.0845297220245495e-09,3.217750644474418e-65,1.35968270857723e-28,1.6542865619888372e-24
SNRPA1,0.029750925485001464,0.3579083929667407,0.6078903484798875,9.263386630032522e-98,0.189145060525163,3.7030055019382966e-09,0.16173925891906496,4.902604712113379e-07,0.4123368582566137,2.756960306557298e-97,6.832113472210879e-09,8.394871082385922e-07
MTHFD1L,-0.29683269412141194,6.4170886480101175e-21,0.40916404822100355,6.342968255110263e-40,0.3441711412927235,5.3243508548675915e-28,0.3440619117944281,5.547352072902159e-28,2.139029549336706e-19,7.754239920672694e-40,6.655438568584489e-27,9.245586788170265e-27
PHGDH,-0.10167719228411864,0.0016356085027443429,0.4587881538925064,5.466361207267938e-51,0.18689928396764252,5.6888035833120455e-09,0.17125850427220415,9.79659109157269e-08,0.003207075495577143,7.742721256753454e-51,1.0419054181890192e-08,1.8008439506567445e-07
RBM5,0.07801663476421422,0.015778335458061395,-0.5358226614598323,3.1704734174144084e-72,-0.16398202338212256,3.382416989323794e-07,-0.1379672480730057,1.8439522733998225e-05,0.02569761475254299,6.803591024494438e-72,5.301594027153282e-07,2.745793126043266e-05
RAI2,-0.049017987352148504,0.1296911409323102,-0.5877127794871108,5.866037278967537e-90,-0.1272104974011238,7.939838725347327e-05,-0.10259748239834679,0.0014822430996523565,0.16843005315884443,1.6385578991529435e-89,9.999796883308975e-05,0.0018164743868288684
CPEB2,0.20260345528966212,2.5300298941424863e-10,-0.5115117869143608,6.288320044799404e-65,-0.30422712681867864,6.076873367667754e-22,-0.29219995685037764,2.7143047050448563e-20,1.4709476128735387e-09,1.173194038208844e-64,3.4139738020605365e-21,1.5248902837330654e-19
UTP4,-0.04456795872966889,0.1683234275898762,0.5345690140530361,7.800350804791459e-72,0.13553498179421647,2.590386654962612e-05,0.10735611245287748,0.0008798087775256073,0.2136295053888503,1.6596491074024383e-71,3.399457552444373e-05,0.0010915741656645252
KDM4B,0.23835044268127034,7.91193028073858e-14,-0.4469483088171206,3.521413290581997e-48,-0.3312780489316936,6.041263996659278e-26,-0.3162299262045071,1.1437012428904197e-23,7.395863848477437e-13,4.823853822715064e-48,5.8089076890954595e-25,9.223397120084029e-23
RHBDF2,-0.14612748411083898,5.65238228785561e-06,0.44360328207670435,2.0915950360925882e-47,0.3236560808067177,8.924994470897562e-25,0.3236463736477441,8.955219482455697e-25,1.811660989697311e-05,2.83413961530161e-47,6.761359447649668e-24,8.61078796389971e-24
AGR3,0.2100091078662691,5.325658916495577e-11,-0.41052919790265224,3.3262946208094983e-40,-0.28914100248564173,6.933159133336863e-20,-0.2826197925274539,4.927671004184759e-19,3.550439277663718e-10,4.096421946809727e-40,3.2703580817626717e-19,2.4638355020923795e-18
RFC4,0.11064208066512,0.0006062165019702049,0.7435649956178132,4.106922611405795e-169,0.11494496123009994,0.00036658668774751255,0.0955860384383232,0.0030773001027997243,0.0012953344059192411,1.8172223944273427e-168,0.00044596920650548974,0.0036634525033330053
DACH1,0.19196903335714233,2.1421319135375508e-09,-0.4408684782917941,8.845064756164488e-47,-0.29676070599003446,6.563847915705578e-21,-0.2997741422041012,2.533276236014962e-21,1.0818848048169447e-08,1.1856655169121297e-46,3.383426760672978e-20,1.5446806317164402e-20
ZNF442,0.14723742547617144,4.788476446203414e-06,-0.41739154317239097,1.238704506672266e-41,-0.21644609600930614,1.3104532226902714e-11,-0.20461784749760253,1.6655390378792716e-10,1.5751567257248073e-05,1.5561614405430474e-41,2.9121182726450476e-11,3.8026005431033597e-10
TNS2,-0.003998668625390049,0.9016800531932131,-0.6700216561377078,1.0274994485944351e-125,-0.15604357996846555,1.2302190440783966e-06,-0.1501042499584947,3.1024699940613236e-06,0.9126316327866529,3.9519209561324427e-125,1.8416452755664618e-06,4.956022354730549e-06
PJA2,0.10098053657354496,0.0017612577317686704,-0.4327289501900617,5.984246252180019e-45,-0.2566057216815406,7.431140518138351e-16,-0.25098487958700566,3.2567443491654192e-15,0.0034399565073606844,7.832783052591648e-45,2.3516267462463136e-15,1.0855814497218065e-14
PHYHD1,0.0686326342106833,0.033761573731187815,-0.5484928862132848,2.8549631835842327e-76,-0.2097595748937983,5.618111302882068e-11,-0.19431589570694113,1.350666842257331e-09,0.05024043709998186,6.639449264149379e-76,1.2107998497590663e-10,2.8860402612336133e-09
MLPH,0.26589407646519625,5.968684532536538e-17,-0.5063313404129783,1.899355879924503e-63,-0.329049249633873,1.3382843410817525e-25,-0.3169304709198845,9.018661963665135e-24,9.32606958208834e-16,3.45337432713546e-63,1.184715033318146e-24,7.392345871856668e-23
LBR,-0.27048067565168815,1.6555428069857783e-17,0.5101721168279719,1.5266136693593115e-64,0.3816544662693202,1.5176747853874065e-34,0.3670357586818351,6.881694318108291e-32,2.759238011642964e-16,2.8270623506653915e-64,5.058915951291355e-33,1.496020503936585e-30
ABLIM3,0.0837747474362653,0.009520405889356987,-0.5150548588657125,5.908631104075513e-66,-0.26741133674041373,3.915887805025216e-17,-0.2515011799606231,2.8476958856145562e-15,0.015920411186215698,1.1190589212264228e-65,1.3596832656337556e-16,9.620594208157285e-15
CCDC125,0.25270507909377593,2.0799835235497034e-15,-0.3672907187867809,6.201875739762309e-32,-0.31878522285076716,4.79359640236611e-24,-0.30880038984169494,1.3666681613793404e-22,2.5365652726215893e-14,6.921736316699005e-32,3.19573093491074e-23,9.234244333644192e-22
STK32B,0.09590282561302184,0.0029802869955421413,-0.4929678136621977,9.575390918451502e-60,-0.2384553607189858,7.710784839884602e-14,-0.2150281251582205,1.7915514541498818e-11,0.005581061789404759,1.6284678432740651e-59,2.0507406489054793e-13,4.412688310713994e-11
SMIM14,0.18647043693607246,6.171200046645369e-09,-0.4046896640444011,5.152697641941492e-39,-0.31908507685454857,4.326187657840824e-24,-0.29826639724668275,4.0848293836467976e-21,2.883738339553911e-08,6.193146204256601e-39,3.004296984611684e-23,2.4607405925583116e-20
EVL,0.15766824792696296,9.493885327591006e-07,-0.49535021608628754,2.1529784657276638e-60,-0.20486746798054586,1.580973149989392e-10,-0.19062684670484667,2.781473400411265e-09,3.439813524489495e-06,3.7424793127238403e-60,3.3074752091828286e-10,5.8680873426397996e-09
BTG2,-0.038846290892040905,0.2299029959241803,-0.5471354036955496,7.894883605964814e-76,-0.061909672270704916,0.05555181160136388,-0.05149835406836342,0.1113628197965238,0.2796873429734554,1.819097605061017e-75,0.05786647041808738,0.11747785771491816
CFAP20,-0.04128452083566595,0.2019453698580963,0.4825153666790993,5.820854188385828e-57,0.15524493681296692,1.395999320120021e-06,0.12236540654416951,0.00014779455621202203,0.25180220680560633,9.44943861750946e-57,2.05294017664709e-06,0.00019601400028119631
ZNF540,0.0315879902507785,0.32898810730083816,-0.634210221575419,8.063528570866131e-109,-0.10796362452336684,0.000821885175850107,-0.09611174476146798,0.002917840758217996,0.3816567370079329,2.742696792811609e-108,0.0009692042168043715,0.003490240141409086
DNAJB11,-0.03431708050925639,0.28889987576472087,0.5753638082994647,1.8986850621822194e-85,0.1985985874536572,5.735466328516741e-10,0.17451957572513638,5.5250171533669595e-08,0.3414892148519159,4.970379743932512e-85,1.1334913692720832e-09,1.0424560666730111e-07
RANBP1,0.03331496053270747,0.30322082148968615,0.62940269975122,1.0153320394584095e-106,0.14390323739639044,7.852413398777123e-06,0.11313662293662287,0.0004538391715004306,0.35669143269650494,3.3620266207232104e-106,1.0669039943990656e-05,0.0005792249801938202
RPIA,-0.06745167916460007,0.036951906126411395,0.4826232955002402,5.454204504043355e-57,0.2748636691817747,4.749515918776641e-18,0.24802828981025687,6.982949340320295e-15,0.05434103842119322,8.883069224826312e-57,1.78553230029197e-17,2.267191344259836e-14
C5AR2,0.20980782469651713,5.560365633614924e-11,-0.4540542503952483,7.483577104358222e-50,-0.2869857338169953,1.3332279181984678e-19,-0.27302195140511326,8.048643080227318e-18,3.658135285272977e-10,1.054024944275806e-49,6.060126900902126e-19,3.4395910599262043e-17
SIRT3,0.18797164505939407,4.637315347285083e-09,-0.5235375466747996,1.8313180811733154e-68,-0.24580580221946993,1.2308482051436677e-14,-0.24417258983633347,1.860170149987682e-14,2.251123954992759e-08,3.6480439864010267e-68,3.557364754750485e-14,5.813031718711506e-14
BPIFB2,0.03274755071248867,0.31153492953334416,-0.33998129072323463,2.539320446429072e-27,-0.1700167495677872,1.2149477881985315e-07,-0.15641960818864098,1.1588760597513374e-06,0.3639426746884862,2.6956692637251298e-27,1.991717685571363e-07,1.8935883329270219e-06
CDKN3,0.061118822621490154,0.058753642936897714,0.8422702495512047,1.5709362708140967e-258,0.1415393319705705,1.1077314414673622e-05,0.12552950224673493,9.874983560304246e-05,0.08345687917172971,1.0909279658431227e-257,1.4888863460582826e-05,0.00013308603181003028
RUNDC1,0.276633012843981,2.8505422448194343e-18,-0.4680946495371957,2.8239468944076023e-53,-0.41288019238192564,1.086757488917573e-40,-0.4130839194983252,9.859395016507858e-41,5.701084489638868e-17,4.202301926201789e-53,6.037541605097628e-39,6.162121885317411e-39
WBP1L,-0.040430918865561834,0.21143707102924908,-0.6013851691423846,3.4905507722680295e-95,-0.15111215153113383,2.6582958900935194e-06,-0.12798214123716412,7.176888124738149e-05,0.261679543353031,1.0266325800788322e-94,3.85260273926597e-06,9.967900173247429e-05
CFAP46,0.08643809778143954,0.007461504503672919,-0.4721748972093302,2.665423059045338e-54,-0.2006692354334005,3.7645422434954676e-10,-0.1884571882793211,4.225810242564488e-09,0.012954000874432152,4.113307189884781e-54,7.58980291027312e-10,8.695082803630634e-09
RAD51AP1,0.09869695925437016,0.002237829388836743,0.8646101190108643,1.0305104530823135e-287,0.14559673274280033,6.116333321962264e-06,0.1336718507641916,3.347775089904725e-05,0.004270666772589204,9.039565377915031e-287,8.497634320876122e-06,4.85184795638366e-05
SUV39H2,0.01830813754349598,0.5716133355913762,0.7266383117221488,7.177682192904291e-158,0.15313801781018596,1.9426989666711693e-06,0.13241910698573434,3.970416218967783e-05,0.6295301052768459,3.120731388219257e-157,2.8402031676479083e-06,5.6397957655792376e-05
THSD4,0.28223776691256736,5.518780360824026e-19,-0.4602722128343756,2.3864023494715095e-51,-0.4141118241164657,6.026554198155163e-41,-0.400370703942084,3.776719622370361e-38,1.2542682638236425e-17,3.3994335462557116e-51,3.7665963738469765e-39,1.6019549178303267e-36
CHEK1,0.07343041899134768,0.02310469087695505,0.8358056376495815,6.314412632051262e-251,0.12546953418424633,9.951623669152e-05,0.11565815674222157,0.0003366971385145764,0.036328130309677756,4.047700405161065e-250,0.00012439529586439997,0.00043840773244085464
VPS39,0.1387235479119937,1.6570727045486063e-05,-0.4307936931889889,1.6028585581678107e-44,-0.22741159851880527,1.08428810772185e-12,-0.2028982564600732,2.38051007384473e-10,4.845241826165515e-05,2.081634491127027e-44,2.6190534002943242e-12,5.410250167828933e-10
ZNF552,0.16800713326773511,1.7155753767211193e-07,-0.40840554806989227,9.067525251802856e-40,-0.26628619623647554,5.3540697915191436e-17,-0.2618265987054182,1.8231727654993088e-16,6.973883645207802e-07,1.100427821820735e-39,1.7966677152748804e-16,6.905957445073139e-16
SCAMP1,0.2545224185978635,1.2904508142819793e-15,-0.2736349263196513,6.755770855556632e-18,-0.37988962535815507,3.229534587716883e-34,-0.394638181599668,5.0788402081078184e-37,1.6544241208743325e-14,6.8796037225627614e-18,8.970929410324675e-33,1.9534000800414688e-35
TFF1,0.07079741910853878,0.028521788206806113,-0.3751390929793319,2.409746345493526e-33,-0.17165243359899693,9.146964001674759e-08,-0.1612035240580404,5.35314379729791e-07,0.043879674164317095,2.725957404404441e-33,1.514398013522311e-07,9.103986049826379e-07
ANKRD42,0.1665368721013161,2.202523987674152e-07,-0.5602874540323578,3.3943859499210036e-80,-0.3070352203384066,2.438605723813408e-22,-0.28517268570308535,2.30084250952299e-19,8.603609326852157e-07,8.401945420596543e-80,1.4177940254729118e-21,1.2238523986824414e-18
SPG11,0.12564762332668972,9.725647325530027e-05,-0.35775214126372523,2.8511044394281225e-30,-0.2364407350288157,1.2615848170405947e-13,-0.21632147744657304,1.347084472335317e-11,0.00024559715468510166,3.126211008144871e-30,3.251507260413904e-13,3.3846343526012986e-11
GNA14,-0.12916361527780604,6.141546316964178e-05,-0.38774949418034593,1.0788363866459504e-35,-0.02859870054411295,0.37683809543010105,-0.00046868189842675284,0.9884470980943535,0.0001624747702900576,1.2457694995911668e-35,0.38141507634625615,0.9884470980943535
INPP4B,0.10879393113756744,0.0007484206382227281,-0.4485396667785614,1.4982035584967207e-48,-0.3098433686234884,9.688725932705902e-23,-0.27120456313690905,1.3491417530061547e-17,0.0015789464941407766,2.0750741807433804e-48,5.9077597150645745e-22,5.668662827756953e-17
AR,0.10762506046735437,0.0008537147171771525,-0.38883840740269854,6.687368626365775e-36,-0.27210036003017457,1.0463918783028353e-17,-0.24235517418545227,2.934886780059168e-14,0.0017860140526718673,7.757968244043822e-36,3.8189484609592527e-17,9.002720184230577e-14
SH2D2A,-0.42525543788163617,2.5951426037285436e-43,0.3677239675012532,5.196001964773498e-32,0.7256549861020591,3.0413056167294056e-157,0.7243974503551381,1.909966229326273e-156,6.487856509321359e-41,5.812082734645971e-32,1.5206528083647027e-154,9.549831146631365e-154
AUNIP,0.03196901438763353,0.32318460236632873,0.8086145573046726,3.1482486849689794e-222,0.1317548032432809,4.3436257879213916e-05,0.12050179631729827,0.0001865812306704996,0.37579604926317295,1.6926068198757954e-221,5.554508680206383e-05,0.0002461493808317937
NLRP5,0.005184353147426353,0.8727459068848584,-0.39040628981401077,3.348272779025171e-36,-0.11154473620195907,0.0005462931034613672,-0.09822750616816332,0.0023493632255399454,0.8869368972407098,3.911533620356509e-36,0.000655027701992047,0.0028511689630339146
POP1,0.012470398077467727,0.7000242369503422,0.7071165989159909,6.5207783762437784e-146,0.11551954563157443,0.0003423217861820946,0.1090931873296301,0.000723470591535118,0.7322429256802743,2.6945365191089995e-145,0.00041746559290499344,0.0009066047512971404
TSPAN1,0.08481068312523496,0.008666031515194728,-0.3315874321070485,5.406960468149141e-26,-0.2204022219508903,5.414018358216897e-12,-0.21015418665111474,5.162518768956525e-11,0.01458927864510897,5.715603031870128e-26,1.2590740367946271e-11,1.2079189615897756e-10
SPC24,0.10495672072847748,0.0011474892563937355,0.7946073870411863,3.475937646198689e-209,0.1573393693150653,1.0007304056322992e-06,0.13307002059916634,3.634351718901352e-05,0.002336547993469993,1.7917204361848912e-208,1.5116773498977327e-06,5.215464580097658e-05
TUBB,0.013523073879186678,0.6760829121017602,0.7175355705765358,3.6161252982036907e-152,0.19135994942310036,2.4122441703476695e-09,0.16590282232977344,2.4514532460497695e-07,0.7139053235236436,1.5322564822896996e-151,4.551404094995602e-09,4.377595082231731e-07
LRIG1,0.1743033806562968,5.7407628450064214e-08,-0.49502106261818524,2.6478213601089633e-60,-0.29884699214574456,3.3995357061798036e-21,-0.2775393537671813,2.1914067316684903e-18,2.432526629240009e-07,4.581005813337307e-60,1.827707368913873e-20,1.0240218372282664e-17
NUP93,-0.17286911929062856,7.392833144686864e-08,0.6203936347434033,6.981955274805478e-103,0.2965415076611663,7.03143425740308e-21,0.28446292671691914,2.8456891526809534e-19,3.080347143619527e-07,2.209479517343506e-102,3.587466457858714e-20,1.4668500787015223e-18
FBXL5,0.1822374478122237,1.364115553698051e-08,-0.3957653347303609,3.0590983554757715e-37,-0.27725798307033134,2.3780612169245584e-18,-0.27863160767612005,1.594136935250136e-18,6.036167150666854e-08,3.6245241178622887e-37,9.076569530246406e-18,7.591128263095886e-18
POLI,0.29752993179909554,5.153211469155115e-21,-0.4355214903492903,1.427802015804528e-45,-0.37959760279997723,3.657737972571249e-34,-0.36795437903632633,4.7287770147939015e-32,1.840432667555398e-19,1.883643820322596e-45,9.62562624360855e-33,1.0747220488167958e-30
FYCO1,-0.017180552304725927,0.5955351382943387,-0.4621371100470628,8.373290957486358e-52,-0.23663728788385818,1.2026586702189885e-13,-0.19884963183580118,5.451348422829204e-10,0.650147530889016,1.2100131441454275e-51,3.1156960368367576e-13,1.2007375380681066e-09
DALRD3,0.1526902245090287,2.0828704235340936e-06,-0.3529344467750448,1.876946350356608e-29,-0.28139383521198114,7.083746467210959e-19,-0.26447794009102926,8.824104714641292e-17,7.232188970604492e-06,2.0401590764745737e-29,2.8795717346386013e-18,3.420195625829958e-16
HEPACAM2,0.07026938173668153,0.029730760931520574,-0.39029614430499593,3.5154409529315496e-36,-0.16530759630530267,2.709686406091468e-07,-0.1575776348777418,9.632758729971707e-07,0.04504660747200087,4.097250527892249e-36,4.287478490651057e-07,1.5895641468600177e-06
TMEM144,0.2285060239837512,8.39442418180313e-13,-0.4564339419343215,2.0187366181947913e-50,-0.31165778587124515,5.308082727197819e-23,-0.3073491353467943,2.2006159049853e-22,6.662241414129468e-12,2.85132290705479e-50,3.2765942760480364e-22,1.4477736217008554e-21
FYB2,0.08110299713369659,0.012079564971244917,-0.43445945368692934,2.4662544781413284e-45,-0.2325740269069062,3.2047871725965044e-13,-0.20969866611260476,5.6918441824228864e-11,0.020065722543596207,3.2450716817649057e-45,7.972107394518667e-13,1.323684693586718e-10
CTSV,0.011334891239331244,0.7261866926309832,0.6226082224318943,8.171683821975266e-104,0.1280843470788256,7.081189257440409e-05,0.10567660965438158,0.0010601828102284087,0.7540353499213042,2.6191294301202776e-103,8.96353070562077e-05,0.0013121074384014957
SPATA6L,0.1644308906040651,3.138348185666702e-07,-0.5292306927277826,3.457549112167237e-70,-0.2202781373503574,5.567663476752811e-12,-0.21849922174324746,8.300550110065916e-12,1.1798301449874818e-06,7.085141623293518e-70,1.2888109899890767e-11,2.1067386066157147e-11
SYT9,0.10494009658468256,0.0011495816127872365,-0.4468687008366003,3.6747858559122347e-48,-0.24190341329192508,3.285244374230848e-14,-0.22158325723387626,4.144583639946258e-12,0.002336547993469993,5.020199256710703e-48,9.07526070229516e-14,1.0793186562360046e-11
PTDSS1,-0.03091409287753758,0.3394165128014417,0.5988609244517693,3.362347257253799e-94,0.13912268750897294,1.565857434558623e-05,0.13305782161659163,3.640394276908165e-05,0.39284318611277974,9.774265282714533e-94,2.076733998088359e-05,5.215464580097658e-05
ERBB4,0.208218366336247,7.804511384392329e-11,-0.48705167146123385,3.7038118627872e-58,-0.3266703768383916,3.1051351444677323e-25,-0.3153343546711188,1.5481229314690725e-23,5.002891913072005e-10,6.152511399978737e-58,2.504141245538494e-24,1.1908637934377481e-22
MED30,0.015619545349194793,0.6293832824672531,0.5227203106816618,3.217798502734166e-68,0.16290551451242172,4.0445977154850484e-07,0.14183121761536369,1.061968348993729e-05,0.6811507386009232,6.384520838758266e-68,6.319683930445389e-07,1.628785811340075e-05
POLQ,0.0860573799147205,0.00772900467349762,0.859414434049767,1.7631788201807963e-280,0.11143113397771524,0.00055351928004379,0.10509971141670604,0.0011296366759100977,0.013371980403975123,1.4452285411318003e-279,0.0006621044019662559,0.001394613180135923
FRY,0.12700129251764553,8.159515609066774e-05,-0.5313449639793205,7.764638369946765e-71,-0.3116723808380517,5.2823624432683263e-23,-0.30004056195934437,2.327506271536612e-21,0.0002092183489504301,1.6109208236404078e-70,3.2765942760480364e-22,1.4367322663806247e-20
CHAD,0.08595072960102375,0.007805462156044503,-0.487782241424157,2.3675167196460497e-58,-0.20076056686125626,3.6948900896717564e-10,-0.17870771570008134,2.6059756100308664e-08,0.01344185447776742,3.97234348933901e-58,7.47953459447724e-10,5.011491557751666e-08
XBP1,0.25952289225289593,3.402356137931872e-16,-0.3988188728747996,7.670772947342029e-38,-0.3857537214632459,2.579923620862841e-35,-0.3821036380104305,1.2513736121545294e-34,4.8605087684741024e-15,9.131872556359558e-38,9.214012931653004e-34,4.1712453738484316e-33
TTC8,0.3132985360418137,3.0693870400700935e-23,-0.42376147946850984,5.45164297884412e-43,-0.43720262241706387,5.9868570023929566e-46,-0.42585498095959246,1.9245787403846128e-43,1.5346935200350467e-21,6.918328653355482e-43,4.98904750199413e-44,1.6038156169871772e-41
CDCA2,0.0332681498370564,0.3039011006574222,0.8178034854259397,2.1902419357060386e-231,0.1834039674048662,1.0983017775946113e-08,0.1659628040836005,2.426788474206661e-07,0.35669143269650494,1.244455645287522e-230,1.9612531742760913e-08,4.349083287108711e-07
MCM5,-0.032230331313319434,0.31924315632835637,0.6128088112196903,9.527673933510415e-100,0.2661393566314093,5.576560949714134e-17,0.25337192337483605,1.7465404966127106e-15,0.37207827077897015,2.90477863826537e-99,1.8588536499047112e-16,6.149790481030672e-15
LZTFL1,0.24119783658318175,3.916167425543737e-14,-0.48246422952992235,6.00303230838106e-57,-0.3687513792312088,3.411512506179281e-32,-0.363480761574678,2.9061882187006246e-31,3.8393798289644487e-13,9.713644511943462e-57,7.41633153517235e-31,6.0545587889596345e-30
PDSS1,-0.060678485766129164,0.060601731720972614,0.7008537015040126,2.7773884589826168e-142,0.2295208998144796,6.613090771167986e-13,0.20698250594703818,1.0139618155646693e-10,0.0855956662725602,1.1199147012026681e-141,1.6129489685775576e-12,2.3363175473840306e-10
RBM17,-0.013663937306468405,0.6729032338730232,0.5375833949694572,8.896059870215106e-73,0.22009225004798127,5.805849600823275e-12,0.19160637982418072,2.2991889874263488e-09,0.7139053235236436,1.925554084462144e-72,1.3377533642449942e-11,4.891891462609253e-09
SCN7A,-0.2427989900158967,2.6265108449590856e-14,-0.5866002827453346,1.5227361073935295e-89,0.009074401817343574,0.7792018707690083,0.043875252695033506,0.1750424145036907,2.6265108449590854e-13,4.229822520537582e-89,0.7792018707690083,0.18120332764357217
IL12RB2,-0.31851838391058845,5.251329645686472e-24,0.4199965119946119,3.4815644255239496e-42,0.6030958197358945,7.433775354187498e-96,0.6041984653707303,2.7295692537383475e-96,2.9174053587147067e-22,4.384841845748047e-42,1.2389625590312495e-93,4.549282089563912e-94
NUP85,0.0657201832325577,0.04209074033102298,0.5664019784093617,2.71153548288227e-82,0.08909476950070343,0.0058144079688208635,0.07867507219921971,0.014914871989289535,0.06171662805135334,6.917182354291505e-82,0.0064892946080589995,0.016758283134033186
DCAF13,0.08867906643139958,0.0060483554389012244,0.5712705909858034,5.387768413787812e-84,0.01921790200555928,0.5526514805616968,0.006878733816256049,0.8317006774868152,0.010585613573595434,1.403064691090576e-83,0.5548709644193742,0.8367210035078624
TGFB3,-0.17986602769281437,2.1102380855647148e-08,-0.5359040975410383,2.989983114337467e-72,-0.026324938890764444,0.4159603443413238,0.004267521743693816,0.8951063996843829,9.095853817089287e-08,6.443929125727299e-72,0.42016196398113514,0.896900200084552
TTC6,0.21929066315544357,6.952328667082443e-12,-0.4734690487128002,1.2523544920402766e-54,-0.30862963263638943,1.4456569351266463e-22,-0.2925373062399925,2.4458988252265334e-20,5.1883049754346586e-11,1.9446498323606778e-54,8.50386432427439e-22,1.389715241605985e-19
C1QTNF7,-0.18434385380313126,9.213747618770053e-09,-0.5798700111466663,4.518647270792878e-87,-0.08367503947692077,0.009606469865477143,-0.054937207551298904,0.08940078276212973,4.226489733380758e-08,1.2146901265572254e-86,0.010556560291733123,0.094905289556401
ASPM,0.09937150021476791,0.0020860370798395627,0.8388139259203844,2.012100432926244e-254,0.10366454424450494,0.0013210364960503907,0.08894350759331214,0.005898574785062914,0.004011609768922236,1.3237502848198974e-253,0.0015289774259842485,0.006874795786786614
UBE2E3,-0.25142625087315235,2.903763681338059e-15,0.22706183958630907,1.1763777771136892e-12,0.27000496913438343,1.89323247297048e-17,0.2604196904558145,2.6706696608007973e-16,3.456861525402451e-14,1.1834786490077356e-12,6.761544546323142e-17,1.0040111506769915e-15
CFAP61,0.23684987814510558,1.1419635012148094e-13,-0.4302053626836929,2.1598611348148973e-44,-0.3336981573019234,2.5282018514361553e-26,-0.31380339659653583,2.5915109747690945e-23,1.0196102689417941e-12,2.790518262034751e-44,2.5797978075879134e-25,1.9339634140067868e-22
ABCG2,-0.1195454380059259,0.0002100152057371263,-0.5554533436288547,1.4401634058433648e-78,-0.07791613392527742,0.015913921077590234,-0.06705135859288527,0.03808999168556114,0.0005048442445603998,3.4619312640465504e-78,0.017111743094183045,0.041133900308381356
STMN1,0.08969072382187887,0.00549322075845599,0.7795484207739335,2.9832040814649315e-196,0.16705200482406093,2.018411668274003e-07,0.142306238603501,9.913231830369898e-06,0.009809322782957123,1.4481573210994814e-195,3.2346340837724406e-07,1.5298197269089347e-05
FOXK2,0.16548912590335152,2.6282725739495053e-07,0.5180856693882947,7.643071857659874e-67,-0.03493412097595475,0.2803120116325014,-0.046685697992239136,0.14898078832845182,1.0187102999804284e-06,1.4812154762906732e-66,0.2860326649311239,0.15518832117547066
LAPTM4B,0.011213527133566884,0.7290025624191516,0.5690462961383387,3.25408526381412e-83,0.08122721983763222,0.011948273258699035,0.06868227083115926,0.03363279784852581,0.7546610377009851,8.430272704181658e-83,0.013015548212090451,0.03647808877280457
SYTL5,0.1332645735511802,3.5392589305372136e-05,-0.359753441480627,1.2908079420643755e-30,-0.32821333820688164,1.8003714462526942e-25,-0.3161328423406133,1.1819215477408973e-23,9.886198129992217e-05,1.4215946498506338e-30,1.5257385137734697e-24,9.380329743975376e-23
LINC00634,0.06317795642016712,0.050720833672511144,0.5600795710464145,3.9930788933575154e-80,0.15630969327915886,1.1793081360683293e-06,0.14278529582355545,9.246300370262668e-06,0.07245833381787306,9.835169688072698e-80,1.7707329370395333e-06,1.4313158467898868e-05
SREK1,0.2101491312897899,5.1681205119599034e-11,-0.39596233939957287,2.799137404562798e-37,-0.2932752608822934,1.9467370591143883e-20,-0.2814739158506788,6.91816711279225e-19,3.491973318891827e-10,3.324391216820425e-37,9.637312173833604e-20,3.424835204352599e-18
UGCG,0.1877990883879747,4.7927339827104204e-09,-0.40887613306436604,7.2652369059317424e-40,-0.2264097074437534,1.3689854324678278e-12,-0.21624829724246308,1.3690602434893742e-11,2.3041990301492407e-08,8.860045007233832e-40,3.244041309165469e-12,3.419846473967591e-11
HMGA1,-0.07476490380769266,0.020717217347471888,0.576067885380167,1.0628153980578149e-85,0.23686412597959128,1.1380049363661495e-13,0.23111833673020002,4.532702249533547e-13,0.03278040719536691,2.8116809472428967e-85,2.9635545217868474e-13,1.302500646417686e-12
MCM6,0.041704331368727414,0.19739268820648181,0.8437171091264571,2.8001193320233064e-260,0.1430807576206195,8.85654298211563e-06,0.133386304209109,3.480964871419503e-05,0.24674086025810227,2.0290719797270335e-259,1.1968301327183282e-05,5.0302960569646e-05
FUT8,0.1000305197700112,0.001946900328625452,-0.33486932808579006,1.6539157981954208e-26,-0.24298982248878462,2.5039131060705843e-14,-0.22929371943528482,6.976461307627446e-13,0.003773062652374907,1.752029447240912e-26,6.994170687348001e-14,1.9487322088344824e-12
COLGALT1,-0.18467565036916117,8.657880600416165e-09,0.4753853283452683,4.068196841451315e-55,0.2413098678761193,3.808584619144101e-14,0.2439627837656542,1.9610887808152387e-14,4.0082780557482243e-08,6.3764840775098985e-55,1.0463144558088191e-13,6.052743150664317e-14
LFNG,0.1066981237947318,0.0009467924018587648,-0.2684780699944487,2.906917279568796e-17,-0.19146431849623974,2.3637176670251123e-09,-0.1789382772281907,2.4990636149495943e-08,0.0019561826484685223,2.954184227204061e-17,4.476738005729379e-09,4.824447133107325e-08
CCDC170,0.2441155047252808,1.887112052005796e-14,-0.4953482308422097,2.1556680841289318e-60,-0.3302770204109652,8.642144891236777e-26,-0.30853314860614367,1.4922660411686796e-22,2.0075660127721233e-13,3.7424793127238403e-60,8.001986010404424e-25,9.948440274457864e-22
LRRC17,-0.12730060847227154,7.846947568988726e-05,-0.5418475897179034,3.971150858756535e-74,-0.15769827406165793,9.448293332858248e-07,-0.1260728567051646,9.205479870554645e-05,0.00020328879712406024,8.864176024010122e-74,1.4359108408599161e-06,0.00012473549960101144
EFCAB6,0.15769204695842165,9.457731299819652e-07,-0.5387426542888568,3.837299567538682e-73,-0.29347232031685916,1.8314143557843136e-20,-0.2848035261439804,2.569965536152476e-19,3.439813524489495e-06,8.415130630567285e-73,9.157071778921568e-20,1.3385237167460812e-18
SKP2,0.007225785796499069,0.8233460276235586,0.6541432495718239,6.12594488313192e-118,0.14263366696295635,9.452621039536444e-06,0.1266849690653791,8.50259406591886e-05,0.8418671039095691,2.2035772960906185e-117,1.2739381454900869e-05,0.00011583915621142861
MCCC2,0.16859653586329143,1.5511128030847974e-07,-0.32959683471588924,1.1014079455732043e-25,-0.3188114280725944,4.750830951983115e-24,-0.2958449334339445,8.746676871108128e-21,6.35701968477376e-07,1.1545156662192918e-25,3.19573093491074e-23,5.085277250644261e-20
MAP3K21,-0.07241837134057116,0.025071026721975146,0.3794277480549468,3.932227339816432e-34,0.13891467500363297,1.6127810228451758e-05,0.11526279196128943,0.0003529730318743153,0.03905144349217313,4.478618838059718e-34,2.1333082312766877e-05,0.0004572189532050716
PDCD5,-0.011888725374465212,0.7133840819516675,0.5143183606955188,9.68226921300108e-66,0.20319489299931465,2.2387690404202892e-10,0.17295650406896992,7.280222490717711e-08,0.7431084186996536,1.8268432477360527e-65,4.625555868636961e-10,1.344045146363401e-07
TRIM66,0.11156453276766046,0.0005450428680444003,-0.4711045396945992,4.966121181917104e-54,-0.23835267568047797,7.907596091016734e-14,-0.21014753266061942,5.16989315560424e-11,0.001174661353543966,7.616750279013963e-54,2.0919566378351148e-13,1.2079189615897756e-10
HENMT1,-0.0992910175868056,0.002103639145635558,0.4276657152373014,7.774020260470325e-44,0.20203426454606815,2.8450637015556077e-10,0.20044490552004368,3.941099969867289e-10,0.004029960049110264,9.966692641628622e-44,5.830048568761491e-10,8.836547017639661e-10
SLC7A8,0.18873817790318625,4.0041149483693285e-09,-0.47911048140690216,4.479249987935387e-56,-0.3045403161861276,5.491203831076705e-22,-0.2798158947622388,1.1271520690041925e-18,1.964780691588212e-08,7.155351418427135e-56,3.120002176748128e-21,5.419000331750926e-18
ACOT4,0.18222414472875867,1.3674803932732186e-08,-0.34667818966222336,2.0669583479888107e-28,-0.3215079098011335,1.8803223778444162e-24,-0.301535724576711,1.4444423744620613e-21,6.036167150666854e-08,2.217766467799153e-28,1.3430874127460115e-23,9.14204034469659e-21
CENPE,0.11740613375662963,0.00027279073024731875,0.8545109907082634,6.469900232838572e-274,0.07856326872929234,0.0150584923746443,0.0726522660986112,0.024604171052302795,0.0006314600237206453,5.054609556905134e-273,0.016261870814950646,0.027156921691283437
CKS2,0.1254312342618876,0.00010000864559305147,0.7596816725470508,1.1256162134692807e-180,0.10857617500641231,0.0007670746641126245,0.0811694697719754,0.012009151705560167,0.0002512780040026419,5.163377126005875e-180,0.0009067076407950643,0.013615818260272299
CDK1,0.13306634833679817,3.636169710406308e-05,0.8899687506152544,0.0,0.09177473947505052,0.004491910769786138,0.07604221412054,0.01863614676575624,0.000101004714177953,0.0,0.00503577440558984,0.020799270943924374
RAB27B,0.11823748404312018,0.00024655575965289487,-0.41409449088196554,6.076873057763342e-41,-0.26868216677698686,2.745421156299664e-17,-0.25143821349501005,2.894740064490667e-15,0.0005787693888565607,7.539544736679085e-41,9.599374672376449e-17,9.713892833861299e-15
MKI67,0.05540684967124581,0.08669232487511792,0.8756955850280173,3.3242083452044364e-304,0.1452868019139067,6.403854476322401e-06,0.14135214399103993,1.1380623956137654e-05,0.11810943443476557,3.324208345204436e-303,8.869604537842662e-06,1.7401565682167664e-05
IQGAP2,-0.11503500119743937,0.0003626810579552325,-0.4520043284345085,2.294502239254986e-49,-0.07148061611789819,0.027020494225510533,-0.04800802115278933,0.13779224104057394,0.0008131862285991761,3.213588570385135e-49,0.028562890301808176,0.14443631136328505
DEGS2,0.20774828417463564,8.62318848583922e-11,-0.4646878337862746,1.9778833771789732e-52,-0.28022354067377647,9.999877765266336e-19,-0.27512950020946375,4.399877885848734e-18,5.45771423154381e-10,2.8916423642967444e-52,4.032208776317071e-18,1.9468486220569618e-17
PEBP4,-0.06970070368800195,0.031081730697087976,-0.5975972988187761,1.0371003067720065e-93,-0.07288535750010468,0.024146419161244485,-0.06313102168837384,0.050893135076844814,0.04695125482943803,2.9973997305549325e-93,0.02574245113139071,0.054841740384531046
MAD2L1,0.14333316560934983,8.536042571303595e-06,0.8789748111957578,2.178471702467583e-309,0.06589196236010088,0.04155530470030106,0.04790328241351133,0.13865417774568978,2.6675133035323732e-05,2.2692413567370657e-308,0.04355901960199273,0.14503575078001024
GALNT10,-0.0396533560333692,0.22035982031573864,-0.47892002119747784,5.017454690894021e-56,-0.21079279175126425,4.5005915084159264e-11,-0.18313216695360515,1.1553362893186938e-08,0.2693885333933235,7.964213795069875e-56,9.783894583512884e-11,2.3014667117902266e-08
FAM47E,0.17669542979808384,3.7475798807886254e-08,-0.5765831589033993,6.944626722858362e-86,-0.2745239596917137,5.236415992215064e-18,-0.25909451949686296,3.8182859169892427e-16,1.6015298635848827e-07,1.8469751922495644e-85,1.953886564259352e-17,1.414179969255275e-15
SMIM31,0.008349228836943487,0.7964425629977852,-0.32397596469585743,7.9834984448705475e-25,-0.1035189662642829,0.0013420348950152303,-0.0935321277234718,0.003779231141859498,0.8160272161862553,8.333505683580948e-25,0.001549693874151536,0.004467176290614064
RAPGEF3,-0.08866752294260805,0.006054970964096588,-0.6137303341379368,4.0054137610696316e-100,-0.03131302208667554,0.33321787316581186,-0.023024518531076007,0.47681380111377825,0.010585613573595434,1.236238815144948e-99,0.3379491614257727,0.4816301021351295
PRKAB1,0.24310913296549366,2.430137581763495e-14,-0.4061585666745866,2.5995612021819782e-39,-0.2986273830767225,3.644248193453598e-21,-0.2978632147114855,4.639281095532368e-21,2.531393314336974e-13,3.139566669301906e-39,1.9384298901348923e-20,2.7614768425787904e-20
PRDX4,0.01276051210508553,0.6933950802893429,0.5004454340057084,8.503918962820946e-62,0.13183493864733242,4.29690372825832e-05,0.10371987094325297,0.0013131357781729974,0.7268292246219528,1.5024591807104147e-61,5.5088509336645124e-05,0.0016171622883903907
GPT2,-0.051251289559700375,0.113091532212172,0.4507696709141671,4.489064676542268e-49,0.10540765700152183,0.0010920565168468527,0.0898079102474712,0.005431977624148026,0.14998876951216444,6.252179215239928e-49,0.0012757669589332392,0.006360629536473098
LCMT2,0.28434524098428837,2.947584644516252e-19,-0.2672007913374573,4.152420798292799e-17,-0.37285582344241375,6.25679657354735e-33,-0.36871587759056207,3.461560173000441e-32,7.92860948913891e-18,4.211380119972413e-17,1.4219992212607616e-31,8.241809935715335e-31
IQUB,-0.023714605959445575,0.4637014926462911,-0.4871655437794907,3.454506662975273e-58,-0.15891544633651988,7.767427634673903e-07,-0.14856504739041343,3.920532468164564e-06,0.5198447226976358,5.7575111049587884e-58,1.1840590906515094e-06,6.183805154833696e-06
ZMYND10,0.20368664670795514,2.0217281144819475e-10,-0.441316732713227,6.989556957145823e-47,-0.2850454657860434,2.3902905596922096e-19,-0.2749013477452378,4.698341765549266e-18,1.2179085026999683e-09,9.394565802615353e-47,1.021491692176158e-18,2.0606762129602042e-17
TCF19,0.1017228185055343,0.0016276738923185251,0.8339687529153993,7.957336901083963e-249,0.14813172513411282,4.18577193826336e-06,0.13155548473786793,4.4619317497145356e-05,0.003204082465193947,5.036289177901242e-248,5.9456987759422725e-06,6.284410915090896e-05
NIP7,-0.10485127513483668,0.0011608206859273704,0.5273376050491903,1.3051984127716105e-69,0.19992043141736102,4.3859641041213255e-10,0.1786765946760573,2.6207416817861197e-08,0.002349839445197106,2.6421020501449605e-69,8.771928208242651e-10,5.020577934456168e-08
HAUS8,-0.04184347628136698,0.19590039098598844,0.6343447937412181,7.034011071978373e-109,0.24834231434935236,6.44259463748865e-15,0.22796479704959322,9.52865089333939e-13,0.24548921176189026,2.4089079013624564e-108,1.9405405534604365e-14,2.58930730797266e-12
SPC25,0.14944994803456418,3.4279679676140705e-06,0.8111490978818157,1.0531099092254552e-224,0.07067638689630472,0.028795098802094698,0.05149746413136302,0.11136900911374241,1.1503248213470036e-05,5.723423419703562e-224,0.030374576795458543,0.11747785771491816
TRIM3,0.12064691688481331,0.0001832475124480299,-0.3059948566022605,3.42418865662716e-22,-0.192674673890801,1.8658844721247268e-09,-0.17442496857632447,5.618444483314032e-08,0.00044477551565055807,3.537384975854504e-22,3.574491325909438e-09,1.0560985870891037e-07
GALNT7,0.13597968253559642,2.4353510379521556e-05,-0.34672667069173757,2.029309130968356e-28,-0.2925339022869436,2.4484716269844685e-20,-0.28054011180182686,9.110915194384472e-19,6.958145822720445e-05,2.182052828998232e-28,1.200231189698269e-19,4.4227743662060545e-18
FANK1,0.08935696226101907,0.005671073422905215,-0.5211117427077672,9.715026093270308e-68,-0.2429038408832074,2.55843904165579e-14,-0.22934259751361458,6.896665593408856e-13,0.010090877976699669,1.904907077111825e-67,7.106775115710527e-14,1.9372656161260833e-12
MAPT,0.20063921359369372,3.78771606649108e-10,-0.4672067114722106,4.7000707387923245e-53,-0.35170771653967625,3.017177635844219e-29,-0.33704230779667776,7.489514950418365e-27,2.1042867036061557e-09,6.932257726832337e-53,4.866415541684225e-28,9.854624934761007e-26
CENPO,0.09371775820887232,0.0037102844081831087,0.8413317904472738,2.0948941650933108e-257,0.10100746618807588,0.0017562405222385001,0.0818441378576489,0.011314786170643059,0.006770591985735599,1.4154690304684534e-256,0.0020094285151470255,0.012916422569227237
FBXO36,0.18922107367096017,3.6492463200364035e-09,-0.5006326356765776,7.544031855235441e-62,-0.3285132884982159,1.6187730833361158e-25,-0.3156962515223741,1.3700097435261557e-23,1.8246231600182017e-08,1.3375943005736598e-61,1.3954940373587205e-24,1.070320112129809e-22
BLM,0.05071590720528597,0.11691001554178952,0.8267270754077025,8.6564542563829e-241,0.1642421314303322,3.2388422641342306e-07,0.1553464443963665,1.3737962796198981e-06,0.15464287770077978,5.152651343085059e-240,5.108584012830017e-07,2.230188765616718e-06
RTL8A,-0.01292881014659482,0.6895601134659026,0.4001804764854136,4.120257049041851e-38,0.11029669705495748,0.000630719023810179,0.08909952039515173,0.00581178202267937,0.7243278502793095,4.916774521529655e-38,0.0007508559807264037,0.00678946497976562
TMEM9B,0.20575291750829575,1.3134648790898388e-10,-0.37372882425713044,4.3481684102041806e-33,-0.28564065565191177,1.9993310968775e-19,-0.29628916260186794,7.610558805824835e-21,8.008932189572187e-10,4.907639289169504e-33,8.69274389946739e-19,4.4767992975440205e-20
NT5DC2,-0.12163382355644244,0.00016201685441297444,0.46238069264974185,7.299252397396516e-52,0.16855317793901486,1.5626731401674124e-07,0.15751030567583468,9.737209590856283e-07,0.00039710013336513345,1.0578626662893502e-51,2.5285973141867513e-07,1.6015147353382044e-06
KARS1,-0.11533689150069266,0.000349867718401654,0.49405528929401127,4.852334250609931e-60,0.24399509532443797,1.9452034865085513e-14,0.213899082622819,2.2945133219875487e-11,0.0007915559239856425,8.308791525017005e-60,5.494925103131501e-14,5.5963739560671924e-11
PSRC1,0.14956630037651159,3.3677905810075142e-06,0.6604451262244198,5.7296127543091304e-121,0.06865780440931744,0.03369622034455998,0.05826976148237106,0.07158088977757912,1.1377670881782143e-05,2.1064752773195332e-120,0.035395189437563,0.07614988274210545
ACSM1,0.07098697188374924,0.028098230431182217,-0.44139495132989304,6.7079760812596935e-47,-0.19234957305888511,1.9885572441962456e-09,-0.17653535148773777,3.856782514720332e-08,0.04336146671478737,9.040399031347296e-47,3.794956572893599e-09,7.321804936927086e-08
CENPF,0.0891498230499283,0.005784043822802861,0.8284590023411913,1.1213204680933625e-242,0.08155440175299515,0.01160849849486497,0.07233360019577517,0.02524211103448926,0.010255396848941245,6.754942578875677e-242,0.012673033291337303,0.02775786662775352
FAM136A,0.041853458728969624,0.19579364974737137,0.6178432669789915,8.08520470717412e-102,0.15206371324597837,2.2953557584721335e-06,0.11558270377592601,0.0003397481185707453,0.24548921176189026,2.5425172035138743e-101,3.3362729047560084e-06,0.0004412313228191497
IQGAP3,0.11220297122722916,0.0005061213907333938,0.8219513448714257,1.084673716114532e-235,0.0846759447756029,0.008773140205491007,0.07301178695543488,0.02390123078807986,0.0010955008457432765,6.38043362420313e-235,0.009662048684461461,0.026439414588583916
FGF10,-0.05414985051630027,0.09409380009836707,-0.532878677167711,2.6103806457468665e-71,-0.1908601061487117,2.6584019372809715e-09,-0.15593434738444045,1.2517220477405404e-06,0.12681105134550819,5.507132164022925e-71,4.97828078142504e-09,2.038635256906418e-06
AGR2,0.13897966821372187,1.5979779451301877e-05,-0.29895761816056365,3.2824842145032753e-21,-0.23786071850665608,8.921019316363096e-14,-0.2298805712760264,6.075403331470213e-13,4.6999351327358456e-05,3.3840043448487374e-21,2.3476366622008147e-13,1.7162156303588175e-12
PIR,-0.035108035431648456,0.27792310317256996,0.5339649385085022,1.2020656754853444e-71,0.1721084899469567,8.44683484789443e-08,0.15404254977739384,1.6866477151116e-06,0.3324439033164713,2.54674931246895e-71,1.4078058079824052e-07,2.7292034225106795e-06
CIP2A,0.05221375361271397,0.10647443488347745,0.8171340337402224,1.0593344280016593e-230,0.14375842410941742,8.020945473181904e-06,0.13716971391592292,2.0626556670304767e-05,0.1415883442599434,5.951317011245277e-230,1.0868489801059491e-05,3.042264995620172e-05
CEBPB,-0.24297072749341728,2.515922901129688e-14,0.3432759331270121,7.448984847307056e-28,0.34252422387978076,9.86699100098329e-28,0.3216418932393786,1.7952459372090155e-24,2.567268266458865e-13,7.924451965220273e-28,1.203291585485767e-26,1.6622647566750143e-23
CERT1,0.013492126922284112,0.6767822467004141,-0.3954594154636384,3.511026408582407e-37,-0.18532883268004197,7.657124223862864e-09,-0.16881239605022408,1.4947769656240554e-07,0.7139053235236436,4.1501494191281406e-37,1.3821523869788562e-08,2.717776301134646e-07
ATP8B1,0.23889347961484786,6.923711369002727e-14,-0.2965002419670247,7.123069435330469e-21,-0.3627693459365572,3.868826551524001e-31,-0.35116681283083234,3.7171469677044784e-29,6.657414777887238e-13,7.328260735936697e-21,7.737653103048001e-30,6.637762442329426e-28
POU5F1,-0.14009710031762146,1.362824593909306e-05,0.4694524485625738,1.2920261906551072e-53,0.3069369038874642,2.5182457242464377e-22,0.2931578860410406,2.018803232833961e-20,4.080313155417083e-05,1.9399792652479086e-53,1.4472676576128954e-21,1.1602317430080237e-19
RAB6B,-0.24979201191518102,4.435601789825162e-15,0.22150579859674183,4.218048556948326e-12,0.1937346710063098,1.5149113142736104e-09,0.17652216672879337,3.865913006697502e-08,5.1576764997967e-14,4.226501560068463e-12,2.9245392167444216e-09,7.321804936927086e-08
ODC1,-0.1650024028459961,2.85207264103195e-07,0.39463570346740534,5.0844932334239674e-37,0.2868687139471118,1.3811865915370154e-19,0.2675296846701286,3.788811148239469e-17,1.0885773439053244e-06,5.995864662056565e-37,6.221561223139709e-19,1.5277464307417216e-16
WDR19,0.24881642279217137,5.703734399386272e-15,-0.5028835191033465,1.7768065070850565e-62,-0.32810786058351005,1.8689071003180888e-25,-0.3170916042823111,8.538328289326208e-24,6.481516362938946e-14,3.1728687626518864e-62,1.5574225835984073e-24,7.13877914636468e-23
ATP7B,0.035390542806806355,0.2740721248656782,-0.38486941160295474,3.789215754035192e-35,-0.21842856074541556,8.432669846116678e-12,-0.18885350347249308,3.916434116848994e-09,0.32862365091807944,4.355420406937002e-35,1.9252670881544927e-11,8.159237743435403e-09
NEK9,0.13102870347159243,4.789466510941548e-05,-0.46536964875062836,1.3420950678470017e-52,-0.24541402456921638,1.3593968599232843e-14,-0.21157347187069325,3.8033090193169094e-11,0.00013032351279720997,1.9736692174220612e-52,3.906312815871507e-14,9.098825405064377e-11
DYNLRB2,0.21874237919632328,7.86119375206485e-12,-0.5203399340831651,1.6473491580475815e-67,-0.31614410260995407,1.1774246192625466e-23,-0.312275619586776,4.3205166979065574e-23,5.696517211641195e-11,3.2174788243116824e-67,7.746214600411491e-23,3.176850513166586e-22
CALCOCO1,0.06368236035388308,0.048899728674795286,-0.6250841366977186,7.274407895316775e-105,-0.1613377056531454,5.236697112105588e-07,-0.14024544572001776,1.3342056366053711e-05,0.07005691787219956,2.3928973339857815e-104,8.056457095547059e-07,2.0154163694945183e-05
STIL,0.06371513537217789,0.04878331815694262,0.8496936795770602,1.069502589893517e-267,0.14021650223049703,1.339744111161459e-05,0.13454724756314024,2.968930910023746e-05,0.07005691787219956,8.10229234767816e-267,1.7911017528896512e-05,4.3405422661165875e-05
NHLRC4,0.13457130158963873,2.9591188755552697e-05,-0.5165855505064029,2.1087156374682313e-66,-0.19157476652365876,2.3133988360073047e-09,-0.17929726412281413,2.341010808466946e-08,8.359092868800198e-05,4.0708796090120296e-66,4.39809664640172e-09,4.536842652067725e-08
PRR15,0.2184503101453094,8.391785851122482e-12,-0.3451050685636216,3.7464674545299922e-28,-0.29696938937095935,6.1472755681016565e-21,-0.28332575152646783,3.995023888705858e-19,5.909708345860904e-11,4.0026361693696496e-28,3.201706025052946e-20,2.0382774942376827e-18
EFCAB12,0.13974770732532787,1.4325577500562268e-05,-0.5224202239251264,3.956210980164342e-68,-0.23119881441771323,4.4469291190461763e-13,-0.21622944426939306,1.3747782825349716e-11,4.263564732310198e-05,7.787816890087286e-68,1.089933607609357e-12,3.419846473967591e-11
COA7,0.016947121873611744,0.6005437807778393,0.55750688010295,2.952914705083333e-79,0.0979287085981797,0.00242297512623778,0.08622768000351812,0.0076083053841228265,0.654187125030326,7.167268701658576e-79,0.0027533808252702048,0.008785572037093334
SPEF1,0.10449920557336681,0.001206374739093739,-0.4780214449625033,8.561602508076572e-56,-0.20347885135913502,2.1108144542675733e-10,-0.18851601197926393,4.178434032805695e-09,0.0024224392351279898,1.3461639163642409e-55,4.3792831001401934e-10,8.633128166953916e-09
ALG3,0.03289317815814426,0.3093869068455021,0.5296594643745759,2.5561969179495705e-70,0.10530835372361551,0.0011040469858410523,0.08537913191930466,0.008226885199338358,0.36227975040456917,5.2596644402254536e-70,0.0012867680487657952,0.009456189884296964
NCS1,-0.20867282451209984,7.085425840877064e-11,0.4302309654866275,2.1320347070914262e-44,0.18196458330041704,1.4347671042703239e-08,0.16729687441255597,1.9361898143936623e-07,4.6009258706993924e-10,2.7617029884603965e-44,2.5349242124917384e-08,3.482355781283565e-07
BYSL,0.09251459255920681,0.004178238869077577,0.5618594935152207,9.900492515145078e-81,0.051956082896016,0.1082151738378314,0.024778981407682626,0.4438763525760987,0.007569273313546335,2.462809083369422e-80,0.11156203488436227,0.44926756333613227
FAM227B,0.22877951429204166,7.872720068082183e-13,-0.5099311629622788,1.789899425165555e-64,-0.24625016830077806,1.0994625892912059e-14,-0.2479011657325842,7.214146467917464e-15,6.3489677968404694e-12,3.3023974634050826e-64,3.214802892664344e-14,2.3271440219088592e-14
MS4A2,-0.20614511523872106,1.2096050747568242e-10,-0.43888767541697654,2.4929527460782774e-46,0.03784145213272788,0.24219015664225996,0.07977729619668404,0.013562229781440355,7.466697992326075e-10,3.332824526842617e-46,0.24865519162449687,0.0153072570896618
TENT2,0.04921367892785407,0.12816505173672374,-0.428155413340276,6.078037477803163e-44,-0.149423078487049,3.4420104936132397e-06,-0.13742830222556265,1.9891764343365517e-05,0.16688157778219237,7.83252252294222e-44,4.9454173758810914e-06,2.9425686898469697e-05
IGIP,0.027070747850442143,0.40287161743348743,-0.6372392522240005,3.665214673446284e-110,-0.24415702278449566,1.8674794837461142e-14,-0.2394104411078166,6.095994421232258e-14,0.4557371237935378,1.2815435921140853e-109,5.305339442460552e-14,1.8251480303090593e-13
EMC8,-0.06409476278796919,0.0474518011248159,0.4918432481944751,1.9289185815767706e-59,0.16579972655111155,2.4944127166817135e-07,0.14098340886342747,1.2001411189962468e-05,0.06897064116979056,3.2693535280962215e-59,3.959385264574148e-07,1.8239226732465755e-05
GPR19,-0.013712350123339654,0.6718117655752016,0.6304118061616444,3.705689262106632e-107,0.240208317548361,5.0055074230377014e-14,0.23771947865902318,9.234812549223278e-14,0.7139053235236436,1.235229754035544e-106,1.3528398440642436e-13,2.732193061900378e-13
CEP120,0.06401167157802017,0.04774059973706419,-0.36675991928572604,7.700539861172761e-32,-0.16201367441597336,4.686199868091784e-07,-0.14859482096644472,3.902910987494002e-06,0.06918927498125245,8.575211426695724e-32,7.254179362371182e-07,6.175492068819623e-06
CCDC96,0.18277984115864435,1.2335587139043669e-08,-0.4261887210260814,1.6291229829833765e-43,-0.2921770649324596,2.733536986207001e-20,-0.2883592762747532,8.794553749366215e-20,5.6070850632016676e-08,2.0779629884992045e-43,1.3269597020422335e-19,4.7796487768294645e-19
E2F2,0.029598244702052953,0.3603818450136643,0.8467077903359905,5.955030918990894e-264,0.20655817029390838,1.1088920314802444e-10,0.20022138072821982,4.1250414700076356e-10,0.4139806010867416,4.378699205140363e-263,2.339434665570136e-10,9.207681852695615e-10
IMPA2,-0.03439062061193127,0.28786716524025024,0.48333268482026776,3.5543873535779946e-57,0.17579271959791054,4.405007669715973e-08,0.1651530435612661,2.780913274559748e-07,0.34107484033205004,5.846031831542755e-57,7.594840809855126e-08,4.948244260782469e-07
EFCAB11,0.2709727185730952,1.4406350546776313e-17,-0.2868339653300807,1.3957527082654553e-19,-0.3190222199196433,4.420278398246548e-24,-0.3221281821990748,1.5172458159427356e-24,2.572562597638627e-16,1.427150008451386e-19,3.027587944004485e-23,1.4313639773044677e-23
TACC3,0.04004788865384564,0.21579931056802923,0.7757581927805626,3.7131734456510405e-193,0.20730030929555074,9.481068886704975e-11,0.20152583669206964,3.1585773928154023e-10,0.2651097181425421,1.7681778312624002e-192,2.017248699298931e-10,7.146102698677381e-10
SUOX,0.20148005336741143,3.18840780947524e-10,-0.38416451304194454,5.143467936737137e-35,-0.2712730745946015,1.3232181416751224e-17,-0.25541768316868174,1.018605755406379e-15,1.81159534629275e-09,5.898472404515065e-35,4.7942686292576893e-17,3.664049479879061e-15
FOXA1,0.3875151035918929,1.1955323314917364e-35,-0.32967026136409155,1.0729782356777639e-25,-0.4760440734043038,2.7594131174968536e-55,-0.47260761590560024,2.0712761449070925e-54,1.9925538858195607e-33,1.1294507743976463e-25,3.4492663968710668e-53,2.5890951811338655e-52
BBS4,0.2579547305252491,5.184327206290987e-16,-0.49407861933476027,4.7819593417300814e-60,-0.3451479909097179,3.6863291510511006e-28,-0.332060235098354,4.562736627674497e-26,7.005847576068901e-15,8.216424985790519e-60,4.7260630141680776e-27,5.564312960578655e-25
AARS1,0.009306845408102829,0.7736980509315754,0.5042607034571369,7.296367465903564e-63,0.07019876455385857,0.0298957318540177,0.06043659378228673,0.06163725219141071,0.7976268566304902,1.3122963068171877e-62,0.03146919142528179,0.06585176516176358
DEPDC1B,0.10276936653591966,0.001455108823820874,0.8817099161901144,7.908659056e-314,0.12971430092340683,5.708781457832096e-05,0.11636243919300074,0.0003094280536185051,0.0028986231550216612,8.413467081e-313,7.263080735155338e-05,0.0004060735611791405
CPA3,-0.18686231711079376,5.728900461032002e-09,-0.4373856086527834,5.444829283061732e-46,0.0320591727602222,0.32182117896606494,0.06780297907849493,0.03597712864318831,2.7023115382226427e-08,7.221258996103092e-46,0.32705404366470014,0.03893628641037696
WDR77,0.06815051211683196,0.03503443008193164,0.46085328693028377,1.7231449790707063e-51,0.08698793264595328,0.007089805631776531,0.07677501562934742,0.0175266249395038,0.051826080002857454,2.4757830159061874e-51,0.007877561813085033,0.01960472588311387
HPX,0.029560738633488293,0.3609910841476387,-0.40694676333883434,1.79823811930555e-39,-0.1465489105678759,5.308150486811835e-06,-0.13788985093664774,1.8641691417805605e-05,0.4139806010867416,2.1770437279728208e-39,7.434384435310693e-06,2.765829587211514e-05
GPN1,-0.0033463108818870694,0.9176578009530704,0.5461709721225454,1.6216534360445323e-75,0.16849212826078733,1.579091677298243e-07,0.13166476900151722,4.3966931330586984e-05,0.9231969828501714,3.6855759910103007e-75,2.546922060158456e-07,6.210018549517936e-05
E2F8,0.027438345663738338,0.3965120873643354,0.8168668746527019,1.9834858071523565e-230,0.18506769778144727,8.042957396093192e-09,0.17971460350198695,2.1694279478967702e-08,0.44956018975548234,1.101936559529087e-229,1.4465750712397826e-08,4.220676941433405e-08
DNALI1,0.2714957632247799,1.2423003578115996e-17,-0.4380379035943021,3.880255510904698e-46,-0.3097645886619452,9.944250850704977e-23,-0.30221209038835445,1.1629872285299238e-21,2.389039149637692e-16,5.173674014539598e-46,5.990512560665649e-22,7.55186512032418e-21
ALDH6A1,0.23747220638573804,9.810462505696188e-14,-0.4147401744041029,4.4567607938379036e-41,-0.34530790574302084,3.470571098636622e-28,-0.33819202425316547,4.912445785059394e-27,8.918602277905625e-13,5.557058346431301e-41,4.6899609441035436e-27,6.822841368138048e-26
TIGD6,0.2588843784799365,4.0402295551193663e-16,-0.4739988201899815,9.184078721760769e-55,-0.3729867674035189,5.924847005834612e-33,-0.37575303388422804,1.862015811009711e-33,5.611429937665787e-15,1.4305418569720823e-54,1.4106778585320504e-31,5.476517091205031e-32
SERPINA11,0.14643335173325034,5.400493583718002e-06,-0.5084958526588197,4.6056911069880615e-64,-0.2797220751792332,1.1586045478331274e-18,-0.27719836521719143,2.4195780357814066e-18,1.742094704425162e-05,8.46634394666923e-64,4.597637094575903e-18,1.120175016565466e-17
HAPLN3,-0.5101141435634452,1.5862055703350955e-64,0.2243009538016178,2.2281931190054675e-12,0.6689913281526586,3.3960107868582797e-125,0.6632553692842872,2.4184306948181142e-122,7.931027851675477e-62,2.2371416857484613e-12,8.490026967145699e-123,6.046076737045285e-120
CENPI,0.06786063772272999,0.03581924888013012,0.8656094771882994,3.8661724067980917e-289,0.10222874727073435,0.001542030329418995,0.09377616671493774,0.00368882769015106,0.052830750560663886,3.4519396489268676e-288,0.0017724486545045918,0.0043706489219799294
CDC7,0.1413926750181369,1.1314285684792285e-05,0.7247965391801335,1.0672505777427059e-156,0.0807734888808122,0.012434028758403659,0.07232493357852511,0.0252596586312557,3.428571419634026e-05,4.560899904883358e-156,0.013485931408246919,0.02775786662775352
SLC26A3,-0.004303328360266955,0.8942314343703851,-0.5055768518637477,3.104911403570805e-63,-0.13620514523043645,2.3601559645177057e-05,-0.114470611402128,0.0003878187359900722,0.9069284324243256,5.624839499222472e-63,3.105468374365402e-05,0.0004997664123583405
ARHGEF39,0.10455362292147778,0.0011992276346957347,0.7503455899199326,7.199738190071987e-174,0.1396596481123382,1.4506616832654522e-05,0.12685776744818011,8.313528819260821e-05,0.0024177976505962394,3.2141688348535656e-173,1.92907138732108e-05,0.00011357279807733363
OGN,-0.28048540917130327,9.258750911822868e-19,-0.5672934488396714,1.3296119754884175e-82,0.011136781153730207,0.7307850984416291,0.039702239128043555,0.21979105040741195,2.0127719373527974e-17,3.4268349883722097e-82,0.7322495976369029,0.22565816263594657
BCAS1,0.1283595763654492,6.829440056474436e-05,-0.2918082887308318,3.0625538626201384e-20,-0.2352778611960605,1.6727856798363352e-13,-0.210768311638084,4.5243634143421965e-11,0.0001787811533108491,3.1443058137783766e-20,4.267310407745753e-13,1.067066843005235e-10
ARHGEF38,-0.03985772918902,0.21798887182597718,-0.5534304894442654,6.786037975387506e-78,-0.1606372567771372,5.872611958504305e-07,-0.13401978874867163,3.192012654893523e-05,0.26714322527693285,1.6157233274732158e-77,9.007073555988198e-07,4.639553277461516e-05
EIF4B,0.15580350891344252,1.2779536092513636e-06,-0.3457232188041004,2.966906676630174e-28,-0.26984946291206713,1.9779935663696216e-17,-0.27038572525717053,1.7005092651760226e-17,4.564120033040584e-06,3.1765596109530767e-28,6.964766078766273e-17,7.026897789983565e-17
SEPSECS,0.24841715912142506,6.319997815930523e-15,-0.3536179183913531,1.4394652302955992e-29,-0.25475262640261254,1.2144016832035577e-15,-0.24757562677783734,7.841042502763299e-15,7.022219795478359e-14,1.568044913176034e-29,3.7950052600111176e-15,2.5131546483215702e-14
MAP3K1,0.016382839717187216,0.6127291945216933,-0.45015176711778065,6.2744598378539635e-49,-0.1558391545938041,1.270755213776589e-06,-0.1312848754330536,4.6274431283950994e-05,0.6660099940453188,8.71452755257495e-49,1.8878168962652418e-06,6.499217876959409e-05
SNAP23,0.012963659706469613,0.6887669950558921,-0.381699716142956,1.4884813848313562e-34,-0.12866529795268758,6.559720093289779e-05,-0.09655982119550083,0.0027879122932828212,0.7243278502793095,1.7030679460313e-34,8.324517884885506e-05,0.0033508561217341602
HNMT,-0.10174986970613652,0.0016229862808496125,-0.5348774388346983,6.252799052005094e-72,-0.0639990252862318,0.0477846832960894,-0.038923448413323104,0.228978154128538,0.003204082465193947,1.3360681735053618e-71,0.049983978343189746,0.23460876447596107
YARS1,0.03340359754688018,0.3019354695432418,0.5154872313345229,4.4189789227544214e-66,0.09057118867570775,0.005047913506830521,0.07464482135117134,0.020922888074596642,0.35605597823495494,8.401100613601561e-66,0.005646435689967026,0.023299429927167752
RBM38,-0.24495626233893592,1.526365638585309e-14,0.48729467065471616,3.191943991817403e-58,0.3813605816891108,1.7215961549818852e-34,0.3702121218236676,1.870751829188926e-32,1.6590930854188143e-13,5.337698982972246e-58,5.3799879843183913e-33,4.676879572972315e-31
AFF3,0.27850759737166647,1.6529024659295187e-18,-0.36896203416487305,3.1289651234059936e-32,-0.35060420835051703,4.616008887407319e-29,-0.33546177968396496,1.3334602995925652e-26,3.4435468040198304e-17,3.507808434311652e-32,7.212513886573936e-28,1.709564486657135e-25
TK1,0.1018615868512204,0.0016037583039918441,0.6985837460427582,5.44177650188387e-141,0.08497244440145972,0.008538983776855727,0.07438098925889851,0.02138101450655938,0.003182060126967945,2.176710600753548e-140,0.009424926906021773,0.02375668278506598
DIAPH3,0.09500639771030145,0.0032622849513191054,0.803542149155139,2.202961862825159e-217,0.07179522938454776,0.026352371733815983,0.05943251209308006,0.06609316551478596,0.006086352521117734,1.1473759702214369e-216,0.028034438014697856,0.07046179692407885
RBM43,-0.017330747745781593,0.5923225355038668,-0.5082008379153906,5.590106202981592e-64,-0.0964174312754366,0.0028286175439795154,-0.07738144608409782,0.016652602049802394,0.648055290485631,1.0238289749050534e-63,0.0031925705913990014,0.018668836378702234
SLC22A5,0.28357733195944806,3.706664031097134e-19,-0.3713266104662779,1.1804079890228276e-32,-0.3547351863756723,9.315182942358052e-30,-0.35660367071903815,4.4812687653499565e-30,8.825390550231271e-18,1.326301111261604e-32,1.5525304903930088e-28,8.617824548749917e-29
POLK,0.0852125006045929,0.008353506875596606,-0.40412406116096133,6.699628763382235e-39,-0.23211047957226286,3.579754109532665e-13,-0.2200166190942856,5.905587621426717e-12,0.014206644346252732,8.033128013647764e-39,8.86077749884323e-13,1.5142532362632607e-11
APPL2,0.11948782326204646,0.00021151161630476712,-0.46907839958877784,1.6031474139938643e-53,-0.29559825658877176,9.44825645181334e-21,-0.27047099491314747,1.6600732334940752e-17,0.0005060086514468113,2.3927573343192004e-53,4.77184669283502e-20,6.916971806225314e-17
HSPD1,0.1302453757416759,5.3188707008368435e-05,0.6127400259352286,1.016314582513982e-99,-0.02031266142943762,0.5302501946049715,-0.037395714101741806,0.24778575977149783,0.00014298039518378613,3.0797411591332782e-99,0.5334509000050015,0.2533596725679937
SNRPD1,0.14380647603649024,7.964644089029631e-06,0.5971846528091518,1.4965601743203273e-93,0.07154099492054079,0.026891151462450764,0.04091518218557518,0.2060134907774663,2.50460505944328e-05,4.300460271035423e-93,0.028487257415006382,0.21194803577928634
RALGPS2,0.154299589508056,1.6200092384294643e-06,-0.40925920302335417,6.064496136475281e-40,-0.28842467979861347,8.621543503761611e-20,-0.2764959642452338,2.965919555520894e-18,5.704257881793889e-06,7.450240953900836e-40,3.9914553258155607e-19,1.3605135575783917e-17
EPB41L4A,-0.022338184466117104,0.4900533263038851,-0.4091766716350707,6.305307683927557e-40,-0.1497232747742921,3.2882045128678102e-06,-0.12783215262425032,7.319541607862352e-05,0.5457163990020992,7.727092749911223e-40,4.738046848512695e-06,0.00010109864099257392
CYB5D2,0.20279637396325584,2.431182399587948e-10,-0.5494819348128539,1.3566589931441427e-76,-0.3147055873448658,1.9136260633980485e-23,-0.31982208160426556,3.360290911316761e-24,1.4301072938752633e-09,3.169764002673231e-76,1.226683373973108e-22,3.000259742247108e-23
CCNH,0.18272281522854664,1.246693288683893e-08,-0.4112657508238283,2.3451471042963305e-40,-0.23450406781988078,2.0165414961654628e-13,-0.2540041346199211,1.479224003658939e-15,5.61573553461213e-08,2.895243338637445e-40,5.09227650546834e-13,5.245475190279927e-15
DDX39A,-0.023560828897284336,0.46660591900307535,0.608909764468178,3.6111064481425274e-98,0.23706236286926527,1.0843046951259296e-13,0.22194398988440098,3.818622375050098e-12,0.521930558168988,1.0876826651031709e-97,2.838493966298245e-13,1.0049006250131835e-11
COMMD10,0.19325379079561492,1.665350820023161e-09,-0.2744316253050875,5.3770514827558845e-18,-0.27398524659702467,6.111193151268031e-18,-0.27413523520993843,5.854115977733993e-18,8.584282577438975e-09,5.486787227301923e-18,2.2467621879661876e-17,2.5452678164060837e-17
MTHFD2,0.01474947028654475,0.6485989188784731,0.6083276087565309,6.186758333774598e-98,0.14870459811827885,3.838592082805044e-06,0.1289387687472417,6.327011256238757e-05,0.6944313906621767,1.8523228544235323e-97,5.483702975435777e-06,8.811993393090192e-05
LMNB2,-0.015357002869242175,0.635155973463388,0.6478963710258527,5.234610759342525e-115,0.1713879832600933,9.578298007542585e-08,0.16774187029543358,1.7949704411155348e-07,0.6859135782541987,1.86950384262233e-114,1.5805772289674232e-07,3.2400188467789433e-07
TEX30,0.0025765121756075996,0.9365542510882192,0.5850758003155524,5.5939970578950366e-89,0.16692266274955647,2.063191484148956e-07,0.14908994083945262,3.620753471824045e-06,0.938431113314849,1.528414496692633e-88,3.295833041771495e-07,5.747227733054039e-06
C9orf152,0.11510751429933207,0.0003595639614412893,-0.34397868214788285,5.723459022417133e-28,-0.2167078744008088,1.2366482643324309e-11,-0.19546536571933645,1.0753024333678496e-09,0.0008098287419848858,6.101768680615281e-28,2.7603755900277474e-11,2.327494444519155e-09
GIPR,0.06375517492756197,0.048641420727383124,-0.47101597203826134,5.228011888451921e-54,-0.12312441369623861,0.0001342849697820527,-0.10805226261845181,0.0008137355150262562,0.07005691787219956,7.969530317762074e-54,0.00016619426953224344,0.0010121088495351445
PSMG1,0.04950564840355165,0.12591410450772356,0.5630765165916157,3.796833100643727e-81,0.12531847764693207,0.00010147168441764912,0.09636955266481502,0.002842425938996132,0.16524160696551649,9.492082751609316e-81,0.0001262085627085188,0.003408184579132053
FANCB,0.05952942936433999,0.06565182285204048,0.772205906558422,2.605132400207478e-190,0.10414883426878489,0.0012533408853107094,0.09797394478047704,0.0024116969895896416,0.0919493317255469,1.2288360378337162e-189,0.0014573731224543133,0.002919730011609736
RRM2,0.019907191454670382,0.5384930773859649,0.8389894214968635,1.2515301136996598e-254,0.1628117973006102,4.107818132653867e-07,0.1485058272664046,3.955808465953491e-06,0.5943632200728088,8.343534091331065e-254,6.378599584866253e-07,6.2198246320023435e-06
NFIL3,-0.30951502408028725,1.0798501310462552e-22,0.25599093951032487,8.750086558172896e-16,0.34050405319753124,2.0923462917849815e-27,0.3271550392655264,2.617406664122227e-25,4.908409686573887e-21,8.838471270881713e-16,2.3776662406647517e-26,2.6174066641222268e-24
KCNJ11,0.26317731021610435,1.261006475257445e-16,-0.41567924961826486,2.8355944351729467e-41,-0.3225668526835803,1.3032511069183618e-24,-0.30982192798744795,9.757619328325499e-23,1.9106158716021893e-15,3.544493043966183e-41,9.582728727340895e-24,6.776124533559374e-22
LRRC46,0.22991131708069049,6.031480838481007e-13,-0.3893022562586462,5.451835754393894e-36,-0.3215504487897527,1.8528878018848587e-24,-0.3151047720092304,1.672791994390572e-23,4.943836752853285e-12,6.339343900458016e-36,1.3426723202064191e-23,1.2672666624171001e-22
PSMB2,-0.053865978777716976,0.09583341394963635,0.5585356883494293,1.329464305582885e-79,0.26675175650973165,4.704881611398191e-17,0.24544413182250685,1.3490672145702688e-14,0.12880835208284455,3.2425958672753294e-79,1.5894870308777672e-16,4.269200046108446e-14
CENPM,0.13236728259772235,3.9984020734246116e-05,0.706806777617805,9.910644061252429e-146,0.09311768179133309,0.003937377758419523,0.07142412565538041,0.0271419925822301,0.00011045309595095612,4.06173936936575e-145,0.004424019953280363,0.029760956778761075
PPM1G,0.04628091387425725,0.1525406499628645,0.576003809916138,1.1205114563196832e-85,0.11446557270499143,0.0003880503071439077,0.08652543923251393,0.007401318103498049,0.1955649358498263,2.9487143587360085e-85,0.00047093483876687833,0.008566340397567186
CHRD,-0.0027065920946765967,0.9333583448745804,-0.5286436628996409,5.224604268167564e-70,-0.19923801403411476,5.038617573168976e-10,-0.18203774981318852,1.4154816746064005e-08,0.9371067719624301,1.0662457690137886e-69,1.0037086799141386e-09,2.7973946138466414e-08
ZNF396,0.36871758648235164,3.459134509688877e-32,-0.47881687065346207,5.335299887263719e-56,-0.402080711042686,1.72237619816036e-38,-0.4069484610648043,1.7968093230821082e-39,4.323918137111097e-30,8.441930201366644e-56,7.176567492334833e-37,9.982274017122823e-38
DNAJC16,0.17348835283557082,6.629780804285956e-08,-0.3916115469353184,1.9622980079257437e-36,-0.29889755425870584,3.34553399837172e-21,-0.2919339615266269,2.946261077069535e-20,2.7856221866747713e-07,2.3085858916773455e-36,1.8182249991150654e-20,1.636811709483075e-19
NCBP2L,0.10764175834832852,0.0008521185096931378,-0.36532600781925895,1.379016696405922e-31,-0.20527992509292314,1.450335646594434e-10,-0.18424942876856137,9.378171489411373e-09,0.0017860140526718673,1.5254609473516836e-31,3.0469236272992316e-10,1.8907603809297122e-08
DBF4,0.038954475154434155,0.22860700125098074,0.7920546643665582,6.438115483672884e-207,0.17353370351609176,6.576995571952177e-08,0.15976021701757245,6.774123247854336e-07,0.2787890259158302,3.2847527977922874e-206,1.1109789817486785e-07,1.1404247892010667e-06
SEPHS1,0.0374970378044484,0.24650591888743267,0.5382554890834986,5.465857091501681e-73,0.15589226329572037,1.2601024699575817e-06,0.12256183617716578,0.00014418073094676993,0.2984333158443495,1.1882298025003655e-72,1.8807499551605696e-06,0.00019224097459569323
CEBPG,0.09449102133112362,0.003435195126460902,0.5309204366474523,1.0488963916372902e-70,0.033950138171618675,0.29408999762900206,0.012943421721237282,0.6892275366458532,0.0063379983883042465,2.1671413050357236e-70,0.2994806493167027,0.6947858232317069
DNAAF1,0.14858740431098333,3.907293430141019e-06,-0.5270672558798069,1.5767628076994326e-69,-0.251535777972931,2.822167463997186e-15,-0.23378483442749481,2.3976826977488986e-13,1.2938057715698739e-05,3.1789572735875656e-69,8.764495229804926e-15,6.970007842293311e-13
CFAP43,0.18873292650585344,4.008152610839952e-09,-0.5317392060704985,5.870311062374479e-71,-0.28012504518483977,1.0293520635293064e-18,-0.2675769334791807,3.739219760630314e-17,1.964780691588212e-08,1.2280985486139078e-70,4.117408254117226e-18,1.5200080327765502e-16
SPEF2,0.23234307007271598,3.38652622050777e-13,-0.5453674548505522,2.948732798588364e-75,-0.3338599889226118,2.3844758756907866e-26,-0.3280550941650554,1.9041553033836636e-25,2.9194191556101465e-12,6.671341173276842e-75,2.4838290371779026e-25,1.983495107691316e-24
WDR62,0.11288683735472896,0.0004673102593663398,0.7675869692302775,1.0966939919675385e-186,0.12159196914278994,0.00016286821210299962,0.1163210228941359,0.00031097272864935083,0.0010203280772190825,5.0772869998497155e-186,0.00020107186679382667,0.00040703236734208225
DONSON,0.014458048544597658,0.6550883974247147,0.7706304853149577,4.587260963723529e-189,0.18057739057820682,1.8524909061170883e-08,0.1625335756116078,4.301160978549923e-07,0.6990987443866278,2.1435798895904343e-188,3.2614276516145924e-08,7.441454980190179e-07
NEK2,0.12589169348590715,9.423796212926772e-05,0.8331099226359966,7.48180969912992e-248,0.05600903398324382,0.08331669570609715,0.03404501914719993,0.2927420321156204,0.0002391826449981414,4.61840104884563e-247,0.08618267052383591,0.29871635930165347
AKR7A3,0.1998093558816732,4.486273801902356e-10,-0.28798224419602936,9.860797658277106e-20,-0.2743112647486178,5.565975324759924e-18,-0.25602753645804904,8.665501424194894e-16,2.438192283642585e-09,1.0103276289218347e-19,2.0614723425036753e-17,3.1625917606550705e-15
GP2,0.010430347497795164,0.7472601263815053,-0.44672125017295594,3.976608135510311e-48,-0.12075568238069727,0.00018078568784543514,-0.11012330870318691,0.000643363584875237,0.7719629404767617,5.4177222554636395e-48,0.0002226424727160531,0.0008082457096422575
NAV3,-0.03637104784022664,0.2609897310650418,-0.5467890949803472,1.0226238262096154e-75,-0.17446001840280184,5.583654874009657e-08,-0.1585100472107471,8.292481517928357e-07,0.3140621842864711,2.3454674913064573e-75,9.496011690492614e-08,1.3729274036305226e-06
DCTN4,0.3272323760005069,2.546931877585088e-25,-0.32212404741485756,1.5194198299674437e-24,-0.3894066937884779,5.20653950682343e-36,-0.40033173839280495,3.844691802792784e-38,1.81923705541792e-23,1.5827289895494206e-24,2.0025151949320884e-34,1.6019549178303267e-36
AIF1L,-0.15685240535228312,1.081680283473354e-06,0.470592401487876,6.683235808083453e-54,0.24519711269387237,1.4361497308453667e-14,0.22435699244996613,2.1996738720171207e-12,3.890936271486885e-06,1.0126114860732504e-53,4.103284945272476e-14,5.881480941222248e-12
MYO5C,0.23831168367175148,7.987532956355632e-14,-0.366401644340703,8.909795267773852e-32,-0.345153262075028,3.679009974901227e-28,-0.3272825603920147,2.5022081241920074e-25,7.395863848477437e-13,9.899772519748725e-32,4.7260630141680776e-27,2.5532735961142933e-24
FNIP1,0.21646981445029526,1.3035924533959704e-11,-0.3511420999648981,3.752712246192383e-29,-0.3382000473775076,4.897979086329851e-27,-0.33092722207479686,6.849973419028971e-26,9.05272537080535e-11,4.063970152558628e-29,5.323890311228099e-26,7.9650853709639205e-25
PNP,-0.1490052566958868,3.6675872635485893e-06,0.5314372025265776,7.273078595075412e-71,0.20120229667273912,3.375357875896998e-10,0.19085608078481156,2.660480179343083e-09,1.2225290878495297e-05,1.5152247073073774e-70,6.860483487595524e-10,5.636610549455684e-09
FAM241A,0.11708918077523792,0.00028346367783268226,-0.45185220397279363,2.4926736653271663e-49,-0.2349113166826029,1.827784363301494e-13,-0.22832886343078812,8.750297439193602e-13,0.0006531421148218485,3.481387800736266e-49,4.639046607364198e-13,2.4306381775537784e-12
XPO5,0.11920951974342354,0.00021888174202357324,0.6595988509023919,1.476252896277966e-120,0.04230322377077041,0.1910284202473834,0.026392177053979383,0.4147701536728745,0.0005211470048180315,5.387784292985277e-120,0.19653129655080598,0.42065938506376727
RHOB,0.03445987469800859,0.28689691813082224,-0.4217187180777886,1.4951971040936863e-42,-0.18450559988065532,8.938575640085107e-09,-0.17991749544674,2.0904787267250676e-08,0.34073268186558464,1.8926545621439065e-42,1.601895276000915e-08,4.098977895539348e-08
RAB30,0.13101869363730229,4.795905270937327e-05,-0.391469882656193,2.089731585470018e-36,-0.24994495397369057,4.2637294259992435e-15,-0.22385775148407944,2.4668723672812135e-12,0.00013032351279720997,2.4527366026643406e-36,1.307892461962958e-14,6.5608307640457805e-12
SYTL2,0.11250353327613752,0.0004887081610129902,-0.40367562875212837,8.246906515295764e-39,-0.3322217107442422,4.3054215000371486e-26,-0.30914077020734076,1.2217233678203327e-22,0.0010624090456804135,9.864720712076273e-39,4.221001470624656e-25,8.367968272742005e-22
FSIP1,0.19648880217940284,8.767245617282942e-10,-0.3309602866571964,6.769392048415302e-26,-0.2888246996346247,7.63414674547053e-20,-0.27529149612621373,4.199383177923083e-18,4.614339798569969e-09,7.140708911830488e-26,3.567358292275949e-19,1.8747246330013763e-17
REEP6,0.018239506504559848,0.5730562234781994,-0.4983339831698947,3.266426691425426e-61,-0.1857176256185096,7.115766406173672e-09,-0.17295298539498372,7.284724693289634e-08,0.629732113712307,5.730573142851625e-61,1.2937757102133949e-08,1.344045146363401e-07
TTC36,0.10580781422779467,0.0010449475623324207,-0.4987173929547758,2.5600485651993432e-61,-0.20455557433135615,1.6873141579067456e-10,-0.18645324895981935,6.191340046163555e-09,0.002141285988386108,4.5071277556326466e-61,3.515237828972387e-10,1.2635387849313378e-08
MCM3,0.1516133320288663,2.460783379431568e-06,0.7538805702902499,2.0718271933566218e-176,0.08080392472622593,0.012400906593675801,0.06045049049083147,0.06157736807592391,8.42734034051907e-06,9.332554925029827e-176,0.013479246297473695,0.06585176516176358
ZNF214,0.16233404812352967,4.445183506508917e-07,-0.4828965911448078,4.625286121370831e-57,-0.24987838839331547,4.337714285297975e-15,-0.2399272288905928,5.365852911191986e-14,1.646364261669969e-06,7.557657061063449e-57,1.3224738674688948e-14,1.6244646393039229e-13
CAPN9,0.05791775703688872,0.07331388219349307,-0.30739360481413747,2.1688133313728815e-22,-0.18940347084740264,3.523323955020878e-09,-0.17367288966295455,6.417517955427808e-08,0.10182483637985149,2.2451483761624035e-22,6.524673990779404e-09,1.1972981260126505e-07
ATP1A2,-0.13734653466074925,2.012137725437191e-05,-0.5246890492558949,8.254808595928418e-69,-0.06371272460935112,0.04879187279764518,-0.04431750997677351,0.17073001792198972,5.782004958152848e-05,1.6509617191856836e-68,0.05093097369274027,0.17710582771990635
RCC1,0.014825728517956428,0.6469051378689759,0.6214217858056362,2.5844578482523236e-103,0.1020642321477063,0.0015694138030361304,0.10050904670249725,0.001851259123734601,0.6941042251813045,8.230757478510585e-103,0.001799786471371709,0.0022631529630007348
MTHFR,-0.03634742682223684,0.26129973732634393,-0.4529966629553098,1.3352340833041421e-49,-0.0715406115630637,0.026891970999766025,-0.05029072325015725,0.1200139584880183,0.3140621842864711,1.875328768685593e-49,0.028487257415006382,0.12633048261896662
LRRC31,-0.08675238253359192,0.007246960579984287,-0.3730643818839731,5.736396640070574e-33,-0.03594094926697441,0.26667426068032335,-0.028524818374457923,0.37807256790539656,0.012625366864084126,6.459906126205601e-33,0.27267306818028975,0.3842200893347526
CELSR1,0.1956324957739057,1.0401203836180073e-09,-0.38123777038305534,1.8146598748910884e-34,-0.3203938045160003,2.7608675377994037e-24,-0.3106739125976168,7.359868430676145e-23,5.417293664677121e-09,2.0715295375469047e-34,1.9442729139432423e-23,5.257048879054389e-22
GMNN,0.07327155566369054,0.023404211762225204,0.6624747850042273,5.845784619132396e-122,0.11135553040669655,0.0005583775421098706,0.07946409034377552,0.013935132369623633,0.03668371749565079,2.1812629175867147e-121,0.0006663216492957884,0.015692716632459046
PNO1,0.08515827496329459,0.008395086249624163,0.5044862408757154,6.304297696554059e-63,0.03767731755134573,0.2442402177890989,0.005078856769952024,0.8753140302588612,0.0142289597451257,1.1379598730241983e-62,0.25024612478391284,0.8788293476494591
MCM7,0.09379826137685027,0.003680740489553564,0.7256226471605984,3.188867116999198e-157,0.10741061767131743,0.0008744616249664562,0.09668382364800289,0.002752899412587429,0.006741282947900299,1.3745116883617233e-156,0.001028778382313478,0.0033167462802258184
RAD51,0.07953087210412557,0.013854872557169861,0.8855720237104409,2.739e-320,0.1116541658813543,0.0005394153978539161,0.10303565999466749,0.0014139721597054406,0.02278761933745043,3.42387e-319,0.0006498980697035134,0.0017370665352646692
MRGBP,0.017363762397592252,0.5916174348630472,0.5414043874003649,5.497465677768977e-74,0.1319131024986446,4.251790042884001e-05,0.10833068930768623,0.0007886204660993185,0.648055290485631,1.2216590395042172e-73,5.479110880005156e-05,0.0009833172894006465
KIF15,0.11337071219658186,0.0004415438447279969,0.868795027218244,9.219842218838317e-294,0.09785194126339124,0.002442224855077013,0.09216777672844316,0.004322719299414795,0.0009725635346431649,8.697964357394639e-293,0.002768962420722237,0.005097546343649523
ASAH1,0.0430275123297967,0.18353464241632064,-0.4635404996226803,3.7909600519765305e-52,-0.13531127901499254,2.6718753436517962e-05,-0.12690618002100196,8.261274470148884e-05,0.23173565961656645,5.526180833785029e-52,3.4972190361934505e-05,0.00011316814342669704
SPA17,0.13806568544429831,1.8185406595696222e-05,-0.3573230410248087,3.37662931311303e-30,-0.2668802223385742,4.5398279343224206e-17,-0.2581195182105617,4.960545050515542e-16,5.2558978600278103e-05,3.694342793340295e-30,1.5441591613341567e-16,1.8237297979836548e-15
MSH3,0.21862466749143347,8.070966701901583e-12,-0.23236010005520613,3.37278718820199e-13,-0.3246129958349031,6.391529627668055e-25,-0.3313821167953867,5.820085745581722e-26,5.7649762156439875e-11,3.3999870848810383e-13,4.9165612520523496e-24,6.928673506644907e-25
RBL1,0.05614622176768568,0.08256273220568557,0.7155917564889207,5.581880503006193e-151,0.11742147791481679,0.00027228370435781834,0.11295495256649478,0.0004636002937248411,0.11309963315847338,2.345327942439577e-150,0.00033368101024242443,0.0005898222566473805
NLRP13,0.006558616106680613,0.8394238262855603,-0.3914463940944931,2.11164016381807e-36,-0.08216711559487629,0.010995157606882897,-0.0695782765521633,0.031379356442713634,0.8555428772462736,2.4726465618478572e-36,0.012029712917814985,0.03410799613338438
TRIM23,0.187278234671292,5.29317384961511e-09,-0.3659213658785941,1.0830785401328043e-31,-0.3231527598219676,1.0633308695701123e-24,-0.3186945724987724,4.944489908397773e-24,2.5205589760071955e-08,1.2007522617880315e-31,7.935304996791882e-24,4.3372718494717306e-23
SYTL4,0.16360006751130943,3.6044196232493093e-07,-0.3567940077064163,4.158236444156689e-30,-0.32519665759378175,5.2108157824928895e-25,-0.29187350057595346,3.001654799857567e-20,1.3449326952422795e-06,4.53955943685228e-30,4.07094983007257e-24,1.6492608790426192e-19
CHAF1B,0.12396731311363045,0.00012064683858659561,0.7385771177919791,1.0404840353556695e-165,0.09915098914854632,0.002134588743755235,0.08122214035106069,0.011953616927510421,0.000300116513897004,4.5635264708582e-165,0.0024367451412730993,0.01358365559944366
EZH2,0.07267542963634703,0.024558348340843902,0.7822410552363632,1.7306737141744558e-198,0.16940722994129234,1.3495704227492302e-07,0.1624723890199956,4.34484180154867e-07,0.0383724192825686,8.483694677325764e-198,2.1908610758916075e-07,7.491106554394259e-07
BOP1,0.00652883567903449,0.8401431054558407,0.4841309172356124,2.192727824180745e-57,0.13289682516754978,3.7210386961022196e-05,0.1222233178335516,0.00015046153019118293,0.8555428772462736,3.6183627461728465e-57,4.8199983110132375e-05,0.0001990231880835753
HPDL,-0.05755317860589209,0.07514474935874217,0.471053950198961,5.1140713714353466e-54,0.21447574810774064,2.0224539756235725e-11,0.21512070598893918,1.7554603724699353e-11,0.10379109027450577,7.819680996078512e-54,4.4547444396994984e-11,4.345198941757265e-11
RIPK2,-0.07059384283100842,0.028982785577847368,0.5526227963140397,1.256401861179505e-77,0.23190400049683127,3.7603193865495474e-13,0.23195396019089995,3.7158275917315803e-13,0.04418107557598684,2.9772555952120976e-77,9.26187041022056e-13,1.0739386103270464e-12
PHF5A,-0.014428197055196067,0.6557546222346569,0.4881337443327099,1.9081560504847245e-58,0.14750867339446258,4.59741462639368e-06,0.11313148868469747,0.0004541123844719551,0.6990987443866278,3.2123839233749574e-58,6.511918734268669e-06,0.0005792249801938202
CACNA2D2,0.284100191750992,3.1714437956555636e-19,-0.35114044331294353,3.7551084209641723e-29,-0.3472291975788565,1.6769223454774563e-28,-0.3439400041167116,5.8071718700447555e-28,7.92860948913891e-18,4.063970152558628e-29,2.39560335068208e-27,9.36640624200767e-27
MARCO,-0.32206403923681576,1.5513203720330395e-24,0.379185746293937,4.358940641433594e-34,0.4718683850707223,3.186063271430959e-54,0.4638963613573717,3.0990447524670795e-52,9.695752325206496e-23,4.95334163799272e-34,3.1860632714309587e-52,3.0990447524670796e-50
HHAT,0.26645115592280183,5.114539003274003e-17,-0.4605382766148187,2.0559990181312902e-51,-0.3753177999256779,2.2356226787896054e-33,-0.37637723569630954,1.4317819361905454e-33,8.249256456893552e-16,2.9455573325663185e-51,5.589056696974013e-32,4.474318550595454e-32
CHEK2,0.05010519776683572,0.12138836856836083,0.655490162376262,1.3992299230333782e-118,0.16996498768779003,1.2258565415561853e-07,0.14509751915959054,6.585753986541551e-06,0.15972153758994845,5.069673634178906e-118,2.0030335646342897e-07,1.0258183779659736e-05
IGBP1,0.1170146479051403,0.0002860295791370675,-0.46477690963434554,1.8802663725283147e-52,-0.23890346453569558,6.906725489442392e-14,-0.24176489951009372,3.400668261454228e-14,0.0006560311448097878,2.7569888160239215e-52,1.8467180453054522e-13,1.0367891041018987e-13
ASF1B,0.1424665823493592,9.685055985208737e-06,0.8082497515912004,7.10134131451519e-222,0.11791034084614496,0.00025658406513094596,0.09581740836708909,0.003006167113910249,2.9708760690824347e-05,3.7375480602711523e-221,0.00031521383922720634,0.00358731159177834
GLUL,0.1134319077498551,0.0004383811798982521,-0.4336801422387676,3.678589942435497e-45,-0.2357965164798944,1.4752787077207313e-13,-0.22810865194287347,9.213309140110084e-13,0.0009725635346431649,4.8275458562145627e-45,3.7827659172326445e-13,2.5311288846456276e-12
FCHO2,0.014882768141397862,0.6456394159740318,-0.405653561655205,3.2901971005908846e-39,-0.14501272870046003,6.668828098327291e-06,-0.1230034776821188,0.000136356737605702,0.6941042251813045,3.964092892278175e-39,9.21108853360123e-06,0.0001827838305706461
LAMP5,-0.20120596739866728,3.372818910060286e-10,-0.5197015211542542,2.5470855602762163e-67,-0.08534120691174911,0.0082555523833261,-0.05344156573708593,0.09848213042434381,1.8948420843035314e-09,4.9554193779692925e-67,0.009152497099031152,0.10432429070375404
ARHGAP11A,0.13009245532521158,5.4284809414759024e-05,0.86054820009694,4.9311908239595464e-282,0.0826625923799103,0.010520379099847304,0.0733396534377212,0.023275410632439708,0.00014514654923732359,4.109325686632955e-281,0.011535503398955376,0.025804224647937593
CDK16,0.07227257830953504,0.025365888485880735,0.5449810578963166,3.9287931139730933e-75,0.05737475868673666,0.07605424229116023,0.033145991098056014,0.30568114382999917,0.03938802559919369,8.848633139579039e-75,0.07889444221074712,0.31128426051934743
CYP4F22,-0.040514777457463076,0.210490578421907,-0.42167927910501696,1.524503581249404e-42,-0.07853514779533098,0.015094806800433581,-0.06253406661770006,0.05312763458989162,0.261154563798892,1.9248782591532878e-42,0.016265955603915496,0.05712648880633507
LAD1,-0.18218963750247796,1.3762461103520427e-08,0.40878671493283336,7.577892893893102e-40,0.18687687124657087,5.713081357204436e-09,0.1797192037917121,2.1676062822091127e-08,6.036167150666854e-08,9.218847802789663e-40,1.0425330943803715e-08,4.220676941433405e-08
SLC25A46,0.14056281045944458,1.274889630368134e-05,-0.3110263002670988,6.547818096612381e-23,-0.2649556171988294,7.735919113080387e-17,-0.2637186458422868,1.087149891662947e-16,3.8400290071329334e-05,6.792342423871765e-23,2.528078141529538e-16,4.181345737165181e-16
TMBIM6,0.2842019675285045,3.076502502213873e-19,-0.18973371962258234,3.3059901101499918e-09,-0.36023295702872105,1.0666868897929674e-30,-0.36287965705059155,3.7011178580975496e-31,7.92860948913891e-18,3.3059901101499918e-09,2.0452824250053773e-29,7.4022357161951e-30
NUDCD1,0.008474249027329921,0.7934629159417013,0.614687481918876,1.6234496505686612e-100,0.0985745837990556,0.002266427106771458,0.08861438150788678,0.006085510117098352,0.8146436508641697,5.041769101144911e-100,0.002581352057826262,0.007059756516355397
MTERF3,0.08381415003294103,0.009486584822460332,0.5803975247264888,2.9060484426267314e-87,0.05757911560470576,0.07501327708472023,0.04711872764529597,0.14524300049834232,0.01591708862828915,7.854184980072247e-87,0.07797637950594619,0.1516106477018187
BEND3,-0.012033833738313219,0.7100428200465688,0.584451598503471,9.511279028717641e-89,0.09677845817949174,0.0027264490931587326,0.08129694982444828,0.011875130110778724,0.7411720459776293,2.5845866925863156e-88,0.0030842184311750368,0.013525205137561188
TMCC2,-0.2867341543503539,1.4384402414775485e-19,0.32962019213931515,1.092284381576541e-25,0.3406734561283923,1.9649494284673936e-27,0.3411182740238698,1.66584045532677e-27,4.230706592581025e-18,1.1473575436728373e-25,2.284824916822551e-26,2.5240006898890454e-26
PAK1IP1,-0.07067961793633482,0.028787773437619107,0.5465682673822014,1.2058725959777985e-75,0.15583104932143121,1.272388588082773e-06,0.14118598590739576,1.1656474745361658e-05,0.04404437565440326,2.7531337807712293e-75,1.8878168962652418e-06,1.776901638012448e-05
FBXO38,0.16515627494985188,2.779405753084498e-07,-0.37779757514895007,7.857852326504759e-34,-0.332930169053254,3.3360479328444014e-26,-0.3170818971233374,8.566534975637616e-24,1.0690022127248068e-06,8.909129621887482e-34,3.3360479328444014e-25,7.13877914636468e-23
TTC12,0.05596049894623899,0.08358476677405377,-0.4591303004408145,4.517194726202794e-51,-0.18280920197049025,1.2268485985094234e-08,-0.16313295502704736,3.895042889469524e-07,0.11418683985526472,6.416469781538059e-51,2.1752634725344388e-08,6.762227238662369e-07
IFT88,0.2035349518457575,2.0863925872869027e-10,-0.4604056486190819,2.214584123117794e-51,-0.3305151127869187,7.9376153603289e-26,-0.3280781093050197,1.8887009252936139e-25,1.2419003495755372e-09,3.163691604453992e-51,7.488316377668774e-25,1.983495107691316e-24
BTD,0.11340002964557673,0.0004400260372247839,-0.5653544814858737,6.246960546325249e-82,-0.25646282518195307,7.719073179804837e-16,-0.24430112412186833,1.8008825160934207e-14,0.0009725635346431649,1.577515289476073e-81,2.427381503083282e-15,5.6631525663315116e-14
ESR1,0.33222570173009547,4.2992471098320283e-26,-0.3867854322734804,1.6450924177839784e-35,-0.38021308322945485,2.8130814135216326e-34,-0.37439943970661754,3.285269678221958e-33,3.5827059248600236e-24,1.8952677624239383e-35,8.273768863298919e-33,8.645446521636732e-32
SUSD3,0.06944968179961424,0.03169460130490313,-0.46330802069549853,4.323841599755891e-52,-0.14425880145639694,7.45283158216e-06,-0.12566219869916398,9.707368466190292e-05,0.047732833290516766,6.284653488017284e-52,1.0209358331726028e-05,0.00013118065494851746
ACTL6A,0.14555208295927954,6.156980570438931e-06,0.6243318934882871,1.5204449499367182e-104,-0.023772626956290316,0.46260825338469,-0.043067268913961135,0.18312969090946352,1.9608218377194047e-05,4.904661128828123e-104,0.4663389651055343,0.18879349578295207
ENO1,-0.15195978047272177,2.332557052996647e-06,0.4719631782952635,3.0150773863710675e-54,0.2344574077383828,2.0393525716545776e-13,0.22078555204530934,4.965113237568788e-12,8.043300182747058e-06,4.638580594417027e-54,5.124001436318033e-13,1.2862987662095305e-11
FAM151B,0.13077886841465117,4.952643488902251e-05,-0.3172695642997144,8.037195604282978e-24,-0.25063179365926186,3.5691991715651086e-15,-0.2298999582112967,6.047671389426699e-13,0.00013385522942979057,8.354673185325341e-24,1.1016046825818236e-14,1.7162156303588175e-12
LRBA,0.2532903052194847,1.7843415962410914e-15,-0.2565675091558772,7.507086077468746e-16,-0.35664774313756564,4.4043264279318556e-30,-0.33896283291755924,3.698882063070472e-27,2.230426995301364e-14,7.598265260595897e-16,7.864868621306885e-29,5.43953244569187e-26
MTBP,0.1130976053019167,0.00045591929384628503,0.6985506130036662,5.682120774299845e-141,0.07555467924904323,0.019407870761977343,0.07100784050926959,0.028051931698106297,0.0009998230128208006,2.254809831071367e-140,0.020823895667357664,0.030624379583085476
ETFBKMT,0.2312244402807664,4.419952601535704e-13,-0.47997440486421483,2.674791276423093e-56,-0.3290235236088922,1.3505751379826866e-25,-0.3204652459201248,2.6938274939634233e-24,3.7457225436743255e-12,4.286524481447264e-56,1.184715033318146e-24,2.448934085421294e-23
LIMA1,-0.056722033719557974,0.07945817448453092,-0.4113482274467578,2.2550152293112346e-40,-0.1943325854485333,1.3462163285858031e-09,-0.1619837451500829,4.7093475895082736e-07,0.109446521328555,2.7908604323158842e-40,2.619097915536582e-09,8.091662524928306e-07
IVD,0.23636950195258397,1.2836321955082305e-13,-0.3884630867412831,7.887375954941145e-36,-0.30114909486972125,1.6345313879223883e-21,-0.28313937133590683,4.222814154587007e-19,1.125993153954588e-12,9.128907355255955e-36,8.980941691881255e-21,2.132734421508589e-18
