gene,abs_weight,weight,rank
RPL36A,0.8798167618173743,-0.8798167618173743,1
RPLP2,0.6823556386052462,-0.6823556386052462,2
BAALC,0.6724936421260256,-0.6724936421260256,3
FUT6,0.6204523343102175,0.6204523343102175,4
FTHL17,0.6133095289599235,0.6133095289599235,5
LBX1,0.5441817628872284,0.5441817628872284,6
RAX2,0.5328319927759487,-0.5328319927759487,7
NPY,0.46530403662451475,-0.46530403662451475,8
UBOX5,0.42500684697946095,0.42500684697946095,9
CILP,0.41842865137204305,0.41842865137204305,10
MT1E,0.4147768649066696,-0.4147768649066696,11
CADPS2,0.4144772209946778,0.4144772209946778,12
NGEF,0.4081524205577847,0.4081524205577847,13
TTYH1,0.40801214464059427,0.40801214464059427,14
ITIH5,0.3996157870688914,0.3996157870688914,15
LPAR3,0.398623853699922,0.398623853699922,16
SFRP2,0.38191356819560174,-0.38191356819560174,17
CELSR1,0.37168593702080766,-0.37168593702080766,18
SCEL,0.36714827183813376,-0.36714827183813376,19
SPG7,0.36688802306606105,-0.36688802306606105,20
IMPA2,0.3614759994723366,0.3614759994723366,21
GJB1,0.36092901584606213,0.36092901584606213,22
MAGEA12,0.35980229813051734,-0.35980229813051734,23
GBP3,0.35912927886980717,-0.35912927886980717,24
SLC7A11,0.3561711961955364,0.3561711961955364,25
ATP11A,0.35412246925625157,0.35412246925625157,26
KLC3,0.35375487555663415,-0.35375487555663415,27
KLK13,0.35170004028380925,0.35170004028380925,28
BARX1,0.35152165502178656,0.35152165502178656,29
FGFBP1,0.3501641101650896,0.3501641101650896,30
DNALI1,0.3496458157780856,-0.3496458157780856,31
TOX2,0.34861563045250715,0.34861563045250715,32
IGF2BP3,0.3469296029039545,-0.3469296029039545,33
EIF4A2,0.34343404748336964,0.34343404748336964,34
ADAMTS1,0.3425502738839769,0.3425502738839769,35
MT1F,0.3423698550162622,-0.3423698550162622,36
WNT10A,0.3362638397070509,-0.3362638397070509,37
TFPI2,0.33340578118977104,-0.33340578118977104,38
SLC4A11,0.33302164643175264,-0.33302164643175264,39
OXTR,0.3318924683391196,-0.3318924683391196,40
PRKCA,0.3317652227325802,0.3317652227325802,41
SLC38A5,0.32509007352069635,-0.32509007352069635,42
SPOCK3,0.32233623208067347,-0.32233623208067347,43
CYP1B1,0.3208436109538819,0.3208436109538819,44
PASD1,0.31994656206786454,0.31994656206786454,45
VSTM2L,0.319021524389041,-0.319021524389041,46
DMBT1,0.31251546649654494,0.31251546649654494,47
RASIP1,0.310793120553723,-0.310793120553723,48
MT1G,0.30944234231014905,-0.30944234231014905,49
GDPD5,0.3086999731577603,-0.3086999731577603,50
ZNF275,0.30819221222832427,0.30819221222832427,51
CRTC1,0.30769866780487326,0.30769866780487326,52
B3GNT3,0.3065310489143331,0.3065310489143331,53
POSTN,0.30468501946105186,-0.30468501946105186,54
SLC35F3,0.302842111332376,0.302842111332376,55
PKP2,0.30181468855438587,0.30181468855438587,56
FOLR1,0.30168701984766955,0.30168701984766955,57
SLC15A3,0.3011934786713699,-0.3011934786713699,58
CLDN6,0.30061062859951926,-0.30061062859951926,59
PALMD,0.2987430422014701,0.2987430422014701,60
KIF1A,0.2987277410267066,0.2987277410267066,61
BBOX1,0.29768898432023694,0.29768898432023694,62
SLC44A4,0.2971899818594991,-0.2971899818594991,63
CDH3,0.29716940912614637,0.29716940912614637,64
RPS6KA2,0.29681646469356765,-0.29681646469356765,65
IRX3,0.2963007587652434,-0.2963007587652434,66
TIAM1,0.29397714841513745,-0.29397714841513745,67
FZD5,0.29345348489203105,0.29345348489203105,68
ATF7IP2,0.2928230420347032,-0.2928230420347032,69
ALDH3B2,0.29140456067903864,-0.29140456067903864,70
ASPHD1,0.2910923110428552,-0.2910923110428552,71
RBMS3,0.2909034308870511,-0.2909034308870511,72
HLA-DQA1,0.2904091238167851,0.2904091238167851,73
PAX8,0.2891650194899099,-0.2891650194899099,74
SST,0.28721327428246873,0.28721327428246873,75
CXCL9,0.2844469852895814,0.2844469852895814,76
MLC1,0.2843529974695773,-0.2843529974695773,77
AGR2,0.2840938719285923,0.2840938719285923,78
FAM126B,0.28255269254174786,-0.28255269254174786,79
LMO3,0.28227598845121177,0.28227598845121177,80
ANKRD10,0.2817439460012178,0.2817439460012178,81
GPRC5A,0.27933824448093614,-0.27933824448093614,82
FXYD6,0.27906892000765504,0.27906892000765504,83
TMEM132C,0.2789070051708724,-0.2789070051708724,84
EPHB3,0.2788985384527671,0.2788985384527671,85
GULP1,0.27788267699024166,0.27788267699024166,86
DIO2,0.27694507758225484,0.27694507758225484,87
FAT1,0.27693614803662703,-0.27693614803662703,88
KDELR3,0.27657115660925835,0.27657115660925835,89
BOK,0.27575489444051815,0.27575489444051815,90
EPB41L2,0.27449596886649913,-0.27449596886649913,91
FOXJ1,0.27365694528953616,-0.27365694528953616,92
COL21A1,0.27269892538427676,0.27269892538427676,93
GPC4,0.2722970026329137,0.2722970026329137,94
PSPH,0.2716856125789319,0.2716856125789319,95
GBP5,0.2714438374172255,0.2714438374172255,96
KCTD15,0.2712550886516256,0.2712550886516256,97
TMTC1,0.2711520401873852,0.2711520401873852,98
PPP1R14A,0.2701410435640456,-0.2701410435640456,99
GSTM1,0.27009983536901283,-0.27009983536901283,100
MFAP2,0.26944291675860826,-0.26944291675860826,101
DNAJB5,0.26885637817581354,0.26885637817581354,102
SCGB1D2,0.26741855812110843,-0.26741855812110843,103
TUBGCP3,0.2673921405774121,0.2673921405774121,104
HSPB8,0.2673418449215395,0.2673418449215395,105
CCDC3,0.266601238663502,-0.266601238663502,106
TPSG1,0.26625864129199595,-0.26625864129199595,107
PROM1,0.26582124235585247,0.26582124235585247,108
CCDC25,0.26492723491622744,-0.26492723491622744,109
TMEM190,0.2643223122112433,0.2643223122112433,110
FADS2,0.2633277293466524,-0.2633277293466524,111
GRAMD1C,0.2626491146155048,0.2626491146155048,112
OSR2,0.2623807102274187,-0.2623807102274187,113
XK,0.2620666984630685,0.2620666984630685,114
GPM6A,0.262004725208749,-0.262004725208749,115
AKT3,0.26163668297673603,0.26163668297673603,116
AMPH,0.2606573090622494,0.2606573090622494,117
VIPR1,0.260491889339212,0.260491889339212,118
BCL2,0.26033544172796336,-0.26033544172796336,119
IER5,0.2602140258414159,-0.2602140258414159,120
TAF9B,0.26015648347349696,-0.26015648347349696,121
LHX1,0.259520707720503,-0.259520707720503,122
CXXC5,0.25890503010522686,-0.25890503010522686,123
SOX3,0.25856434130495126,-0.25856434130495126,124
MAGEA4,0.2584615704757441,0.2584615704757441,125
CLDN11,0.2584507056488324,0.2584507056488324,126
WT1,0.25758180532366487,0.25758180532366487,127
PDK1,0.25681011741569715,0.25681011741569715,128
ATP2B2,0.25680478595407596,0.25680478595407596,129
RNF182,0.255947621523347,0.255947621523347,130
MYEOV,0.2555343073593809,0.2555343073593809,131
HLA-DQB1,0.2554060094064534,0.2554060094064534,132
COL11A1,0.2544820336384682,-0.2544820336384682,133
UNC5A,0.2543067406500573,-0.2543067406500573,134
MET,0.2541834457439265,0.2541834457439265,135
RRP15,0.25392721160995013,-0.25392721160995013,136
DOCK4,0.2531104864337558,-0.2531104864337558,137
NCALD,0.25290131496219526,0.25290131496219526,138
NTN4,0.25251547893094534,0.25251547893094534,139
DHRS3,0.25249918469993127,0.25249918469993127,140
GLYATL2,0.2519591122499853,-0.2519591122499853,141
MMP11,0.25174734454150866,0.25174734454150866,142
COLEC11,0.2515908014966841,0.2515908014966841,143
COL9A3,0.251547084672811,0.251547084672811,144
SLC25A37,0.25150066996851217,-0.25150066996851217,145
APOD,0.25120575637549025,-0.25120575637549025,146
FHL2,0.25114231760156797,0.25114231760156797,147
IGF1R,0.2509142571814422,-0.2509142571814422,148
REC8,0.25062487821731966,-0.25062487821731966,149
C19orf12,0.25048211963678396,-0.25048211963678396,150
C15orf48,0.24993483974436903,-0.24993483974436903,151
TP53,0.24917355548969647,0.24917355548969647,152
POP4,0.24817584018163533,-0.24817584018163533,153
HEG1,0.24788315353838394,0.24788315353838394,154
PAQR6,0.24766465555877723,-0.24766465555877723,155
PRIM2,0.24750609677050958,0.24750609677050958,156
LARP6,0.24613402954408492,-0.24613402954408492,157
CLDN10,0.24535311883989228,0.24535311883989228,158
CLCC1,0.24512648485590469,0.24512648485590469,159
SLC16A9,0.24497194027368946,-0.24497194027368946,160
HEPH,0.24400797218335155,0.24400797218335155,161
AP1M2,0.24376525471193566,-0.24376525471193566,162
ZNF117,0.24360567261471547,-0.24360567261471547,163
PPP2R1B,0.24328356709344845,-0.24328356709344845,164
FGF9,0.24212972381632328,-0.24212972381632328,165
PZP,0.2410338056388187,-0.2410338056388187,166
PGRMC1,0.2410013811658867,0.2410013811658867,167
MAL,0.24073430970568988,-0.24073430970568988,168
GRID2,0.24060525391214466,-0.24060525391214466,169
DPEP1,0.24047797443898378,-0.24047797443898378,170
PON3,0.24017950134707636,-0.24017950134707636,171
HES1,0.2398851779716359,0.2398851779716359,172
CDH18,0.23972288396899064,-0.23972288396899064,173
SLC7A2,0.23971621352478295,-0.23971621352478295,174
CP,0.23964968107327386,0.23964968107327386,175
MST1R,0.23894745208205248,0.23894745208205248,176
NUDT15,0.2389269002269617,0.2389269002269617,177
TSPAN18,0.23825742001281366,-0.23825742001281366,178
PPP1R16B,0.2380529829160717,-0.2380529829160717,179
GRB7,0.23766900820785403,-0.23766900820785403,180
WNT6,0.23761076375452386,-0.23761076375452386,181
LMTK3,0.23753661070290752,-0.23753661070290752,182
BST1,0.23741173707943414,0.23741173707943414,183
ARHGAP10,0.236369985098589,0.236369985098589,184
MEIS2,0.23623098834440762,0.23623098834440762,185
ALDH4A1,0.2351261889290074,-0.2351261889290074,186
MCOLN3,0.23507630490215753,0.23507630490215753,187
ZNF558,0.23503600816721404,-0.23503600816721404,188
P4HA2,0.23501787380169334,0.23501787380169334,189
LUM,0.23494399823467452,-0.23494399823467452,190
GFPT2,0.2340897246485543,-0.2340897246485543,191
TINAGL1,0.23407619666500198,0.23407619666500198,192
CYP26B1,0.23374657434066395,-0.23374657434066395,193
CD52,0.2336746308079293,0.2336746308079293,194
ZNF227,0.23338602676707113,0.23338602676707113,195
FBN2,0.23235850173868883,0.23235850173868883,196
THUMPD3,0.23221375432789085,-0.23221375432789085,197
KRT17,0.23186608074563403,-0.23186608074563403,198
CST5,0.23171452940683282,0.23171452940683282,199
CRYAB,0.23151457000266046,-0.23151457000266046,200
PDCD2,0.23151362633942893,-0.23151362633942893,201
HMGCS1,0.23135502325576274,0.23135502325576274,202
CDC20B,0.23080468929201944,-0.23080468929201944,203
CACNA1I,0.23075172230488866,0.23075172230488866,204
CFTR,0.22984452328196453,0.22984452328196453,205
PCSK5,0.2294420780497404,-0.2294420780497404,206
PPP2R2B,0.22938870989124843,0.22938870989124843,207
SLC5A1,0.22933186038323686,0.22933186038323686,208
NPR3,0.2291077042225858,0.2291077042225858,209
GJB2,0.22879535105183021,-0.22879535105183021,210
HOXC6,0.22872898787426693,-0.22872898787426693,211
COL10A1,0.22813962830191153,0.22813962830191153,212
LIPG,0.22809879928243773,0.22809879928243773,213
NDP,0.22775772571331923,-0.22775772571331923,214
KIT,0.22738490441156556,-0.22738490441156556,215
LY6D,0.2273383019511277,-0.2273383019511277,216
PER2,0.22720898334219766,0.22720898334219766,217
PRSS16,0.22648111772618956,0.22648111772618956,218
LRP8,0.22646147655719007,0.22646147655719007,219
DLK1,0.22630292746501113,-0.22630292746501113,220
ALG9,0.2262866720005288,-0.2262866720005288,221
KHDRBS3,0.22598020711414546,-0.22598020711414546,222
PRKG1,0.22591719159644666,-0.22591719159644666,223
TBX2,0.22452008224916797,-0.22452008224916797,224
KRT14,0.224317605955625,0.224317605955625,225
ST6GALNAC1,0.22417523265171715,0.22417523265171715,226
CHI3L1,0.22390479212281508,-0.22390479212281508,227
LPCAT2,0.22387146743184191,0.22387146743184191,228
TMTC4,0.22342411918378363,0.22342411918378363,229
OGDHL,0.22326757817014553,-0.22326757817014553,230
CST2,0.22291809638745655,-0.22291809638745655,231
MPV17,0.22258997662175742,-0.22258997662175742,232
MRPL23,0.22235930558062467,0.22235930558062467,233
PRSS21,0.22229121831720763,0.22229121831720763,234
SATB1,0.22199310207125733,-0.22199310207125733,235
UGCG,0.22175211046688337,-0.22175211046688337,236
CACNA2D2,0.2217263130018985,0.2217263130018985,237
LYNX1,0.22149058384875345,0.22149058384875345,238
GMPR,0.22142666355042867,0.22142666355042867,239
KRT5,0.22104530389947152,0.22104530389947152,240
GCNT1,0.2207729303364349,0.2207729303364349,241
GALNT9,0.22063433771717644,-0.22063433771717644,242
LYSMD4,0.2205919504587452,0.2205919504587452,243
PCGF3,0.22013770925974926,0.22013770925974926,244
ACP5,0.2198852442181886,-0.2198852442181886,245
SPAG4,0.21981097583552972,0.21981097583552972,246
HLA-DQB2,0.21960250782707805,0.21960250782707805,247
TTC38,0.2194518588824725,-0.2194518588824725,248
SFT2D1,0.21895874692314443,-0.21895874692314443,249
WDR35,0.21843915408799522,-0.21843915408799522,250
STAG3,0.21828850136998576,-0.21828850136998576,251
THSD4,0.2182010772170644,-0.2182010772170644,252
DHRS9,0.2181670605915603,-0.2181670605915603,253
NAV1,0.2179369279732034,-0.2179369279732034,254
GALK1,0.21786285414207202,-0.21786285414207202,255
PAX6,0.21685836324185193,0.21685836324185193,256
PIGR,0.21678042979538295,0.21678042979538295,257
MGST1,0.21647824635983862,-0.21647824635983862,258
RASSF9,0.21632114201754285,0.21632114201754285,259
TGFB3,0.21595803435482921,-0.21595803435482921,260
CDKN2C,0.21560862800976702,0.21560862800976702,261
NPC2,0.21554990165122853,0.21554990165122853,262
ING5,0.21548566411218842,0.21548566411218842,263
MED22,0.21515168877172364,-0.21515168877172364,264
EDIL3,0.21499323742890547,0.21499323742890547,265
LGR4,0.2146282902632732,0.2146282902632732,266
SEMA5B,0.21452228809374468,0.21452228809374468,267
DNAJC22,0.21451660368491104,0.21451660368491104,268
SRD5A3,0.21446104428035528,0.21446104428035528,269
C3orf14,0.21416204955004461,-0.21416204955004461,270
C4orf19,0.21393028929140032,-0.21393028929140032,271
COL14A1,0.21369180838412397,0.21369180838412397,272
ABCA3,0.21333892945022143,-0.21333892945022143,273
NQO2,0.21298638785216306,-0.21298638785216306,274
MFAP4,0.2129565995345392,0.2129565995345392,275
IL4I1,0.21289981152836848,-0.21289981152836848,276
CCL18,0.21282248921186767,0.21282248921186767,277
CLCN5,0.2126422692448092,0.2126422692448092,278
THNSL2,0.21261590415202894,0.21261590415202894,279
GGT7,0.21257273681873126,-0.21257273681873126,280
VPS11,0.21181020000543624,0.21181020000543624,281
TLE1,0.21151257010619992,0.21151257010619992,282
TRMT2B,0.21146602735415668,0.21146602735415668,283
LAMC3,0.21108991722382658,0.21108991722382658,284
DLL1,0.21092351179898516,-0.21092351179898516,285
DOK5,0.21087142449769633,0.21087142449769633,286
CHST6,0.2108287139171512,0.2108287139171512,287
PI3,0.2106376235805041,-0.2106376235805041,288
CLDN9,0.21038505387106884,-0.21038505387106884,289
IL3RA,0.21008922888315054,-0.21008922888315054,290
TCEAL2,0.2099512490065074,0.2099512490065074,291
CCL19,0.20989521766811522,0.20989521766811522,292
TTC7B,0.20986447514949597,-0.20986447514949597,293
NDUFV2,0.2094922655789029,0.2094922655789029,294
MLXIP,0.20926437309620596,0.20926437309620596,295
REEP2,0.2092370353987959,-0.2092370353987959,296
ANPEP,0.20893530447299802,-0.20893530447299802,297
PCOLCE,0.20888153219120156,0.20888153219120156,298
CRYM,0.2084775122299671,-0.2084775122299671,299
CPB1,0.20832080234747138,-0.20832080234747138,300
DSE,0.2082643334491327,-0.2082643334491327,301
HES7,0.20804180796425062,-0.20804180796425062,302
RSPO1,0.20803295573438796,0.20803295573438796,303
REN,0.20777419626266552,-0.20777419626266552,304
SLC4A8,0.20753490144290954,0.20753490144290954,305
SMOX,0.20741905964705348,0.20741905964705348,306
LMNB1,0.20726780230588038,0.20726780230588038,307
AR,0.2070712487310351,0.2070712487310351,308
UBAC2,0.2070532887731095,0.2070532887731095,309
MAGEC1,0.20678655888638,0.20678655888638,310
NR4A2,0.2064924512888266,0.2064924512888266,311
TTC39A,0.2064533763909171,-0.2064533763909171,312
MAP9,0.20624765600308786,-0.20624765600308786,313
DKK3,0.2062270398791766,0.2062270398791766,314
CD79A,0.20622667365850808,0.20622667365850808,315
C1GALT1,0.2061357120381631,-0.2061357120381631,316
CDH22,0.20560203753798093,-0.20560203753798093,317
ZNF330,0.20545579361906996,-0.20545579361906996,318
ASMTL,0.20521281866451271,-0.20521281866451271,319
MRAP2,0.20521199386913347,0.20521199386913347,320
SYT17,0.20506544119766695,-0.20506544119766695,321
UCHL1,0.2050113358369431,-0.2050113358369431,322
AZGP1,0.2049020997951035,0.2049020997951035,323
KCNK9,0.20476067933974795,-0.20476067933974795,324
PPIH,0.20463892934677175,-0.20463892934677175,325
HOXB2,0.20457714230922272,-0.20457714230922272,326
ZIC4,0.2043715268988216,0.2043715268988216,327
OSBP2,0.2042827585936672,0.2042827585936672,328
QTRT1,0.20422388785737366,-0.20422388785737366,329
DTX4,0.2041941312085909,-0.2041941312085909,330
HTRA1,0.20403256648533807,0.20403256648533807,331
TWIST1,0.203690858656861,-0.203690858656861,332
B3GNT2,0.20283278838974556,-0.20283278838974556,333
MYO5C,0.20277115237443544,-0.20277115237443544,334
GPC6,0.20227727401581738,-0.20227727401581738,335
PANX2,0.20208531832856563,0.20208531832856563,336
PEX11B,0.20165116530936078,-0.20165116530936078,337
VWCE,0.20135900158605116,-0.20135900158605116,338
KCNS3,0.20109491391894724,0.20109491391894724,339
DUSP22,0.20101276105342675,0.20101276105342675,340
EPPK1,0.2009655810141783,-0.2009655810141783,341
CD22,0.2008015953835624,0.2008015953835624,342
VILL,0.20074312161891603,-0.20074312161891603,343
KIF20B,0.20067315452109935,-0.20067315452109935,344
E2F8,0.20047159203763304,-0.20047159203763304,345
IFRD1,0.20042550135147555,0.20042550135147555,346
DUSP1,0.2004213540612512,-0.2004213540612512,347
PKP1,0.20036786196360593,-0.20036786196360593,348
SPHK2,0.20035133886757134,-0.20035133886757134,349
BCL7A,0.1996560829485517,0.1996560829485517,350
GPR157,0.19959008406737067,0.19959008406737067,351
PTPRM,0.19889306533450724,0.19889306533450724,352
ETS1,0.19872827660382755,0.19872827660382755,353
DNAJC3,0.19864222604406698,0.19864222604406698,354
FOXS1,0.19811988253206045,-0.19811988253206045,355
CLDN4,0.19781494785918333,-0.19781494785918333,356
EID3,0.1978145205217575,-0.1978145205217575,357
COL27A1,0.1977821845960989,0.1977821845960989,358
UBASH3B,0.19767137233388976,0.19767137233388976,359
LTC4S,0.19749854757700477,-0.19749854757700477,360
SPRY2,0.19741176768738358,0.19741176768738358,361
SLC35B3,0.19725524488361146,0.19725524488361146,362
SDC1,0.1972422012973155,0.1972422012973155,363
ASRGL1,0.19717493913649314,-0.19717493913649314,364
DUOX1,0.19695947468909536,-0.19695947468909536,365
ATP11C,0.1965971502530052,0.1965971502530052,366
CXCR4,0.1963971083133432,0.1963971083133432,367
CBR3,0.19636433365912012,0.19636433365912012,368
CFP,0.19633348376622992,0.19633348376622992,369
KIAA1109,0.1961845631680461,-0.1961845631680461,370
COL2A1,0.19615395491101795,0.19615395491101795,371
DENND1C,0.19597798264033536,-0.19597798264033536,372
SLFN12,0.19597403607297492,-0.19597403607297492,373
AJAP1,0.1957809308753395,0.1957809308753395,374
BTN3A3,0.19566584387099628,0.19566584387099628,375
UBD,0.1954402193992896,0.1954402193992896,376
GRIA2,0.19543214098456374,-0.19543214098456374,377
MTHFD2,0.19508656861862603,0.19508656861862603,378
RASGEF1A,0.19504453677228564,-0.19504453677228564,379
SLFN11,0.19465030563699323,0.19465030563699323,380
MAP7D2,0.1946038595542994,0.1946038595542994,381
ARHGAP28,0.19446827857221632,-0.19446827857221632,382
C4BPA,0.19430086910100056,0.19430086910100056,383
ITGA6,0.19429236473063563,0.19429236473063563,384
SERPINB4,0.19419300542159249,-0.19419300542159249,385
SPATA17,0.19370596819262,-0.19370596819262,386
ADAM8,0.1936100045067067,-0.1936100045067067,387
TBC1D9,0.1935200002853021,-0.1935200002853021,388
NDUFA4L2,0.1932283442719371,0.1932283442719371,389
PHLDA2,0.19317120789833173,0.19317120789833173,390
C12orf66,0.19315698523799593,0.19315698523799593,391
SLC1A4,0.19311861918903755,0.19311861918903755,392
CXCL12,0.19282689255407406,-0.19282689255407406,393
CCDC88A,0.19251361112028995,-0.19251361112028995,394
MMP1,0.19243707946073224,0.19243707946073224,395
RPS6KA3,0.19238415559525537,0.19238415559525537,396
RNASEH2B,0.19217423146994936,0.19217423146994936,397
PTPRU,0.1921632624494551,-0.1921632624494551,398
CLN5,0.19199445533562032,-0.19199445533562032,399
GTSF1,0.19191124632746284,0.19191124632746284,400
SH3RF2,0.19187116980016777,0.19187116980016777,401
DGKG,0.1917732330861748,-0.1917732330861748,402
SLC19A1,0.1917339408719703,0.1917339408719703,403
SLCO1B3,0.19171879073642217,0.19171879073642217,404
ARHGAP26,0.19152464436615044,-0.19152464436615044,405
RAC3,0.19145139072107237,-0.19145139072107237,406
ITPR2,0.19137778970051872,-0.19137778970051872,407
MMD,0.19127464501664582,-0.19127464501664582,408
PLK4,0.19102312827916038,-0.19102312827916038,409
UXS1,0.1907069100825233,0.1907069100825233,410
GRHL2,0.1906712879032648,0.1906712879032648,411
UNC119B,0.19021067310927406,0.19021067310927406,412
NFATC3,0.18969996187396562,0.18969996187396562,413
CGA,0.189628199380788,-0.189628199380788,414
TMEM108,0.18958210631108072,-0.18958210631108072,415
TBC1D16,0.1895627266783895,-0.1895627266783895,416
TAPT1,0.18932908032736423,0.18932908032736423,417
GPT2,0.18926993709808893,0.18926993709808893,418
SRGAP3,0.189237337840533,-0.189237337840533,419
EZH2,0.18906379841146564,0.18906379841146564,420
PIGG,0.18892736882100156,0.18892736882100156,421
CYP2F1,0.18880635590927816,-0.18880635590927816,422
TC2N,0.18878571731113025,-0.18878571731113025,423
ZNF776,0.18871561764252812,-0.18871561764252812,424
TUBB3,0.18871128535643975,-0.18871128535643975,425
GRP,0.18867017076576423,-0.18867017076576423,426
TMEM121,0.18866596222524418,-0.18866596222524418,427
INPP5B,0.18822798444803113,-0.18822798444803113,428
ZNF83,0.1881637340855686,0.1881637340855686,429
XDH,0.18806434926745216,-0.18806434926745216,430
PFN2,0.18802904518314073,0.18802904518314073,431
CETP,0.18800101391395985,0.18800101391395985,432
TTC19,0.18799468620792667,-0.18799468620792667,433
PKN3,0.18795349915447485,-0.18795349915447485,434
MAFB,0.1878346650542931,0.1878346650542931,435
TCEAL8,0.18777163746254963,0.18777163746254963,436
KLHL7,0.18767542405908422,-0.18767542405908422,437
MUC16,0.1875688459563297,-0.1875688459563297,438
IDH3A,0.18747262383883864,0.18747262383883864,439
GIMAP7,0.18723475284197802,0.18723475284197802,440
PSG4,0.18717895765001225,-0.18717895765001225,441
EIF5A2,0.18710011388413927,0.18710011388413927,442
PSAT1,0.18703214968671417,0.18703214968671417,443
AVIL,0.18685458503391925,0.18685458503391925,444
SHROOM3,0.18658110983226267,-0.18658110983226267,445
GTPBP1,0.1865039489673097,0.1865039489673097,446
LAYN,0.1863039926953315,-0.1863039926953315,447
ME2,0.18604681208958485,0.18604681208958485,448
LOXL4,0.1860082999206497,-0.1860082999206497,449
NACAD,0.18600580035724315,-0.18600580035724315,450
TARBP1,0.18594993204154106,0.18594993204154106,451
ZEB1,0.18594418211472596,-0.18594418211472596,452
TIMELESS,0.18585959766062107,0.18585959766062107,453
CXCL5,0.18582641061633595,-0.18582641061633595,454
SLC35A3,0.1855270285897064,-0.1855270285897064,455
FBXL3,0.1855112024508149,-0.1855112024508149,456
TM4SF18,0.1854867429165187,-0.1854867429165187,457
B9D1,0.18543121581003652,0.18543121581003652,458
CA2,0.18524193863509966,-0.18524193863509966,459
KRT7,0.185017337627071,-0.185017337627071,460
USP28,0.18490946620828477,0.18490946620828477,461
RABGGTA,0.18487145446564487,0.18487145446564487,462
GLB1L2,0.18485615047198906,0.18485615047198906,463
PIGM,0.1847747549943447,0.1847747549943447,464
SETD7,0.1847501324553574,0.1847501324553574,465
HSBP1,0.18470741922148376,-0.18470741922148376,466
TRIM58,0.18466174668611554,-0.18466174668611554,467
CPM,0.18461058615708872,0.18461058615708872,468
ZNF136,0.184503055979972,-0.184503055979972,469
RAB6B,0.18440811546450775,0.18440811546450775,470
EN2,0.1839141208262807,0.1839141208262807,471
SLC5A3,0.18379988432821634,0.18379988432821634,472
IPO5,0.1837780884859632,0.1837780884859632,473
ADAMTS5,0.1831409577643094,0.1831409577643094,474
SCRN1,0.18306404645619334,-0.18306404645619334,475
SPARCL1,0.18300891100507538,-0.18300891100507538,476
C7orf50,0.18291120304281916,-0.18291120304281916,477
ZNF486,0.1827547781287117,-0.1827547781287117,478
VAV3,0.18275032518076276,-0.18275032518076276,479
SOBP,0.18270774429324674,0.18270774429324674,480
ELFN2,0.18265870042621385,-0.18265870042621385,481
NPTX2,0.18258291912874758,0.18258291912874758,482
NEBL,0.18255155611681342,0.18255155611681342,483
SGCE,0.18246786509542362,-0.18246786509542362,484
GRM3,0.18240037417702917,0.18240037417702917,485
PLEKHA6,0.18223370368800929,0.18223370368800929,486
RAB3D,0.18201739480803306,-0.18201739480803306,487
PNKP,0.1819437746280356,0.1819437746280356,488
CYP11A1,0.18187710180227057,0.18187710180227057,489
SLC35E4,0.18183350463338074,-0.18183350463338074,490
CYP4Z1,0.18158160942798904,-0.18158160942798904,491
TCEA3,0.18149585713045666,-0.18149585713045666,492
MMP10,0.18121532376721058,0.18121532376721058,493
DZIP1,0.18120318212965658,0.18120318212965658,494
KIF13A,0.18113824804839423,-0.18113824804839423,495
MUC1,0.18111882431914078,-0.18111882431914078,496
ZNF689,0.18111113298227496,0.18111113298227496,497
BEGAIN,0.18099300972434845,0.18099300972434845,498
PDGFA,0.18094832947526035,0.18094832947526035,499
DLGAP1,0.1807880954791847,0.1807880954791847,500
MFSD3,0.1807230081174956,-0.1807230081174956,501
PSORS1C2,0.18031466832469703,-0.18031466832469703,502
DLX1,0.1801425988930825,-0.1801425988930825,503
SMG6,0.18013449076723695,-0.18013449076723695,504
CRYZ,0.18005554769624693,-0.18005554769624693,505
CCR7,0.17984562810892799,0.17984562810892799,506
GPR153,0.17983794045543827,-0.17983794045543827,507
FUT8,0.17974339443906553,0.17974339443906553,508
ZNF627,0.17915960850897233,-0.17915960850897233,509
HMCN1,0.17913496777188903,0.17913496777188903,510
GHITM,0.17909543140611725,-0.17909543140611725,511
BACE1,0.17903666826787884,0.17903666826787884,512
TNC,0.178845487653538,-0.178845487653538,513
EDA,0.178710116106165,0.178710116106165,514
ACTG2,0.17858888081448762,0.17858888081448762,515
AMT,0.17839622228723734,-0.17839622228723734,516
SOX9,0.17838015273927546,-0.17838015273927546,517
GPSM2,0.17828730602698079,0.17828730602698079,518
KCNQ1,0.1782067637973313,0.1782067637973313,519
ARNT2,0.17803324361750955,0.17803324361750955,520
DSEL,0.1777938473668917,0.1777938473668917,521
PGRMC2,0.1777557897265369,-0.1777557897265369,522
BCL2L12,0.17750266846578924,-0.17750266846578924,523
TEAD3,0.1774972630845424,0.1774972630845424,524
KCTD1,0.1774229791085879,0.1774229791085879,525
NFIL3,0.17738135689185758,0.17738135689185758,526
CACNA1C,0.17737285158375246,-0.17737285158375246,527
LIPA,0.17714037337243968,-0.17714037337243968,528
COL4A6,0.17713834675415094,-0.17713834675415094,529
GPSM1,0.1770593899993743,0.1770593899993743,530
DYDC2,0.17704825304681712,0.17704825304681712,531
KYNU,0.17687236724809619,-0.17687236724809619,532
PYGL,0.17684616405779177,-0.17684616405779177,533
KCNJ2,0.1767115481870641,0.1767115481870641,534
BFSP1,0.17669132805059362,0.17669132805059362,535
CKMT1A,0.17661775946152614,0.17661775946152614,536
CA11,0.1763394372105073,-0.1763394372105073,537
ALDH1A3,0.17627851028573446,0.17627851028573446,538
TMEM38B,0.1762618138788257,-0.1762618138788257,539
CPNE3,0.17617398841061524,-0.17617398841061524,540
LRRTM1,0.17607372668950835,-0.17607372668950835,541
INSIG1,0.17603608837982634,0.17603608837982634,542
HNMT,0.17583593990202978,-0.17583593990202978,543
IL27,0.17576897811252848,-0.17576897811252848,544
DAPL1,0.1757354973790709,0.1757354973790709,545
C20orf96,0.17559657330796202,0.17559657330796202,546
KRT6B,0.17551114160919032,-0.17551114160919032,547
FAM107A,0.17527932883092645,0.17527932883092645,548
LRRIQ1,0.17503518756135814,-0.17503518756135814,549
TLK2,0.17491633410451718,-0.17491633410451718,550
MYB,0.17489213451395436,0.17489213451395436,551
TRERF1,0.17463678927092907,-0.17463678927092907,552
MTM1,0.1745240773778929,0.1745240773778929,553
ANKRD16,0.1744934184153412,0.1744934184153412,554
UGT2B15,0.17435196027173872,-0.17435196027173872,555
CLU,0.17408144920970833,-0.17408144920970833,556
SEMA3F,0.17403430094245909,-0.17403430094245909,557
TSFM,0.17401363215598517,-0.17401363215598517,558
NARS2,0.17396394341520802,0.17396394341520802,559
IFNGR1,0.17396309960500347,-0.17396309960500347,560
RPUSD3,0.17395086220823083,-0.17395086220823083,561
CDKN2A,0.17393152957357408,-0.17393152957357408,562
SLC37A4,0.17392850779008476,0.17392850779008476,563
FOXD2,0.1738477647483796,0.1738477647483796,564
TRNT1,0.17378032229901272,-0.17378032229901272,565
CD1A,0.17375361045662632,-0.17375361045662632,566
THRB,0.1736268493069409,0.1736268493069409,567
RBP1,0.17358476842897497,0.17358476842897497,568
COL5A3,0.17357169426722144,-0.17357169426722144,569
NAAA,0.1735611528921496,-0.1735611528921496,570
LRG1,0.17353794761851613,0.17353794761851613,571
PLRG1,0.17350318077590995,-0.17350318077590995,572
CFL2,0.17314553064348576,-0.17314553064348576,573
ZNF281,0.17286501718596806,-0.17286501718596806,574
OAS1,0.17248797181100908,0.17248797181100908,575
FOXD3,0.17244313758734675,0.17244313758734675,576
PIPOX,0.17243610762860864,0.17243610762860864,577
KSR2,0.17209885039441855,0.17209885039441855,578
SLC39A2,0.1720571022312408,0.1720571022312408,579
ALOX15B,0.17201412997704085,-0.17201412997704085,580
HINT3,0.17195222930320225,0.17195222930320225,581
PRMT6,0.17194088184812834,0.17194088184812834,582
TNNT2,0.17192107790796154,-0.17192107790796154,583
KLK8,0.17188108308009414,0.17188108308009414,584
DONSON,0.17165946416716982,0.17165946416716982,585
NRM,0.1716370875377571,0.1716370875377571,586
PTGDS,0.17155621282675856,0.17155621282675856,587
WDR36,0.1714193372729691,-0.1714193372729691,588
ABCB9,0.17141127304124135,0.17141127304124135,589
PHLDB2,0.1713633426868759,-0.1713633426868759,590
FAM83A,0.17130319209317244,0.17130319209317244,591
SHANK1,0.17117292347488003,-0.17117292347488003,592
NOX4,0.17098170409750568,-0.17098170409750568,593
PELI2,0.17095960614832878,0.17095960614832878,594
WARS2,0.17084487467798698,-0.17084487467798698,595
LRRC4,0.17076559556353618,-0.17076559556353618,596
SUSD3,0.17073677727292877,-0.17073677727292877,597
NLRP2,0.17050425454420454,-0.17050425454420454,598
CTSF,0.17043688095429096,-0.17043688095429096,599
TSHZ1,0.1703073450668229,0.1703073450668229,600
PDXK,0.17009692320501973,0.17009692320501973,601
ENTPD2,0.17006915337400744,0.17006915337400744,602
SLC25A38,0.16998173662529725,-0.16998173662529725,603
GAD1,0.16986279236690519,0.16986279236690519,604
CD320,0.1694791216579568,-0.1694791216579568,605
BIN1,0.16939225934059604,0.16939225934059604,606
EDNRA,0.16932192024244686,-0.16932192024244686,607
KREMEN2,0.16922416381332567,0.16922416381332567,608
JMY,0.169173832426056,-0.169173832426056,609
KIF26B,0.16899320309489832,-0.16899320309489832,610
WNT5A,0.16887703117117814,0.16887703117117814,611
OSBPL1A,0.16862813893959777,0.16862813893959777,612
THYN1,0.16861058575332216,0.16861058575332216,613
BMP2K,0.16856219432078537,0.16856219432078537,614
PIK3C2G,0.16852070416589043,-0.16852070416589043,615
CASP7,0.16845318761056563,0.16845318761056563,616
NFKB2,0.1684138251761933,0.1684138251761933,617
FMOD,0.1682725341361699,0.1682725341361699,618
ACSS3,0.16811600655646497,-0.16811600655646497,619
ZNF398,0.16789105000423896,0.16789105000423896,620
LYPD6,0.1677030148205579,0.1677030148205579,621
SH3BP4,0.16755751166572397,-0.16755751166572397,622
ALOX5,0.1674844982020382,-0.1674844982020382,623
CLDN1,0.16748155202523232,-0.16748155202523232,624
FGFR2,0.16745455169069004,0.16745455169069004,625
FBN3,0.16740804072683896,0.16740804072683896,626
EMD,0.16740750647672628,0.16740750647672628,627
SNAPC4,0.16732313795891568,-0.16732313795891568,628
KCTD3,0.16731716808896177,-0.16731716808896177,629
RASSF8,0.16715056654041294,-0.16715056654041294,630
ZNF274,0.1671106694819424,0.1671106694819424,631
MAN2B2,0.1670701238895529,0.1670701238895529,632
KCNB1,0.16700872200607644,-0.16700872200607644,633
LIME1,0.16699098725160855,0.16699098725160855,634
PDE4D,0.16683186817516146,0.16683186817516146,635
TMCO6,0.16673052453672524,-0.16673052453672524,636
LGR5,0.16659585599298601,0.16659585599298601,637
FEM1A,0.1665796583470543,0.1665796583470543,638
HCRTR1,0.16653434100987444,0.16653434100987444,639
FAM81B,0.16650099670682514,0.16650099670682514,640
SYK,0.166448834542812,0.166448834542812,641
WWC1,0.16643202853724967,-0.16643202853724967,642
IRF1,0.16632454134172142,0.16632454134172142,643
FOSB,0.16629083509923437,-0.16629083509923437,644
DDHD1,0.16625727931257106,0.16625727931257106,645
GALNT7,0.1662165838954396,-0.1662165838954396,646
ZNF138,0.16606735383828022,-0.16606735383828022,647
PARD6B,0.16605735255210527,-0.16605735255210527,648
CENPF,0.1659331929382029,-0.1659331929382029,649
CYP3A5,0.16591255927653847,-0.16591255927653847,650
NKAIN1,0.16586989205208805,-0.16586989205208805,651
PLSCR4,0.16579104856049828,0.16579104856049828,652
SEC14L2,0.16578186105710252,0.16578186105710252,653
UBE2D1,0.1656441648903823,-0.1656441648903823,654
TLE2,0.1656151301735919,-0.1656151301735919,655
TCF3,0.16545195320878522,-0.16545195320878522,656
SPATA20,0.16539065909897785,-0.16539065909897785,657
VNN1,0.16514707713524443,-0.16514707713524443,658
PPP1R1A,0.1649945775068289,0.1649945775068289,659
ELAVL2,0.1649378019606282,0.1649378019606282,660
SMPX,0.16492034747424525,0.16492034747424525,661
ADRA1B,0.16484387173321904,0.16484387173321904,662
CRYBG3,0.16468893522626288,0.16468893522626288,663
DYNC1I1,0.16463933844546275,0.16463933844546275,664
CLDN8,0.1645733072935304,-0.1645733072935304,665
BAHD1,0.1644304556513983,-0.1644304556513983,666
FRAS1,0.16411540578621758,0.16411540578621758,667
METTL3,0.16407823639185515,0.16407823639185515,668
PCDHB11,0.1640377174867377,0.1640377174867377,669
XPO4,0.1638570495983953,-0.1638570495983953,670
BTG2,0.16384253170574928,-0.16384253170574928,671
LRP5,0.16380315147993457,0.16380315147993457,672
PDCD5,0.16364021955576252,-0.16364021955576252,673
PROM2,0.1636227696629724,0.1636227696629724,674
HSD17B11,0.16361132153690952,-0.16361132153690952,675
NUP210,0.16356591859797967,-0.16356591859797967,676
B3GALNT1,0.16349207852674946,0.16349207852674946,677
SLC27A3,0.16346564937192107,0.16346564937192107,678
USP20,0.16337556953252383,-0.16337556953252383,679
GPATCH2,0.16328713265268785,-0.16328713265268785,680
IL1R2,0.16318443799772697,-0.16318443799772697,681
FAP,0.16315330484682913,-0.16315330484682913,682
ATG16L2,0.16312133258943057,-0.16312133258943057,683
PHYHD1,0.16309884386803314,-0.16309884386803314,684
RNF175,0.16304797834141102,-0.16304797834141102,685
PRPH,0.16299940974642294,0.16299940974642294,686
ZNF248,0.16297453944483664,-0.16297453944483664,687
COL7A1,0.16288366841317173,0.16288366841317173,688
RNASEH2A,0.1628630031402194,-0.1628630031402194,689
PLCD1,0.16277665448167267,0.16277665448167267,690
FBXO8,0.16270271182987558,-0.16270271182987558,691
HTR2B,0.1626749545976398,0.1626749545976398,692
VEZF1,0.16264982771304412,-0.16264982771304412,693
STK24,0.16261686082793608,0.16261686082793608,694
FCRL5,0.1625510310567602,0.1625510310567602,695
PLXNA2,0.16254338582537436,-0.16254338582537436,696
CHRNA5,0.16239248720407612,0.16239248720407612,697
BNC2,0.16234110923703282,0.16234110923703282,698
LAMA5,0.16228499188761886,-0.16228499188761886,699
NKD2,0.1621998273529416,-0.1621998273529416,700
ZNF44,0.16218404794463037,-0.16218404794463037,701
TFF3,0.16213039525502382,0.16213039525502382,702
TBL1X,0.16206719244088433,-0.16206719244088433,703
POPDC3,0.16205928528349414,-0.16205928528349414,704
AQP9,0.16198167400802727,-0.16198167400802727,705
ZNF511,0.16196406958542792,0.16196406958542792,706
AUH,0.16191083093472255,-0.16191083093472255,707
TDG,0.16181086010585638,0.16181086010585638,708
FES,0.16168778215929333,-0.16168778215929333,709
KAZALD1,0.16165837644107636,0.16165837644107636,710
SLITRK4,0.1615671858596859,-0.1615671858596859,711
PSD,0.16134768381188982,0.16134768381188982,712
GPX3,0.16133198849066785,0.16133198849066785,713
SLC29A1,0.16131298649377632,-0.16131298649377632,714
NEO1,0.16126086674344856,0.16126086674344856,715
ENOX1,0.1610387462524804,0.1610387462524804,716
PCDH1,0.16096136353966525,-0.16096136353966525,717
OGG1,0.16095061082244344,-0.16095061082244344,718
AADAC,0.16092708168676034,0.16092708168676034,719
C7orf26,0.16085284171690223,-0.16085284171690223,720
FABP5,0.1607869335448182,-0.1607869335448182,721
ZNF541,0.16076250384157514,-0.16076250384157514,722
LILRB1,0.1607180328740422,-0.1607180328740422,723
SPRR3,0.16069187812186086,-0.16069187812186086,724
MAP3K4,0.160573853408759,-0.160573853408759,725
ARID5B,0.16044527371990505,-0.16044527371990505,726
NDUFA8,0.16040740809274825,0.16040740809274825,727
FOXH1,0.16038483871079326,0.16038483871079326,728
JMJD7,0.1603335881089768,-0.1603335881089768,729
ANKRD49,0.16032465577287483,0.16032465577287483,730
PIAS2,0.16032365618734662,0.16032365618734662,731
HLA-DPB1,0.16005295716589205,0.16005295716589205,732
IRF4,0.16004745254902938,0.16004745254902938,733
FCGBP,0.1599936311747319,-0.1599936311747319,734
ADPRHL1,0.15998918951398372,0.15998918951398372,735
WDR18,0.15986206755375645,-0.15986206755375645,736
UBXN8,0.1598182576339255,0.1598182576339255,737
TRIM69,0.159803152373992,0.159803152373992,738
TMEM200A,0.15962038839720527,-0.15962038839720527,739
ADH1B,0.15946806485778536,0.15946806485778536,740
GABRP,0.15946700258555283,0.15946700258555283,741
RFX5,0.15946448559650941,-0.15946448559650941,742
FAM107B,0.15943792234902945,0.15943792234902945,743
FRZB,0.15938079918386497,-0.15938079918386497,744
TTC39C,0.1593206851495602,0.1593206851495602,745
MBOAT2,0.15929875245692904,-0.15929875245692904,746
PDZD2,0.15929190496266285,0.15929190496266285,747
AIF1L,0.15923715549884207,-0.15923715549884207,748
ZCCHC24,0.15921651567391482,-0.15921651567391482,749
TMEM176A,0.15916493055205674,-0.15916493055205674,750
CCNC,0.15915112758788133,-0.15915112758788133,751
RGS12,0.1590720482486921,-0.1590720482486921,752
ATXN2,0.15897037547447837,0.15897037547447837,753
DNAJB9,0.15892014754216902,0.15892014754216902,754
CDR2L,0.15890865010983485,-0.15890865010983485,755
SLC19A3,0.15890141333777866,0.15890141333777866,756
TUBA4A,0.15887464345198926,-0.15887464345198926,757
ZNF224,0.1588290045460879,0.1588290045460879,758
MT1M,0.1587738640009321,-0.1587738640009321,759
TOR2A,0.15840964102341476,-0.15840964102341476,760
CPT1A,0.15840862446492296,-0.15840862446492296,761
COL25A1,0.1583290719879017,-0.1583290719879017,762
SORD,0.15830477606088336,-0.15830477606088336,763
WWP1,0.15824065429930234,-0.15824065429930234,764
BSN,0.15818585974081564,-0.15818585974081564,765
HDHD2,0.15793632151238082,0.15793632151238082,766
TNFRSF8,0.15791155660832065,-0.15791155660832065,767
MFSD9,0.15786726450296498,0.15786726450296498,768
MYCBP2,0.1578110840370723,-0.1578110840370723,769
LRRC17,0.15776580425590522,-0.15776580425590522,770
ATP6V1G1,0.15773642211079703,0.15773642211079703,771
CX3CL1,0.15769885254685453,0.15769885254685453,772
NKTR,0.15768159431990109,0.15768159431990109,773
CCIN,0.1575685330633011,0.1575685330633011,774
BEND6,0.15752505567738417,0.15752505567738417,775
LPAR2,0.15710461993539557,0.15710461993539557,776
CHN2,0.15705996979694037,0.15705996979694037,777
CRYL1,0.1569472410320926,-0.1569472410320926,778
GPD2,0.15692145758475723,0.15692145758475723,779
ABT1,0.15677240782466678,0.15677240782466678,780
HPS4,0.1563126710440861,0.1563126710440861,781
ZCWPW1,0.15628272153306813,-0.15628272153306813,782
IL1B,0.15625449713309478,-0.15625449713309478,783
CA12,0.15621770257011136,-0.15621770257011136,784
GAA,0.15616349262067877,-0.15616349262067877,785
MUC20,0.15613930830439532,-0.15613930830439532,786
CUL1,0.15604455259022407,0.15604455259022407,787
APOL3,0.15590833929192027,0.15590833929192027,788
CD276,0.15589201747222484,0.15589201747222484,789
TMED1,0.15581923590730085,-0.15581923590730085,790
EPHX2,0.15575902709577455,-0.15575902709577455,791
NPHS1,0.15567022356025795,-0.15567022356025795,792
SDR42E1,0.15548946304287609,-0.15548946304287609,793
APCDD1,0.15546980653159936,0.15546980653159936,794
HMGXB4,0.15546779245945463,0.15546779245945463,795
GPR137C,0.15546129121913452,0.15546129121913452,796
TRAFD1,0.1554426503031446,0.1554426503031446,797
HOXA4,0.15543525151291368,0.15543525151291368,798
CD207,0.1553966801051479,-0.1553966801051479,799
BTG3,0.1553280201451707,0.1553280201451707,800
F8,0.15528693530976886,0.15528693530976886,801
PRR7,0.1552783029130274,-0.1552783029130274,802
PPFIA1,0.15526775336865983,-0.15526775336865983,803
PERP,0.1551962130011339,-0.1551962130011339,804
KDR,0.15496189374595248,-0.15496189374595248,805
S100A9,0.15491714517342997,-0.15491714517342997,806
OSBPL3,0.15489716231304318,-0.15489716231304318,807
GCA,0.15486483829887238,-0.15486483829887238,808
CUEDC1,0.15471243977833232,-0.15471243977833232,809
ZIC3,0.15465182376611267,-0.15465182376611267,810
CTHRC1,0.15460294882491868,-0.15460294882491868,811
NFYA,0.15460205722851594,0.15460205722851594,812
CLDN16,0.1545711899379287,-0.1545711899379287,813
HRK,0.1545376881203825,0.1545376881203825,814
DISP2,0.15452249686504654,-0.15452249686504654,815
RHOC,0.15449271353457755,-0.15449271353457755,816
CEP63,0.1544833565907383,-0.1544833565907383,817
EIF4EBP1,0.15448149990630722,0.15448149990630722,818
MYBPH,0.15434405271560167,-0.15434405271560167,819
CSRNP3,0.15430583542910953,-0.15430583542910953,820
PODXL,0.15428783094662069,0.15428783094662069,821
ZNF45,0.15424374777971578,0.15424374777971578,822
CA4,0.15422355121367007,-0.15422355121367007,823
RAP1GDS1,0.15422079368470823,-0.15422079368470823,824
TIMM8A,0.15407655477878648,0.15407655477878648,825
MMP12,0.15391714638024206,-0.15391714638024206,826
CHORDC1,0.15375421721359328,0.15375421721359328,827
SEMA5A,0.15369723091288925,-0.15369723091288925,828
TMEM187,0.15367032628498875,-0.15367032628498875,829
SYNGR1,0.15362543119385463,-0.15362543119385463,830
ANAPC10,0.15358792370340496,-0.15358792370340496,831
SYN2,0.15349808457847816,0.15349808457847816,832
SNX24,0.15341738347412306,0.15341738347412306,833
ING2,0.15340135673709898,0.15340135673709898,834
FAM20A,0.15336007448518654,0.15336007448518654,835
MOCS2,0.1533256591512513,-0.1533256591512513,836
UACA,0.153221674561425,-0.153221674561425,837
P2RY8,0.15321073507065194,0.15321073507065194,838
RBP4,0.15288842044199832,-0.15288842044199832,839
FOXN3,0.15271727757628184,-0.15271727757628184,840
MYO1B,0.15265199249466463,-0.15265199249466463,841
PTX3,0.1526308965994626,0.1526308965994626,842
TBX3,0.15261866068901828,-0.15261866068901828,843
IFI6,0.15253529843432256,-0.15253529843432256,844
C1QTNF1,0.15247824366046422,0.15247824366046422,845
PIK3CD,0.15244635057175415,-0.15244635057175415,846
DBNDD1,0.15224194718461453,-0.15224194718461453,847
PLD1,0.15220606944365525,0.15220606944365525,848
HTR3A,0.15209154839013436,-0.15209154839013436,849
SERPINB10,0.15206900656604852,-0.15206900656604852,850
NPTXR,0.15192097693946233,0.15192097693946233,851
ZDHHC9,0.15189834699145385,0.15189834699145385,852
SSR4,0.15189090195394053,0.15189090195394053,853
THSD7A,0.15185488499111954,-0.15185488499111954,854
RPS8,0.15184195592536862,0.15184195592536862,855
SLC38A9,0.15181602148389353,-0.15181602148389353,856
ROCK2,0.1517502478206406,-0.1517502478206406,857
CNR1,0.15168619656470278,0.15168619656470278,858
ZNF492,0.1516753906740113,-0.1516753906740113,859
SORCS1,0.1516721909314043,0.1516721909314043,860
SLC43A2,0.15163412345944544,-0.15163412345944544,861
RUNX2,0.15158206879897135,-0.15158206879897135,862
ABCG2,0.1514909992242652,-0.1514909992242652,863
FOXF2,0.15146957103654746,0.15146957103654746,864
NFRKB,0.15130510251475968,0.15130510251475968,865
CCDC97,0.1513046511095529,0.1513046511095529,866
CMKLR1,0.15126768369474664,0.15126768369474664,867
FLT4,0.15117598675513524,-0.15117598675513524,868
SLC10A3,0.1511108593177861,0.1511108593177861,869
RPA4,0.151012756640122,0.151012756640122,870
C19orf25,0.15097972774511104,-0.15097972774511104,871
MAGEC2,0.15087610609582927,0.15087610609582927,872
ICAM5,0.15087387653288115,-0.15087387653288115,873
SAMD9,0.15082723294330114,-0.15082723294330114,874
ZMYM5,0.15075042540615027,-0.15075042540615027,875
ERMP1,0.1506363829195563,0.1506363829195563,876
C1QTNF2,0.15062859808843265,0.15062859808843265,877
KCNMB4,0.15059788308585742,0.15059788308585742,878
INSIG2,0.15049701495619439,0.15049701495619439,879
ADARB2,0.15049339005487392,-0.15049339005487392,880
VANGL1,0.15047238213689199,0.15047238213689199,881
NUAK1,0.150397925256123,-0.150397925256123,882
GAL,0.1503273112670226,-0.1503273112670226,883
LIMD2,0.15023640466392904,-0.15023640466392904,884
SERPINF1,0.15009649024364055,-0.15009649024364055,885
F2RL1,0.15008328336658294,-0.15008328336658294,886
LAMC2,0.15007671690918667,0.15007671690918667,887
PIGS,0.150065511883242,-0.150065511883242,888
FZD7,0.14998872438352762,-0.14998872438352762,889
RASAL1,0.14991921291341995,0.14991921291341995,890
IMMP1L,0.14979627058303416,-0.14979627058303416,891
TAPBPL,0.14970090742520253,0.14970090742520253,892
CCT6B,0.14969118974832477,0.14969118974832477,893
ZNF655,0.1496028036299216,-0.1496028036299216,894
AKR7A3,0.14957835329355249,-0.14957835329355249,895
RGS16,0.1494991978174356,-0.1494991978174356,896
FBXO21,0.14940173217369515,0.14940173217369515,897
KRT15,0.14932568791882467,0.14932568791882467,898
HOMER2,0.14932546801319377,-0.14932546801319377,899
CLGN,0.14909996238173293,0.14909996238173293,900
TPP2,0.1490901328592622,0.1490901328592622,901
SUMO3,0.14901041500716986,0.14901041500716986,902
IL32,0.14893112930048544,-0.14893112930048544,903
RDH13,0.1488644095571486,0.1488644095571486,904
KLHL3,0.14879610505960214,-0.14879610505960214,905
UCKL1,0.1487721108004172,0.1487721108004172,906
MPHOSPH8,0.14876095913307225,-0.14876095913307225,907
LYZ,0.1487275310889729,0.1487275310889729,908
ETAA1,0.14872596154023518,-0.14872596154023518,909
IL1RAP,0.14869739689917594,-0.14869739689917594,910
ENO2,0.14864879366650088,0.14864879366650088,911
ISOC1,0.14859142753759313,0.14859142753759313,912
BTC,0.14855282641255207,-0.14855282641255207,913
WTAP,0.1485367533798077,-0.1485367533798077,914
IQCK,0.14851449424391752,-0.14851449424391752,915
CAV2,0.1485060172634164,0.1485060172634164,916
ACSS2,0.14846845646544696,-0.14846845646544696,917
GPX7,0.14837857449860278,-0.14837857449860278,918
ABHD11,0.14837508448545503,-0.14837508448545503,919
TMEM102,0.14835678877221758,-0.14835678877221758,920
FBXO2,0.14832522721888874,-0.14832522721888874,921
SCAMP5,0.14828543314578987,-0.14828543314578987,922
C18orf25,0.14825995481440313,0.14825995481440313,923
PSME1,0.14824274523182776,0.14824274523182776,924
RNF38,0.14824268936146542,0.14824268936146542,925
SLC16A10,0.14817846891824277,0.14817846891824277,926
DET1,0.14817400992608634,0.14817400992608634,927
CLIP4,0.14816085761483228,-0.14816085761483228,928
TANK,0.14815102234421484,0.14815102234421484,929
BCAP31,0.14785468953490521,0.14785468953490521,930
TPM2,0.14778611298720273,-0.14778611298720273,931
TLR7,0.14777980333292992,0.14777980333292992,932
IRF7,0.14774756197703212,0.14774756197703212,933
ADAM19,0.14774444945116486,0.14774444945116486,934
IL20RA,0.14773908291044222,0.14773908291044222,935
SHPK,0.14769539501130327,-0.14769539501130327,936
TNNI2,0.14765406324029307,-0.14765406324029307,937
TMOD1,0.14762193689359163,-0.14762193689359163,938
GLS2,0.14759683212961863,0.14759683212961863,939
RNF34,0.147590689018154,0.147590689018154,940
MS4A1,0.14753361361155024,0.14753361361155024,941
LAMA3,0.14751513646735187,0.14751513646735187,942
SNRPD1,0.14735949733102596,0.14735949733102596,943
FKBP11,0.14735378246390698,0.14735378246390698,944
ALG14,0.14732175545336493,-0.14732175545336493,945
SYNPO,0.1472826212093631,0.1472826212093631,946
PIGK,0.14725508001183263,-0.14725508001183263,947
CHN1,0.14717503698215936,0.14717503698215936,948
TMEM40,0.14712339090634505,0.14712339090634505,949
DLGAP4,0.14711585248817607,-0.14711585248817607,950
SIGIRR,0.14694409284334253,0.14694409284334253,951
A2ML1,0.1468874691127324,0.1468874691127324,952
C7,0.1468129306592718,0.1468129306592718,953
ATP2B3,0.14678516853199544,0.14678516853199544,954
CRIP1,0.1466848900545664,-0.1466848900545664,955
C10orf82,0.14667199279700197,-0.14667199279700197,956
KIRREL3,0.14663527253791755,0.14663527253791755,957
N4BP3,0.14658190172772015,-0.14658190172772015,958
RMND1,0.14652737181499045,-0.14652737181499045,959
RHPN2,0.1464538925763,-0.1464538925763,960
TM2D3,0.14640169027578928,0.14640169027578928,961
SLC25A29,0.14639639192864112,-0.14639639192864112,962
SLC26A2,0.14631615770146342,-0.14631615770146342,963
PON1,0.14630042891850706,0.14630042891850706,964
S100A14,0.1462901095765173,0.1462901095765173,965
BTNL9,0.14624303532973662,-0.14624303532973662,966
GDF3,0.14614825708986287,-0.14614825708986287,967
CREB3L1,0.1460221365580898,0.1460221365580898,968
TNNI3,0.14587890198071976,0.14587890198071976,969
FBXL7,0.1457777817145026,-0.1457777817145026,970
PWP2,0.14574579409629243,0.14574579409629243,971
DNAJC15,0.14573534932381915,-0.14573534932381915,972
VEGFC,0.14564259080145853,-0.14564259080145853,973
PARVA,0.14554940083313003,0.14554940083313003,974
SLC35A5,0.14553003871812176,0.14553003871812176,975
PNMA3,0.14538272501573615,0.14538272501573615,976
GPC1,0.14505081732581276,0.14505081732581276,977
GPN2,0.14505072709932224,-0.14505072709932224,978
PRKAB2,0.14488198853708534,-0.14488198853708534,979
SORCS3,0.1447784989182723,-0.1447784989182723,980
PCID2,0.14473240070627813,0.14473240070627813,981
FBP1,0.14471119135778665,-0.14471119135778665,982
SPATA5L1,0.14462133925692974,-0.14462133925692974,983
FHOD3,0.1446031999808993,0.1446031999808993,984
FYN,0.1445926943158393,-0.1445926943158393,985
DDX58,0.14456555642038252,-0.14456555642038252,986
TGFBR2,0.14448610298186598,0.14448610298186598,987
CSDC2,0.1444611885030852,0.1444611885030852,988
PCLO,0.14443360379600734,-0.14443360379600734,989
TMEM38A,0.14442523611825703,0.14442523611825703,990
BIRC5,0.1441550637187572,0.1441550637187572,991
MLXIPL,0.14415302380289435,-0.14415302380289435,992
SPINT1,0.1441249664749839,-0.1441249664749839,993
RNF43,0.14408675835182025,-0.14408675835182025,994
SALL2,0.14407200116663918,0.14407200116663918,995
RNF213,0.14405056880152614,-0.14405056880152614,996
CD4,0.14400320886525927,0.14400320886525927,997
GATA4,0.14390320569965048,0.14390320569965048,998
NUDT4,0.1437515763641594,-0.1437515763641594,999
B3GAT1,0.14371355553389603,0.14371355553389603,1000
NCOA1,0.14352429031012556,0.14352429031012556,1001
ING3,0.14351675584629306,0.14351675584629306,1002
ALOX5AP,0.14350526447532805,-0.14350526447532805,1003
LCN12,0.1435030378249548,0.1435030378249548,1004
PTPN3,0.1434967346469404,-0.1434967346469404,1005
NUP155,0.1434496785985639,0.1434496785985639,1006
TRMT61A,0.14342879387692084,-0.14342879387692084,1007
IRX5,0.14340625143103544,0.14340625143103544,1008
APOL2,0.14324006805156345,0.14324006805156345,1009
ANKRD50,0.1432371526397966,-0.1432371526397966,1010
MFSD6,0.14320769161269084,0.14320769161269084,1011
PDE8A,0.14313284749390112,0.14313284749390112,1012
ALDH1B1,0.14308826484858025,-0.14308826484858025,1013
EIF2B1,0.14303368826896037,-0.14303368826896037,1014
ASPM,0.14296243638232795,-0.14296243638232795,1015
CCNDBP1,0.14290896143725715,-0.14290896143725715,1016
TRIM29,0.14283824223698716,-0.14283824223698716,1017
SLC16A8,0.14281104671628786,-0.14281104671628786,1018
RAB40B,0.14269845331995348,-0.14269845331995348,1019
SLC12A9,0.14267166822163735,-0.14267166822163735,1020
EMX2,0.14266415663403512,-0.14266415663403512,1021
CD5,0.1425306369094843,0.1425306369094843,1022
PLA2G2A,0.14250619387963653,0.14250619387963653,1023
PRRG2,0.14228722396954183,-0.14228722396954183,1024
IGFALS,0.14225649680943583,-0.14225649680943583,1025
NRP2,0.1422205212485387,0.1422205212485387,1026
TCTN3,0.1421987095823845,-0.1421987095823845,1027
RSPH3,0.14219067995591647,-0.14219067995591647,1028
LMCD1,0.14218729467951202,-0.14218729467951202,1029
FOXE1,0.14208995118168366,0.14208995118168366,1030
DCLK1,0.14202375156649732,0.14202375156649732,1031
DRD4,0.14196885889574024,-0.14196885889574024,1032
TPK1,0.1419192199230832,-0.1419192199230832,1033
VTCN1,0.14182598770545063,0.14182598770545063,1034
SLC39A11,0.1417987146700578,-0.1417987146700578,1035
CD83,0.14178764098820182,-0.14178764098820182,1036
RNPEPL1,0.14172844064751963,0.14172844064751963,1037
FBLN5,0.14169320098577068,-0.14169320098577068,1038
NPR1,0.14166755653778404,0.14166755653778404,1039
CCDC17,0.14166209459245624,0.14166209459245624,1040
PITX2,0.1416597191399866,0.1416597191399866,1041
LDHB,0.14159164047078784,-0.14159164047078784,1042
NCF1,0.14157191104248337,0.14157191104248337,1043
GRIN2C,0.14142175285487518,-0.14142175285487518,1044
DPP4,0.1413823173075055,0.1413823173075055,1045
RRP7A,0.1412817474991045,-0.1412817474991045,1046
WDR20,0.14123890033306313,-0.14123890033306313,1047
SLC12A6,0.14122289678896877,0.14122289678896877,1048
ZDHHC2,0.14114116923435996,0.14114116923435996,1049
TMEM51,0.1411345858164157,-0.1411345858164157,1050
FOXB1,0.14099429571679273,-0.14099429571679273,1051
OPCML,0.1408451051442165,-0.1408451051442165,1052
UCK1,0.14080429497725797,-0.14080429497725797,1053
AFAP1L2,0.14078015271749927,0.14078015271749927,1054
DNAJB6,0.14076059846887012,0.14076059846887012,1055
AHSA1,0.1407591962068775,0.1407591962068775,1056
FBXO16,0.14070583984743085,0.14070583984743085,1057
KCNJ5,0.1406768524089382,0.1406768524089382,1058
FZD10,0.14066626912895283,0.14066626912895283,1059
ITGB5,0.14061115989042333,-0.14061115989042333,1060
UBE4A,0.14055293409686773,0.14055293409686773,1061
DCN,0.1405491421275029,-0.1405491421275029,1062
HBA2,0.14048186045101232,-0.14048186045101232,1063
IL17RE,0.14044025116896444,-0.14044025116896444,1064
KLF4,0.1404251429311717,-0.1404251429311717,1065
OCLN,0.14031761577879365,-0.14031761577879365,1066
ST6GALNAC2,0.14020644033249102,0.14020644033249102,1067
DOK3,0.14014190372346202,-0.14014190372346202,1068
NPFFR2,0.14000388860573343,0.14000388860573343,1069
LILRB5,0.13995411379132564,0.13995411379132564,1070
RALGPS2,0.13992493227983688,0.13992493227983688,1071
BUB3,0.1398911189489229,0.1398911189489229,1072
NCBP2,0.1398693175772888,-0.1398693175772888,1073
MGLL,0.13981956204654614,0.13981956204654614,1074
SRGAP2,0.13977650502163086,-0.13977650502163086,1075
PTGFRN,0.13976010033662822,0.13976010033662822,1076
PRDX2,0.1396985232129248,-0.1396985232129248,1077
RNF145,0.1396711042897319,0.1396711042897319,1078
RASL10A,0.1396395233314401,-0.1396395233314401,1079
PCDH18,0.13953112047012606,-0.13953112047012606,1080
BBX,0.13941824980349746,0.13941824980349746,1081
HOXB7,0.13940516794033758,0.13940516794033758,1082
B4GALT1,0.139333833969188,0.139333833969188,1083
DOCK9,0.13932099129404596,0.13932099129404596,1084
F12,0.1393011768164994,-0.1393011768164994,1085
RCL1,0.13917940624092656,0.13917940624092656,1086
SMYD2,0.13913976393212069,0.13913976393212069,1087
CDC20,0.13909254242486327,0.13909254242486327,1088
RASL11A,0.13908761758375077,0.13908761758375077,1089
EPB41,0.13906382887870655,-0.13906382887870655,1090
TP53I11,0.13904920402957613,-0.13904920402957613,1091
CLMN,0.13904017023692458,-0.13904017023692458,1092
FAM171B,0.13902300562153602,-0.13902300562153602,1093
ZHX3,0.13901265589327896,-0.13901265589327896,1094
CORO2A,0.1389794704221061,-0.1389794704221061,1095
CD2,0.13889278961380963,0.13889278961380963,1096
ADAMTS10,0.13885013789098477,-0.13885013789098477,1097
MSI1,0.13878026244195737,0.13878026244195737,1098
TTC13,0.13874284567196452,0.13874284567196452,1099
TMEM120A,0.1387149511400467,-0.1387149511400467,1100
KRCC1,0.13866659364645703,-0.13866659364645703,1101
THRA,0.13858528869337242,-0.13858528869337242,1102
EED,0.13854784086689437,0.13854784086689437,1103
DACT3,0.1385028638184796,-0.1385028638184796,1104
CXCL1,0.13846200074787227,-0.13846200074787227,1105
P2RY6,0.13841838402726594,0.13841838402726594,1106
RASAL2,0.1384007158575179,0.1384007158575179,1107
CRELD1,0.1382393036976018,-0.1382393036976018,1108
ARHGAP27,0.1382347889304219,0.1382347889304219,1109
RGL3,0.1382092548155926,-0.1382092548155926,1110
LENG8,0.13818525625823666,0.13818525625823666,1111
RBM14,0.13814456266782169,0.13814456266782169,1112
HEXIM1,0.13810949409756546,0.13810949409756546,1113
OLFM2,0.13810842909023005,-0.13810842909023005,1114
NNMT,0.13801759013488873,0.13801759013488873,1115
DPYSL4,0.13795017287555258,0.13795017287555258,1116
ZC3H8,0.13790181093531345,0.13790181093531345,1117
FOXM1,0.13790074747031567,0.13790074747031567,1118
SDC2,0.13790069874102115,-0.13790069874102115,1119
FZD3,0.13782857825624434,0.13782857825624434,1120
DUT,0.13775842591419307,-0.13775842591419307,1121
HKDC1,0.13773326764345833,0.13773326764345833,1122
FLRT1,0.13772503154306287,0.13772503154306287,1123
CHML,0.13767659880761415,0.13767659880761415,1124
GIGYF1,0.13765018173153112,-0.13765018173153112,1125
ITM2C,0.13753293994978502,0.13753293994978502,1126
TAF15,0.13742069669247986,0.13742069669247986,1127
BTN3A2,0.13739140039501088,0.13739140039501088,1128
MC4R,0.13732608587562456,-0.13732608587562456,1129
ARL4D,0.13731128747287868,0.13731128747287868,1130
FAM3D,0.13729651179625485,0.13729651179625485,1131
VRK1,0.13724989146553906,-0.13724989146553906,1132
TKTL1,0.13710880963089997,-0.13710880963089997,1133
FBXO5,0.13680649787362142,-0.13680649787362142,1134
IDH2,0.1368059466760648,0.1368059466760648,1135
CHRND,0.13680076209904654,0.13680076209904654,1136
IPO9,0.13679961903096002,-0.13679961903096002,1137
NAT9,0.1367607868462365,-0.1367607868462365,1138
MYC,0.13666432897999206,-0.13666432897999206,1139
TMEM222,0.13665486440890598,-0.13665486440890598,1140
CX3CR1,0.13648054274718166,-0.13648054274718166,1141
CLCA2,0.1364707148624424,0.1364707148624424,1142
NCDN,0.13646460522378556,-0.13646460522378556,1143
DUSP26,0.13642905601442604,-0.13642905601442604,1144
CREB3L4,0.13640805443860507,0.13640805443860507,1145
TPCN1,0.13640698948545862,0.13640698948545862,1146
SLC15A4,0.1362875170838155,0.1362875170838155,1147
NUS1,0.13625670516786956,0.13625670516786956,1148
ATP9B,0.13622008262506613,0.13622008262506613,1149
SOST,0.13615851497209208,-0.13615851497209208,1150
BCAS3,0.13612893636117973,-0.13612893636117973,1151
CHST8,0.13609328806458207,0.13609328806458207,1152
MMGT1,0.13604273789821172,0.13604273789821172,1153
TMEM68,0.13602188042232186,-0.13602188042232186,1154
CSNK1G2,0.1360190372490347,-0.1360190372490347,1155
TRIB2,0.13598141408121123,0.13598141408121123,1156
ARHGEF2,0.13593954043349193,0.13593954043349193,1157
BANK1,0.13589631011427847,0.13589631011427847,1158
MEX3C,0.13583683495689042,0.13583683495689042,1159
RIPK1,0.13580465724988425,0.13580465724988425,1160
FBXW9,0.1357439974838315,-0.1357439974838315,1161
C11orf49,0.13568421824903198,-0.13568421824903198,1162
PIM1,0.1356637730768306,-0.1356637730768306,1163
ARFGEF1,0.13563398770192947,-0.13563398770192947,1164
ADCY1,0.1355778575782064,-0.1355778575782064,1165
TMPRSS3,0.13554462905866568,0.13554462905866568,1166
NDUFS4,0.1353457905397229,-0.1353457905397229,1167
PNPLA6,0.13533468962016104,-0.13533468962016104,1168
RAB11A,0.13529483944135814,-0.13529483944135814,1169
HSPB11,0.13524536835195458,0.13524536835195458,1170
LYPD6B,0.13523505413365863,0.13523505413365863,1171
INPP5F,0.13516416949552987,-0.13516416949552987,1172
ALDH7A1,0.1351132860664562,0.1351132860664562,1173
RASD1,0.1351095404903184,0.1351095404903184,1174
KRI1,0.1350290849574229,-0.1350290849574229,1175
AP2A2,0.1348766860153345,0.1348766860153345,1176
ZC3H7A,0.13478896195477233,-0.13478896195477233,1177
TPSAB1,0.13475269078128554,0.13475269078128554,1178
ARHGAP29,0.1347188722425495,-0.1347188722425495,1179
PRPF39,0.13468474811760858,0.13468474811760858,1180
IGF2R,0.13463053123212007,-0.13463053123212007,1181
SLC44A5,0.13462581618775366,0.13462581618775366,1182
ABCE1,0.13462131923402842,-0.13462131923402842,1183
PAAF1,0.13454703635286258,0.13454703635286258,1184
TMEM170A,0.13454702018686954,0.13454702018686954,1185
AGPAT3,0.13444417054875155,0.13444417054875155,1186
QSER1,0.1344439979019732,0.1344439979019732,1187
IWS1,0.1344154678844182,0.1344154678844182,1188
C1orf21,0.13439694140054992,-0.13439694140054992,1189
ADRA2A,0.13433433738622083,-0.13433433738622083,1190
FAM3A,0.1343227390397798,0.1343227390397798,1191
KLK1,0.1342969235090498,0.1342969235090498,1192
SDC4,0.134289970155282,-0.134289970155282,1193
MFF,0.1342763481928115,0.1342763481928115,1194
REXO4,0.13425834563964564,-0.13425834563964564,1195
GGT1,0.13423881798997572,-0.13423881798997572,1196
MAD2L1,0.13419485623500815,-0.13419485623500815,1197
NADK,0.13418669271910125,-0.13418669271910125,1198
SMARCAL1,0.1340730587559644,0.1340730587559644,1199
RASGRP1,0.1340501613064611,0.1340501613064611,1200
PCSK2,0.13400419590978463,-0.13400419590978463,1201
ID4,0.13393536042640644,0.13393536042640644,1202
FDX1,0.133935318501404,-0.133935318501404,1203
A2M,0.13386192461577448,-0.13386192461577448,1204
IGF2BP2,0.1338618416213411,0.1338618416213411,1205
SLC43A3,0.13379694127548858,0.13379694127548858,1206
SLC44A2,0.13377809750096645,-0.13377809750096645,1207
ICOSLG,0.13370970242374164,-0.13370970242374164,1208
SUSD1,0.13367132053104835,-0.13367132053104835,1209
VSIG4,0.13366965839232917,-0.13366965839232917,1210
PCBP3,0.13366453247806215,-0.13366453247806215,1211
C9orf16,0.13365788656630165,-0.13365788656630165,1212
HSD17B8,0.13364295279154603,-0.13364295279154603,1213
HTATSF1,0.1336420551426371,0.1336420551426371,1214
THAP4,0.13362044952700788,0.13362044952700788,1215
FUNDC1,0.1334241394559739,-0.1334241394559739,1216
FMNL1,0.13336194802988335,0.13336194802988335,1217
AASDHPPT,0.13332609877353718,0.13332609877353718,1218
IQGAP2,0.13332291652206046,-0.13332291652206046,1219
AURKC,0.1332290750694569,-0.1332290750694569,1220
PSMB10,0.13322893100079544,0.13322893100079544,1221
CDC7,0.13322736242925767,-0.13322736242925767,1222
TMEM130,0.1331998526754043,-0.1331998526754043,1223
HPN,0.1331320951756618,-0.1331320951756618,1224
AKR1C1,0.1330946101702014,0.1330946101702014,1225
TAF5L,0.13307023484364972,0.13307023484364972,1226
CUL4A,0.13297801114851093,0.13297801114851093,1227
GRAMD1B,0.13293044455515698,0.13293044455515698,1228
NSUN6,0.13274983765189474,-0.13274983765189474,1229
NUDT7,0.13274584949393467,0.13274584949393467,1230
IP6K3,0.13265942712248785,-0.13265942712248785,1231
BAG1,0.13263216461364977,-0.13263216461364977,1232
GLUD1,0.13259729670740464,-0.13259729670740464,1233
DUSP2,0.13259605418052436,-0.13259605418052436,1234
DDC,0.13255847554878133,0.13255847554878133,1235
NOXO1,0.13251920529206773,-0.13251920529206773,1236
CDK7,0.13248433492559206,-0.13248433492559206,1237
GALNT12,0.13244797212440168,-0.13244797212440168,1238
TRIM37,0.1323770297300389,-0.1323770297300389,1239
MAP2K6,0.13226076319462074,0.13226076319462074,1240
RGMB,0.1322359314340626,0.1322359314340626,1241
ZNF222,0.1322006260478969,0.1322006260478969,1242
CHEK1,0.13218985611774817,0.13218985611774817,1243
COMMD10,0.13217602550220048,-0.13217602550220048,1244
ZNF675,0.13215318831089418,-0.13215318831089418,1245
PTTG1,0.13215062658234783,0.13215062658234783,1246
ABCA2,0.1321378551542033,0.1321378551542033,1247
PGPEP1,0.13212483855267643,-0.13212483855267643,1248
MT1X,0.1320819614949318,-0.1320819614949318,1249
APEH,0.13204923600320467,-0.13204923600320467,1250
GABBR1,0.13203165520634563,-0.13203165520634563,1251
TSPAN8,0.1320285328984231,0.1320285328984231,1252
ALPL,0.1320258841979234,0.1320258841979234,1253
IL17RA,0.1319942714582359,0.1319942714582359,1254
CLTB,0.13198745598623632,-0.13198745598623632,1255
EIF2B2,0.13198523824448052,0.13198523824448052,1256
PEX3,0.13195166645671882,-0.13195166645671882,1257
PRPF18,0.13194438903318453,-0.13194438903318453,1258
LGALS9,0.13191901717418433,-0.13191901717418433,1259
MCM5,0.13189329631461685,0.13189329631461685,1260
MRPL35,0.13180938562909295,-0.13180938562909295,1261
ADO,0.13174163112218096,-0.13174163112218096,1262
CCNA1,0.13172529877055142,0.13172529877055142,1263
CEP70,0.13172472640894684,0.13172472640894684,1264
CLDN18,0.13163527917514187,0.13163527917514187,1265
TSPYL5,0.13159020267991625,0.13159020267991625,1266
DMXL1,0.13158210648668167,0.13158210648668167,1267
ERAP2,0.1314924355967893,-0.1314924355967893,1268
PRSS12,0.13145611217494804,-0.13145611217494804,1269
SEC16B,0.13144007807983385,-0.13144007807983385,1270
UPK3B,0.13140948935807648,0.13140948935807648,1271
SMOC1,0.13125577694565282,-0.13125577694565282,1272
PREX2,0.1312463855675295,0.1312463855675295,1273
PARN,0.1312057459348336,-0.1312057459348336,1274
UBIAD1,0.13118836648210763,0.13118836648210763,1275
TPX2,0.13109050270187775,0.13109050270187775,1276
OSCAR,0.1310822325746719,-0.1310822325746719,1277
MR1,0.1310662510899681,-0.1310662510899681,1278
KCNK1,0.1309902565146023,0.1309902565146023,1279
SYT13,0.13095611601707202,0.13095611601707202,1280
TTC9C,0.13091132751974913,0.13091132751974913,1281
FNTB,0.13088702605472977,0.13088702605472977,1282
PSMA3,0.13087497048715185,0.13087497048715185,1283
SLC35A4,0.1308739189446316,-0.1308739189446316,1284
MTMR14,0.13082799423107963,-0.13082799423107963,1285
ASF1B,0.1305707644120114,-0.1305707644120114,1286
SYTL1,0.13048277978430825,0.13048277978430825,1287
PCOLCE2,0.13045812343566493,-0.13045812343566493,1288
AOX1,0.1303728004012648,0.1303728004012648,1289
SPDEF,0.13035421321331447,-0.13035421321331447,1290
FRAT2,0.13031925503174802,-0.13031925503174802,1291
KDSR,0.13029895099637548,-0.13029895099637548,1292
UPF3A,0.1302854346004313,0.1302854346004313,1293
IFNE,0.1302795464920424,0.1302795464920424,1294
GJA5,0.13024472747437107,0.13024472747437107,1295
XCL2,0.13024405500883982,-0.13024405500883982,1296
CLCN4,0.1302393685897173,0.1302393685897173,1297
SDHD,0.1302010164266279,-0.1302010164266279,1298
IGFBP5,0.13020000263619036,0.13020000263619036,1299
PAFAH1B2,0.13004658492442117,0.13004658492442117,1300
FOXG1,0.13000519799987564,0.13000519799987564,1301
ZNF777,0.12999257426395178,-0.12999257426395178,1302
FNDC3A,0.12997595116959795,0.12997595116959795,1303
CKS2,0.12996859328515653,0.12996859328515653,1304
ST6GALNAC4,0.1299645307245193,-0.1299645307245193,1305
STMN1,0.12992927406084187,0.12992927406084187,1306
FHOD1,0.12985968260537453,0.12985968260537453,1307
ARL6IP6,0.12978730653282045,0.12978730653282045,1308
KANK2,0.12974524011580726,-0.12974524011580726,1309
OXNAD1,0.12969371170413815,0.12969371170413815,1310
HADH,0.1296251684700314,0.1296251684700314,1311
PAN2,0.12960490571860517,0.12960490571860517,1312
NT5M,0.12959335995913193,0.12959335995913193,1313
AOC2,0.12956574233651008,-0.12956574233651008,1314
KIAA0753,0.12949469139852035,-0.12949469139852035,1315
KRT33A,0.12946291940442436,-0.12946291940442436,1316
CLDN3,0.1293950190911469,-0.1293950190911469,1317
TBCC,0.12938859073186393,0.12938859073186393,1318
CR2,0.1293822268997163,0.1293822268997163,1319
KALRN,0.12937327257130124,-0.12937327257130124,1320
DCBLD2,0.1293653390816904,0.1293653390816904,1321
LY6G6C,0.1293404490256538,0.1293404490256538,1322
PPARD,0.12933994046374592,0.12933994046374592,1323
PRDM13,0.12931850394024774,-0.12931850394024774,1324
NEK6,0.12930131988278432,-0.12930131988278432,1325
ZCCHC17,0.12929757003595402,-0.12929757003595402,1326
CCDC69,0.12924392070008525,0.12924392070008525,1327
TG,0.1292355451646383,0.1292355451646383,1328
GGT6,0.1292315504313317,-0.1292315504313317,1329
KLF9,0.12913906266560854,-0.12913906266560854,1330
PDCD6IP,0.12913497444940086,-0.12913497444940086,1331
ADCY6,0.1291260356014317,-0.1291260356014317,1332
OSBPL9,0.12908543332822145,-0.12908543332822145,1333
IKZF1,0.12907046353357915,0.12907046353357915,1334
ARID1B,0.1290692552967811,-0.1290692552967811,1335
KCNN2,0.12902475000748123,0.12902475000748123,1336
DHX29,0.12897435520407016,-0.12897435520407016,1337
ARRDC2,0.12895168228682533,-0.12895168228682533,1338
EGR1,0.12889877290855245,-0.12889877290855245,1339
MRPS27,0.12882389502630406,-0.12882389502630406,1340
RBPMS,0.12880979015229535,-0.12880979015229535,1341
SFXN4,0.12873210080051584,0.12873210080051584,1342
EDN1,0.12867338293019334,0.12867338293019334,1343
FAIM,0.12861930005562602,0.12861930005562602,1344
RNF41,0.128591507474509,0.128591507474509,1345
ADAMTS17,0.12858618154965024,0.12858618154965024,1346
OVGP1,0.1285048861431818,-0.1285048861431818,1347
USP13,0.1284733469912006,0.1284733469912006,1348
TACC1,0.12840540146703755,0.12840540146703755,1349
SV2A,0.12839916252562014,-0.12839916252562014,1350
FARP1,0.1283970741113999,0.1283970741113999,1351
EMID1,0.1283831839528615,-0.1283831839528615,1352
VDAC3,0.1283045689183708,0.1283045689183708,1353
SAMD10,0.12827204629069267,0.12827204629069267,1354
NAE1,0.12819591010443143,0.12819591010443143,1355
ALDH1L1,0.12809331733281315,0.12809331733281315,1356
RBM8A,0.1280683681868418,-0.1280683681868418,1357
COL9A2,0.12803263898719403,0.12803263898719403,1358
PPP2R5B,0.12801717856807285,0.12801717856807285,1359
SLC17A7,0.12800015304893722,-0.12800015304893722,1360
KIF22,0.12797570405355793,0.12797570405355793,1361
ERLIN1,0.12794127134892258,-0.12794127134892258,1362
TNS3,0.12789271373785688,-0.12789271373785688,1363
PHF21A,0.1278705365496687,-0.1278705365496687,1364
SCN2B,0.12782364734500484,0.12782364734500484,1365
ODF2,0.12778554964648958,0.12778554964648958,1366
RPUSD4,0.12776372980575554,0.12776372980575554,1367
CYP7B1,0.12763028330187054,-0.12763028330187054,1368
MRPL54,0.12760502745990615,0.12760502745990615,1369
UTP23,0.12758577218328343,-0.12758577218328343,1370
SNRPA,0.1275797311223185,0.1275797311223185,1371
LRRC8B,0.127559593384176,-0.127559593384176,1372
SMAD1,0.1275153081052819,-0.1275153081052819,1373
CRLF1,0.12751274019084852,-0.12751274019084852,1374
GCDH,0.12750785644447096,-0.12750785644447096,1375
DHRS11,0.12739940361021565,0.12739940361021565,1376
SPRY1,0.12731933593761463,-0.12731933593761463,1377
CNN3,0.12731888370244182,0.12731888370244182,1378
SPIRE1,0.1272247468173967,-0.1272247468173967,1379
SH3PXD2A,0.12722061342824428,-0.12722061342824428,1380
ARL2BP,0.1271752792325443,-0.1271752792325443,1381
ZNF587,0.12717338911428502,-0.12717338911428502,1382
CHRNA10,0.12712916763283633,0.12712916763283633,1383
MRPS18B,0.12711365189018145,0.12711365189018145,1384
PAGE4,0.12710402377409644,0.12710402377409644,1385
NGF,0.12706685853720487,0.12706685853720487,1386
PEMT,0.12706627376271118,-0.12706627376271118,1387
PPP1R2,0.12704777008306714,-0.12704777008306714,1388
PAICS,0.12702122452718692,0.12702122452718692,1389
FAM135B,0.1270153284345786,0.1270153284345786,1390
STRA6,0.12699400591800614,-0.12699400591800614,1391
NUP43,0.1269829395565321,-0.1269829395565321,1392
DNAH7,0.12694729361502827,-0.12694729361502827,1393
APOBEC3B,0.12690474321997863,0.12690474321997863,1394
CDC42EP5,0.12690308847801385,0.12690308847801385,1395
SUPT4H1,0.12685638283739756,-0.12685638283739756,1396
KCNC4,0.12684013014003026,0.12684013014003026,1397
GJA4,0.12681777332160582,0.12681777332160582,1398
TBX1,0.12681330051376394,0.12681330051376394,1399
FAM118A,0.1267406446872169,0.1267406446872169,1400
IGSF9,0.12672053430666544,0.12672053430666544,1401
MTBP,0.12666304890663801,-0.12666304890663801,1402
GDF15,0.12666155357185452,-0.12666155357185452,1403
MAGEC3,0.1266506913413024,-0.1266506913413024,1404
BECN1,0.12664354164078284,0.12664354164078284,1405
USE1,0.12659841057652102,0.12659841057652102,1406
SEMA6A,0.1265956052434275,-0.1265956052434275,1407
CTNNA3,0.12658598050716927,0.12658598050716927,1408
GNGT2,0.1265128784533352,0.1265128784533352,1409
PIGZ,0.12648792933858102,-0.12648792933858102,1410
ABLIM1,0.12645940657412652,0.12645940657412652,1411
IER3,0.12644801752834597,0.12644801752834597,1412
CARHSP1,0.12639243787292279,-0.12639243787292279,1413
ZNF544,0.12638119860239597,0.12638119860239597,1414
HP,0.12635132975507743,-0.12635132975507743,1415
ZNF564,0.12629268155017132,-0.12629268155017132,1416
DNAJB11,0.1262680912201436,0.1262680912201436,1417
SEC24B,0.12624861397092002,-0.12624861397092002,1418
MPV17L,0.12611200679020754,-0.12611200679020754,1419
DENND1B,0.12609174808359683,-0.12609174808359683,1420
TRIM22,0.12605045213161659,-0.12605045213161659,1421
LARP4,0.12604733605472546,0.12604733605472546,1422
PIP4K2C,0.12603197186543127,0.12603197186543127,1423
CRBN,0.1259968710845217,-0.1259968710845217,1424
PDLIM3,0.12590770741418114,0.12590770741418114,1425
IL27RA,0.1258786693084639,-0.1258786693084639,1426
P2RY1,0.12586995541765325,0.12586995541765325,1427
MXD3,0.12586609097588464,-0.12586609097588464,1428
CHAC1,0.12580163645296627,0.12580163645296627,1429
ABI3BP,0.12575454176556233,0.12575454176556233,1430
STRADA,0.12572723984226547,-0.12572723984226547,1431
CEACAM5,0.1256851017400613,-0.1256851017400613,1432
SEMA4A,0.1256372476334264,0.1256372476334264,1433
APC2,0.1256266913429761,-0.1256266913429761,1434
DDX28,0.1256258112632462,0.1256258112632462,1435
ALDH3A2,0.12553327927452348,-0.12553327927452348,1436
RRAD,0.12550227922224325,0.12550227922224325,1437
DAAM1,0.1254408122241327,0.1254408122241327,1438
UBE2T,0.12542420232646348,-0.12542420232646348,1439
JAG2,0.1253921635794839,0.1253921635794839,1440
DGKQ,0.1253647892287011,0.1253647892287011,1441
OPN3,0.12529439064181455,-0.12529439064181455,1442
CAPN5,0.12525978012308053,0.12525978012308053,1443
C5orf22,0.12522137347250717,-0.12522137347250717,1444
FABP3,0.1251615374396717,-0.1251615374396717,1445
SFN,0.12514625044034516,-0.12514625044034516,1446
C3orf52,0.12510279036253416,-0.12510279036253416,1447
WDR3,0.12508638428389965,-0.12508638428389965,1448
DOCK1,0.12508224705173962,-0.12508224705173962,1449
TFAP2C,0.12505945505861893,0.12505945505861893,1450
ACO1,0.12502872362250653,-0.12502872362250653,1451
TDRD7,0.12500004399574305,-0.12500004399574305,1452
CLDN7,0.12499276362608124,-0.12499276362608124,1453
KATNAL1,0.12492363975411672,0.12492363975411672,1454
ZWINT,0.12484857775057262,-0.12484857775057262,1455
SENP3,0.12478131967330197,0.12478131967330197,1456
LYPLAL1,0.12470364120492028,-0.12470364120492028,1457
GOLGA3,0.12469168584645625,0.12469168584645625,1458
BIN3,0.12466142519418531,-0.12466142519418531,1459
MMEL1,0.12462847916166549,-0.12462847916166549,1460
SH3BP5,0.12461212933752971,-0.12461212933752971,1461
HCFC1R1,0.12456371118938277,0.12456371118938277,1462
SERPINB3,0.12450907484418205,-0.12450907484418205,1463
ITFG2,0.12446249687909147,-0.12446249687909147,1464
ZDHHC6,0.12442196823821712,0.12442196823821712,1465
PRB1,0.12441866923216068,-0.12441866923216068,1466
AQP2,0.12439569240653751,0.12439569240653751,1467
RABGGTB,0.12427371729353227,-0.12427371729353227,1468
PPM1B,0.12421322975881734,-0.12421322975881734,1469
NLRP4,0.12420984375601218,-0.12420984375601218,1470
ZMYND12,0.1241896168687218,-0.1241896168687218,1471
CDC14B,0.12418431031164431,-0.12418431031164431,1472
RRP1B,0.1241067581714201,0.1241067581714201,1473
TMEM106B,0.1240417046222666,-0.1240417046222666,1474
ANXA1,0.12401571989764916,0.12401571989764916,1475
PPP3CC,0.12398398993051349,-0.12398398993051349,1476
RAB24,0.12395455546765947,-0.12395455546765947,1477
FANCD2,0.12393720691605431,-0.12393720691605431,1478
SNRPB,0.12390402877998863,0.12390402877998863,1479
GSTA4,0.12382822277574518,-0.12382822277574518,1480
DUSP5,0.12377056410669743,0.12377056410669743,1481
GAPDHS,0.12374674948331033,0.12374674948331033,1482
KLHL29,0.12373064991019785,0.12373064991019785,1483
CSPG4,0.12370295759382334,0.12370295759382334,1484
VPS37B,0.12367544715318857,0.12367544715318857,1485
TSPAN13,0.1235976897630803,0.1235976897630803,1486
IGF2BP1,0.12358446280505797,0.12358446280505797,1487
RSU1,0.12356031556470648,-0.12356031556470648,1488
FAM174B,0.12355393973340519,0.12355393973340519,1489
MARVELD2,0.12352514912829683,-0.12352514912829683,1490
C2,0.12342247491895156,0.12342247491895156,1491
MALT1,0.12341760944168702,0.12341760944168702,1492
PDLIM5,0.12341478702750674,-0.12341478702750674,1493
KLK14,0.12340662417576465,0.12340662417576465,1494
F2RL3,0.12339355390853694,0.12339355390853694,1495
DHFR,0.12336016975611203,-0.12336016975611203,1496
MRPL4,0.12335378633225,-0.12335378633225,1497
VDR,0.12335078998544934,0.12335078998544934,1498
AGT,0.12334631815137719,-0.12334631815137719,1499
GATA3,0.12333653680793025,-0.12333653680793025,1500
MAGEF1,0.12314020709507713,0.12314020709507713,1501
BYSL,0.12311528078918983,0.12311528078918983,1502
C8orf76,0.12307982542334263,-0.12307982542334263,1503
TCF12,0.12305195430157835,-0.12305195430157835,1504
ENOSF1,0.1228841910526722,0.1228841910526722,1505
EIF2A,0.12286736978182723,-0.12286736978182723,1506
SLC23A2,0.12283912797206518,0.12283912797206518,1507
SMARCD2,0.12280684479231171,0.12280684479231171,1508
ASB1,0.12273612375841857,0.12273612375841857,1509
CADM3,0.12272847960793284,-0.12272847960793284,1510
NGFR,0.12269143234244631,-0.12269143234244631,1511
NF2,0.12268610425634072,0.12268610425634072,1512
ATP1B2,0.12265324493059178,0.12265324493059178,1513
CDC37,0.12262973288040327,-0.12262973288040327,1514
SNX10,0.12260589161349916,-0.12260589161349916,1515
NLRX1,0.12257626615560759,0.12257626615560759,1516
TNRC6C,0.12257399313405258,-0.12257399313405258,1517
EMP3,0.12256223917645374,0.12256223917645374,1518
BDP1,0.12249264023118561,-0.12249264023118561,1519
THY1,0.12248743235251854,-0.12248743235251854,1520
C6orf136,0.12247289224023356,0.12247289224023356,1521
PDE2A,0.12243926764172895,-0.12243926764172895,1522
PYROXD1,0.12239798948137968,0.12239798948137968,1523
RAB33B,0.12229720913190525,-0.12229720913190525,1524
RHOV,0.12226887850333538,-0.12226887850333538,1525
FUNDC2,0.12223552352202671,-0.12223552352202671,1526
ZNF71,0.12223156895613285,0.12223156895613285,1527
ANXA13,0.12219226323112695,0.12219226323112695,1528
TBX15,0.12217871967881493,-0.12217871967881493,1529
CLEC10A,0.12217519028813,0.12217519028813,1530
ABLIM2,0.12210438665265888,-0.12210438665265888,1531
KLHL12,0.1220821120037105,-0.1220821120037105,1532
SLC12A3,0.12207505012739889,-0.12207505012739889,1533
ATP6V1B2,0.1220184725327351,0.1220184725327351,1534
ANKRD13C,0.12200630620073884,-0.12200630620073884,1535
SLC45A3,0.12196050308779256,-0.12196050308779256,1536
LRFN5,0.12195266391846561,-0.12195266391846561,1537
RPP38,0.12192865384572234,-0.12192865384572234,1538
COPS4,0.12192374889112433,-0.12192374889112433,1539
IKZF3,0.12189462735599359,0.12189462735599359,1540
RPH3AL,0.1217966463258503,0.1217966463258503,1541
CLDN12,0.12170530056906603,-0.12170530056906603,1542
ZNFX1,0.12166860736793222,-0.12166860736793222,1543
BEX2,0.12162220216267508,0.12162220216267508,1544
EMP2,0.1216203089948448,0.1216203089948448,1545
CUL2,0.12161292486323896,-0.12161292486323896,1546
RADIL,0.12161129600352467,0.12161129600352467,1547
XRCC3,0.12157678217882097,-0.12157678217882097,1548
ZNF184,0.12151279702329318,0.12151279702329318,1549
KCNJ10,0.12149079465163107,0.12149079465163107,1550
AKNA,0.12142691802972398,0.12142691802972398,1551
OSBPL10,0.1213037751312722,-0.1213037751312722,1552
SIK1,0.12123162542335476,-0.12123162542335476,1553
RNF135,0.1210380924946873,0.1210380924946873,1554
POLR2E,0.12096509499733318,-0.12096509499733318,1555
ZNF226,0.12086567240237397,0.12086567240237397,1556
METTL9,0.1207454166173998,-0.1207454166173998,1557
MCM10,0.12066314625764292,-0.12066314625764292,1558
POLG,0.12065323190921641,0.12065323190921641,1559
PITPNC1,0.12063021930106128,-0.12063021930106128,1560
CXCL3,0.12062874148157902,-0.12062874148157902,1561
TPBG,0.12062095706722797,-0.12062095706722797,1562
ARMCX2,0.12055170956939898,-0.12055170956939898,1563
PRRX1,0.12049719586620847,-0.12049719586620847,1564
NUPR1,0.12048135430885838,0.12048135430885838,1565
SCGB3A1,0.12042265931447713,-0.12042265931447713,1566
RCAN1,0.12041745522319482,-0.12041745522319482,1567
GSTA1,0.12040117985679828,0.12040117985679828,1568
C8orf48,0.12038972997432337,-0.12038972997432337,1569
C7orf61,0.12036922331924907,0.12036922331924907,1570
CACNA1G,0.12033504803944259,0.12033504803944259,1571
CYP2R1,0.12028857871333179,-0.12028857871333179,1572
SNAPC2,0.12028491745967171,-0.12028491745967171,1573
SAMD13,0.12017821460685361,0.12017821460685361,1574
NRXN2,0.12015499487875833,-0.12015499487875833,1575
MSC,0.12013533645941499,0.12013533645941499,1576
MPZL2,0.12009927216703982,0.12009927216703982,1577
MAFK,0.12009601622033296,0.12009601622033296,1578
SH3BGRL2,0.12004183205194704,-0.12004183205194704,1579
HOXB4,0.1200389196923148,-0.1200389196923148,1580
PPARA,0.1199987875359283,-0.1199987875359283,1581
CCDC124,0.1199436722257592,-0.1199436722257592,1582
SERPINA5,0.11993254849695453,-0.11993254849695453,1583
CCL4,0.11990872657613326,-0.11990872657613326,1584
PGM2L1,0.1198829541618701,0.1198829541618701,1585
FBXO6,0.11985884438802076,0.11985884438802076,1586
SLC5A6,0.11978462745257583,-0.11978462745257583,1587
DOCK11,0.119761785834653,-0.119761785834653,1588
RALBP1,0.11973453140798848,0.11973453140798848,1589
TBC1D8,0.1197086144007194,-0.1197086144007194,1590
ANTXR2,0.11967228932536085,-0.11967228932536085,1591
TSNAX,0.11964014247652136,-0.11964014247652136,1592
SPRY4,0.11953812167064226,0.11953812167064226,1593
PDE4B,0.1195025024430555,0.1195025024430555,1594
LRRC20,0.11948852172326757,0.11948852172326757,1595
LTV1,0.1194444997456385,-0.1194444997456385,1596
RBMS2,0.11937579196556361,0.11937579196556361,1597
PPP2R2C,0.11935055919136058,0.11935055919136058,1598
ELK1,0.11933921533570625,0.11933921533570625,1599
IRF2BP2,0.11931511484054629,-0.11931511484054629,1600
ZBTB10,0.11928399485073139,-0.11928399485073139,1601
ZNF397,0.11923983578750413,0.11923983578750413,1602
TK2,0.11921307655891217,0.11921307655891217,1603
TYRO3,0.11920430579498613,-0.11920430579498613,1604
EIF2B5,0.11915855766803321,0.11915855766803321,1605
PDIA6,0.11912987480505322,0.11912987480505322,1606
USP9X,0.11884447339275289,-0.11884447339275289,1607
MANEA,0.11873751112646201,0.11873751112646201,1608
MYL4,0.11872165795973305,0.11872165795973305,1609
TMEM50A,0.11869209321199296,-0.11869209321199296,1610
POR,0.1186584168842722,-0.1186584168842722,1611
ETHE1,0.11860889768022709,-0.11860889768022709,1612
PPP1R3C,0.11857628087827375,-0.11857628087827375,1613
DDR2,0.11855119297142391,-0.11855119297142391,1614
L1CAM,0.1184611971322956,0.1184611971322956,1615
MCAM,0.11845173330696113,0.11845173330696113,1616
CNOT2,0.11844694222870251,-0.11844694222870251,1617
ACSL1,0.11843713607842149,-0.11843713607842149,1618
CHST1,0.11832882927916764,0.11832882927916764,1619
SPSB3,0.11831639913132753,-0.11831639913132753,1620
CD79B,0.11824088829219172,0.11824088829219172,1621
USP37,0.11819898720297788,0.11819898720297788,1622
ASPG,0.11810935077987224,0.11810935077987224,1623
THBS4,0.11806310542919231,-0.11806310542919231,1624
AP1S2,0.11800735575759629,-0.11800735575759629,1625
RRP12,0.11799277491915515,-0.11799277491915515,1626
PLAC1,0.11797774909271697,-0.11797774909271697,1627
SIGLEC6,0.11797036528635713,0.11797036528635713,1628
CCS,0.11793959884081377,-0.11793959884081377,1629
ACTA1,0.11793798168950505,-0.11793798168950505,1630
SLC12A8,0.1178817069168278,0.1178817069168278,1631
SLC30A1,0.11786954208948437,-0.11786954208948437,1632
HHIPL2,0.11782144807879459,0.11782144807879459,1633
TM9SF1,0.11780453057934612,0.11780453057934612,1634
CACNA1B,0.11780010512527479,0.11780010512527479,1635
PLCXD2,0.1177906020022225,-0.1177906020022225,1636
NR2F2,0.11776482479484555,-0.11776482479484555,1637
PHOSPHO2,0.11771762485087645,0.11771762485087645,1638
ADCY5,0.11768686619851869,-0.11768686619851869,1639
NXF3,0.11768619730759035,-0.11768619730759035,1640
HTR1E,0.1176142832653966,-0.1176142832653966,1641
MLLT11,0.11754568790390858,-0.11754568790390858,1642
GUF1,0.1175349353556406,0.1175349353556406,1643
KEL,0.11748103315324275,0.11748103315324275,1644
NCK1,0.11744179513831797,-0.11744179513831797,1645
TMEM9B,0.117426994371851,-0.117426994371851,1646
RHBDF1,0.11740435797144226,0.11740435797144226,1647
CHUK,0.11740298664217998,-0.11740298664217998,1648
NAPG,0.1174010553092306,0.1174010553092306,1649
NXF5,0.11739222001134134,0.11739222001134134,1650
TIMD4,0.11734562134059318,0.11734562134059318,1651
NFX1,0.1173433679379339,-0.1173433679379339,1652
KISS1R,0.11733512414012862,0.11733512414012862,1653
ZNF180,0.11733363380201713,0.11733363380201713,1654
ULK2,0.11728497296744221,0.11728497296744221,1655
TFAM,0.11721504951023522,-0.11721504951023522,1656
PCCA,0.11719688602775322,0.11719688602775322,1657
TYK2,0.11717025446761846,-0.11717025446761846,1658
NLRP3,0.11705659003972062,-0.11705659003972062,1659
ZHX2,0.11704676828441411,-0.11704676828441411,1660
ZNF839,0.11704356339225823,-0.11704356339225823,1661
PIGW,0.1169990174023482,0.1169990174023482,1662
SEMA3G,0.11693225905245143,-0.11693225905245143,1663
ZNF700,0.11691001354633404,-0.11691001354633404,1664
KCNC3,0.11687502546310734,-0.11687502546310734,1665
ZNF625,0.11686707312384004,-0.11686707312384004,1666
XBP1,0.11682234975764973,0.11682234975764973,1667
HMGA1,0.11678871337692642,0.11678871337692642,1668
SMOC2,0.11675549548934959,0.11675549548934959,1669
RFC5,0.11674948548865434,0.11674948548865434,1670
EI24,0.11672440830016045,0.11672440830016045,1671
RAD51,0.11670979037310608,-0.11670979037310608,1672
APOA1,0.11669767344544452,0.11669767344544452,1673
PI15,0.11669072984882248,0.11669072984882248,1674
CIDEA,0.11667466795136215,0.11667466795136215,1675
JARID2,0.1166724067054028,0.1166724067054028,1676
RAB8A,0.11662123928739132,0.11662123928739132,1677
AGRP,0.11660866001549801,-0.11660866001549801,1678
ZNF529,0.1165930653181444,0.1165930653181444,1679
SAMHD1,0.11657002839304421,-0.11657002839304421,1680
FBLN1,0.11656736213694752,-0.11656736213694752,1681
NUCB2,0.1165293355415367,0.1165293355415367,1682
NAGS,0.11651187284765581,-0.11651187284765581,1683
MTMR2,0.1164760697333596,0.1164760697333596,1684
PRKCD,0.11646357571786614,0.11646357571786614,1685
MYO6,0.11644621223411944,-0.11644621223411944,1686
SHOX2,0.11639998254567473,0.11639998254567473,1687
STOML3,0.11636137618737298,0.11636137618737298,1688
NOVA1,0.11634445483353295,-0.11634445483353295,1689
PLK2,0.11627407628965741,0.11627407628965741,1690
ITGAL,0.11625455955078302,0.11625455955078302,1691
PAIP2,0.11624259543771992,-0.11624259543771992,1692
CKAP4,0.11623990140422992,0.11623990140422992,1693
ASAP3,0.11622853294439515,-0.11622853294439515,1694
MNAT1,0.1162180040001783,0.1162180040001783,1695
MYO9A,0.1162111560942658,-0.1162111560942658,1696
TTLL4,0.11612510838743381,0.11612510838743381,1697
DES,0.11612156626787677,-0.11612156626787677,1698
DNAJC24,0.11610036604644204,-0.11610036604644204,1699
RTN4R,0.11608370961711047,0.11608370961711047,1700
ANKDD1A,0.11606874974386323,-0.11606874974386323,1701
GAS7,0.11601489424392573,-0.11601489424392573,1702
PTGS1,0.11597960974424767,0.11597960974424767,1703
NOS1,0.11588440518675641,0.11588440518675641,1704
STIM1,0.11587289657423382,0.11587289657423382,1705
ZNF70,0.115844052816301,0.115844052816301,1706
PUSL1,0.11583280584848733,0.11583280584848733,1707
CSTF3,0.11579382770748138,-0.11579382770748138,1708
DDIT3,0.11578988907864479,0.11578988907864479,1709
ACAA2,0.11578944419893916,0.11578944419893916,1710
ST8SIA2,0.11577037713046542,0.11577037713046542,1711
NLRP1,0.11569227094452648,-0.11569227094452648,1712
THEM4,0.1156573704188011,-0.1156573704188011,1713
STX12,0.11562027203506425,-0.11562027203506425,1714
DPM2,0.11556177732886129,-0.11556177732886129,1715
RABAC1,0.11554040641104561,0.11554040641104561,1716
CWF19L2,0.11550676517444963,-0.11550676517444963,1717
IRAK2,0.11548985175998143,-0.11548985175998143,1718
TRMT11,0.11546090501815612,0.11546090501815612,1719
PIGO,0.11544893026893384,-0.11544893026893384,1720
BIK,0.1152258895677846,0.1152258895677846,1721
ZSCAN18,0.11516644226024521,0.11516644226024521,1722
SMARCB1,0.11509845453738843,0.11509845453738843,1723
ALDH9A1,0.11505695004326369,0.11505695004326369,1724
PMEPA1,0.11505159771436221,0.11505159771436221,1725
BEND7,0.11500002318744329,-0.11500002318744329,1726
PCDHB2,0.11499540472114508,-0.11499540472114508,1727
GLS,0.11493002467218545,-0.11493002467218545,1728
PARP2,0.11491014341952258,0.11491014341952258,1729
AIG1,0.11488964999383115,-0.11488964999383115,1730
ATP1A2,0.11479313250475583,0.11479313250475583,1731
MMAA,0.11477587896192065,-0.11477587896192065,1732
PGAP1,0.11476380984051246,0.11476380984051246,1733
IL15,0.1147581307256748,-0.1147581307256748,1734
HAPLN1,0.11475243503894246,0.11475243503894246,1735
VPS18,0.11464829899076265,-0.11464829899076265,1736
CRYBB2,0.1146416642919756,-0.1146416642919756,1737
PNOC,0.11463528448636794,0.11463528448636794,1738
CD14,0.11458037847801475,0.11458037847801475,1739
LGALS3,0.11456567682761301,0.11456567682761301,1740
BSPRY,0.11456526798295853,-0.11456526798295853,1741
TXN,0.11439365048238206,0.11439365048238206,1742
MADD,0.11437060948229565,-0.11437060948229565,1743
SDCCAG8,0.11435227490261528,-0.11435227490261528,1744
HSDL2,0.11432806809648169,-0.11432806809648169,1745
SPTBN2,0.11431302260604666,-0.11431302260604666,1746
FCN3,0.11430154537697944,0.11430154537697944,1747
SELENBP1,0.11427207939872616,-0.11427207939872616,1748
EFNA1,0.1142629868236879,-0.1142629868236879,1749
CCNO,0.11424937697224544,-0.11424937697224544,1750
GLOD4,0.11424873881947933,-0.11424873881947933,1751
LACTB,0.11424070730133058,-0.11424070730133058,1752
ANAPC7,0.11411742780900308,0.11411742780900308,1753
SLC39A10,0.11411260234681925,0.11411260234681925,1754
AGPAT2,0.11410724122888222,0.11410724122888222,1755
CRLF3,0.11406762252266868,-0.11406762252266868,1756
NDUFS3,0.11399814627863868,0.11399814627863868,1757
XIAP,0.11392661108146256,-0.11392661108146256,1758
YIPF2,0.11391638089040358,-0.11391638089040358,1759
CASP10,0.113885116242389,0.113885116242389,1760
TMEM203,0.11386370295071761,0.11386370295071761,1761
DPAGT1,0.11385877833078736,0.11385877833078736,1762
AQP3,0.1138580819130593,-0.1138580819130593,1763
FZD9,0.11384840709238687,0.11384840709238687,1764
SUCLG2,0.1138384042336269,0.1138384042336269,1765
GNE,0.11376845384141798,-0.11376845384141798,1766
CMTM4,0.11376755582851897,0.11376755582851897,1767
ARSI,0.11373508550903422,0.11373508550903422,1768
LIN7A,0.11373055706008382,0.11373055706008382,1769
S100B,0.11371662001546629,-0.11371662001546629,1770
WRNIP1,0.11363548319021098,0.11363548319021098,1771
APPBP2,0.11362579361303088,-0.11362579361303088,1772
CCDC22,0.11347077247952499,0.11347077247952499,1773
HPS6,0.11342812537333069,0.11342812537333069,1774
HIBCH,0.1133380224452713,-0.1133380224452713,1775
LIN7B,0.11328207196245954,0.11328207196245954,1776
ELL3,0.11328074239211319,-0.11328074239211319,1777
MAMDC4,0.11327425754554807,-0.11327425754554807,1778
PBLD,0.11326353907654373,0.11326353907654373,1779
BCKDHB,0.11324899910778757,-0.11324899910778757,1780
TTC12,0.11323420609753888,0.11323420609753888,1781
OPA3,0.1131669229472607,0.1131669229472607,1782
SPCS2,0.11314338699624549,0.11314338699624549,1783
TM2D1,0.1131423551022678,-0.1131423551022678,1784
CD248,0.11307625634510082,0.11307625634510082,1785
NSDHL,0.11299059366316974,0.11299059366316974,1786
YEATS4,0.1129383765765489,-0.1129383765765489,1787
TBP,0.11292913512596452,-0.11292913512596452,1788
RNF113A,0.1129209746903888,0.1129209746903888,1789
PLA2G5,0.1129194421247144,0.1129194421247144,1790
DENND4B,0.11291638251611809,0.11291638251611809,1791
RTP4,0.112911294325024,-0.112911294325024,1792
PCK2,0.11289746178878102,0.11289746178878102,1793
SLC39A14,0.11289120399304872,-0.11289120399304872,1794
NUDT2,0.11287761076413359,0.11287761076413359,1795
CHMP1B,0.11274984355323064,0.11274984355323064,1796
CREB5,0.11270109849109694,0.11270109849109694,1797
FGR,0.11269125427173296,-0.11269125427173296,1798
HOXB5,0.11264885535071308,-0.11264885535071308,1799
USP42,0.11259929589094253,-0.11259929589094253,1800
QPRT,0.11254725010368569,0.11254725010368569,1801
SIL1,0.11252018042085364,0.11252018042085364,1802
CCND2,0.11249160075572888,-0.11249160075572888,1803
RELL2,0.11245736889282204,-0.11245736889282204,1804
MX2,0.1124516018420047,-0.1124516018420047,1805
GRID1,0.11243940348351496,-0.11243940348351496,1806
IL18BP,0.11243568177558305,0.11243568177558305,1807
TSEN2,0.11226189604491409,-0.11226189604491409,1808
STOX1,0.11224881977257824,0.11224881977257824,1809
OSR1,0.11220411029323003,0.11220411029323003,1810
HLA-DPA1,0.11213712880289811,0.11213712880289811,1811
ACOT9,0.11211723256955945,0.11211723256955945,1812
EFNB3,0.11208904756261459,0.11208904756261459,1813
JAM2,0.11203362984825109,0.11203362984825109,1814
MFGE8,0.11199431360239379,0.11199431360239379,1815
SLC2A1,0.11199357593652977,0.11199357593652977,1816
WSB2,0.11193457746068748,0.11193457746068748,1817
CCDC151,0.11193166913381487,-0.11193166913381487,1818
KCTD9,0.11192138718927742,0.11192138718927742,1819
TMEM204,0.11191121270272222,-0.11191121270272222,1820
LSM14B,0.11189581161742965,0.11189581161742965,1821
LPP,0.11187633372882984,-0.11187633372882984,1822
RETSAT,0.11183726013655283,0.11183726013655283,1823
ACVR1B,0.11182703159341709,-0.11182703159341709,1824
TMEM218,0.1118252300519677,0.1118252300519677,1825
PPP4R4,0.11179953465068876,0.11179953465068876,1826
TKT,0.11177377114847137,0.11177377114847137,1827
REEP4,0.11176147651144214,-0.11176147651144214,1828
ING1,0.11175334015927994,0.11175334015927994,1829
RENBP,0.11169360738048702,-0.11169360738048702,1830
CES3,0.11168981132450055,-0.11168981132450055,1831
ACOX2,0.11167165187110528,0.11167165187110528,1832
RAB8B,0.11155739307090942,-0.11155739307090942,1833
SELPLG,0.11154780182693594,-0.11154780182693594,1834
TINF2,0.11154603365045442,0.11154603365045442,1835
RSL1D1,0.11153453760263371,-0.11153453760263371,1836
RNF130,0.11147583345401184,-0.11147583345401184,1837
SKP2,0.11145043946566792,0.11145043946566792,1838
CST6,0.11143390357951267,0.11143390357951267,1839
CACNA1H,0.1114100646422023,0.1114100646422023,1840
ALDH18A1,0.11139658340555798,0.11139658340555798,1841
SH3TC1,0.11139232016442975,0.11139232016442975,1842
HBZ,0.11138318383463162,-0.11138318383463162,1843
VENTX,0.11137192764947294,-0.11137192764947294,1844
LAMA4,0.1113470376596559,-0.1113470376596559,1845
CIB2,0.11131497204492673,-0.11131497204492673,1846
UHRF2,0.11129876965519124,0.11129876965519124,1847
RRAS,0.11128098106576942,0.11128098106576942,1848
GPRC5B,0.11123730929727205,-0.11123730929727205,1849
SLC13A5,0.11122174140572487,0.11122174140572487,1850
CLNS1A,0.11119151058482753,0.11119151058482753,1851
CDH16,0.11118909405023589,0.11118909405023589,1852
CD27,0.11117747491730587,0.11117747491730587,1853
SPIRE2,0.11112858042288762,0.11112858042288762,1854
GFM2,0.11111137746112155,-0.11111137746112155,1855
RHCG,0.11110386159116618,-0.11110386159116618,1856
RRAS2,0.1110723342968326,0.1110723342968326,1857
TNR,0.11105277910992174,0.11105277910992174,1858
IFI16,0.11100346832088695,0.11100346832088695,1859
PXN,0.11092883582474135,0.11092883582474135,1860
PUS3,0.1109227909521183,0.1109227909521183,1861
TEX14,0.11091796546538478,-0.11091796546538478,1862
SSPN,0.11091492553698795,0.11091492553698795,1863
PHLDA1,0.11090379998574294,-0.11090379998574294,1864
PLA2G2D,0.11087310065039088,0.11087310065039088,1865
CDK5RAP3,0.11086690186063522,-0.11086690186063522,1866
ZNF502,0.1108277441001446,0.1108277441001446,1867
RIN3,0.11082461006714446,0.11082461006714446,1868
CDK5RAP2,0.11078415199290018,0.11078415199290018,1869
CHST11,0.11075477157189235,0.11075477157189235,1870
CTSG,0.11075046844193563,0.11075046844193563,1871
PSMD8,0.11071337677324292,0.11071337677324292,1872
VASP,0.11071305530378191,0.11071305530378191,1873
STMN3,0.11070570313556179,-0.11070570313556179,1874
SLC25A39,0.11070157839409615,-0.11070157839409615,1875
SYNJ2,0.11067287111982639,-0.11067287111982639,1876
SLC6A1,0.11050834195018973,0.11050834195018973,1877
CPE,0.11045101998868978,0.11045101998868978,1878
MCCC1,0.11044557800587405,0.11044557800587405,1879
FABP7,0.11043555379741592,0.11043555379741592,1880
SPAG5,0.11042352425999923,0.11042352425999923,1881
RASL10B,0.11040950216962822,-0.11040950216962822,1882
NUDT9,0.11040153653582,-0.11040153653582,1883
RPP25,0.11039164784525864,-0.11039164784525864,1884
FZD6,0.11035490539560527,-0.11035490539560527,1885
PHYH,0.11032097300963498,-0.11032097300963498,1886
LDLR,0.11022664893257093,-0.11022664893257093,1887
IFITM1,0.11021054484317926,-0.11021054484317926,1888
PTH1R,0.1101745276200687,0.1101745276200687,1889
POU2AF1,0.11016839468568748,0.11016839468568748,1890
LRRC28,0.11016016205921131,0.11016016205921131,1891
GRIK5,0.11008215099814227,-0.11008215099814227,1892
ACCS,0.11007505690438193,0.11007505690438193,1893
COL9A1,0.1100083734808695,-0.1100083734808695,1894
MPEG1,0.10999619962290615,0.10999619962290615,1895
RLN2,0.10995793695509999,-0.10995793695509999,1896
HAVCR2,0.10992692528048194,0.10992692528048194,1897
KLC2,0.10991434844250435,-0.10991434844250435,1898
FBXO34,0.10991376792672786,-0.10991376792672786,1899
JUND,0.10990387823555749,-0.10990387823555749,1900
TNFSF14,0.10987672507931026,-0.10987672507931026,1901
TSPAN6,0.10982663671643615,0.10982663671643615,1902
TIMM13,0.10982235372158182,-0.10982235372158182,1903
NUDT16L1,0.10979303274796863,-0.10979303274796863,1904
GFPT1,0.10977902354474753,0.10977902354474753,1905
SLC27A5,0.10977295048793691,-0.10977295048793691,1906
CAV1,0.10974611026260112,0.10974611026260112,1907
ORAI3,0.10969196912748212,0.10969196912748212,1908
RAD51AP1,0.10965815770396464,-0.10965815770396464,1909
LBR,0.10964968985440399,0.10964968985440399,1910
COMTD1,0.10962725181763579,-0.10962725181763579,1911
DNAJC7,0.10960356972594276,0.10960356972594276,1912
CRELD2,0.10957382312594272,0.10957382312594272,1913
NRIP2,0.10957114007333661,-0.10957114007333661,1914
CYP2U1,0.10951382924724073,-0.10951382924724073,1915
SNX13,0.10948750606990844,-0.10948750606990844,1916
PHAX,0.1094628580571389,0.1094628580571389,1917
TTC23,0.10940051594344269,0.10940051594344269,1918
BEND5,0.10938736676509878,0.10938736676509878,1919
WFS1,0.10938605148949881,0.10938605148949881,1920
MKRN3,0.10935914973456501,0.10935914973456501,1921
FAHD2A,0.10933474558395898,-0.10933474558395898,1922
CEACAM1,0.10929735364798707,0.10929735364798707,1923
OSM,0.10921102015317266,-0.10921102015317266,1924
ITGA11,0.10918230130411977,0.10918230130411977,1925
SEMA6D,0.10917542073824603,-0.10917542073824603,1926
LY6E,0.10914784075171369,-0.10914784075171369,1927
LRSAM1,0.10911500420712146,-0.10911500420712146,1928
CXCL16,0.10910518634398841,0.10910518634398841,1929
CBFA2T3,0.10910304772974544,-0.10910304772974544,1930
NXT2,0.1090764275602056,0.1090764275602056,1931
CD33,0.10907593360743247,-0.10907593360743247,1932
KPNA6,0.10898219232849135,-0.10898219232849135,1933
GABARAPL1,0.10896510996560844,-0.10896510996560844,1934
TSGA10,0.10895025116163798,-0.10895025116163798,1935
DCDC2,0.1088756427396663,0.1088756427396663,1936
CAMSAP1,0.1088623791011714,-0.1088623791011714,1937
BCHE,0.10879445578558257,-0.10879445578558257,1938
TRIM31,0.10872059990556704,-0.10872059990556704,1939
MRPS22,0.10870358016536164,0.10870358016536164,1940
DNAJA3,0.10869150053316284,-0.10869150053316284,1941
HSD17B14,0.10868500362852929,0.10868500362852929,1942
MRPL48,0.10867611101825272,0.10867611101825272,1943
IGF1,0.10867589019955924,0.10867589019955924,1944
ISG20,0.10865027082535912,0.10865027082535912,1945
KHSRP,0.10864278007150181,0.10864278007150181,1946
MED17,0.10861077162234087,0.10861077162234087,1947
ALPK3,0.10853187528814372,0.10853187528814372,1948
FOXA3,0.1085173105911159,-0.1085173105911159,1949
EIF3F,0.10851480135015536,-0.10851480135015536,1950
GTF3C3,0.10847786529127253,-0.10847786529127253,1951
TGM1,0.10847508948792114,-0.10847508948792114,1952
PRAF2,0.10835058733026649,-0.10835058733026649,1953
DSP,0.1083245193379885,-0.1083245193379885,1954
ZNF750,0.10827923519218012,-0.10827923519218012,1955
CXCL13,0.10822688534382803,0.10822688534382803,1956
GMCL1,0.10822084864183772,-0.10822084864183772,1957
MST1,0.10820878625951515,-0.10820878625951515,1958
TMEM205,0.10818076998312909,-0.10818076998312909,1959
TRIM14,0.10814097339882571,-0.10814097339882571,1960
HGF,0.10805917013274799,-0.10805917013274799,1961
RBM45,0.10804989980282335,-0.10804989980282335,1962
KIF12,0.10803659172290961,-0.10803659172290961,1963
SMAD2,0.1080215248142654,0.1080215248142654,1964
CD2AP,0.1079826306408517,-0.1079826306408517,1965
ARHGAP18,0.10793079546559176,0.10793079546559176,1966
DMXL2,0.10787233796966593,-0.10787233796966593,1967
PAEP,0.10785037169856274,0.10785037169856274,1968
FNDC3B,0.10784118712597797,0.10784118712597797,1969
ATF5,0.1078149908165561,-0.1078149908165561,1970
SLC37A3,0.10775347121995202,0.10775347121995202,1971
ZNF597,0.1077485495575804,0.1077485495575804,1972
BET1,0.10773817080090885,-0.10773817080090885,1973
IRX1,0.10772636184353779,-0.10772636184353779,1974
LIMD1,0.10769693635108364,0.10769693635108364,1975
KIF13B,0.1076932288468007,-0.1076932288468007,1976
CD86,0.10769094042394844,0.10769094042394844,1977
PHF13,0.1076902917046047,0.1076902917046047,1978
IFT88,0.10762313937602115,-0.10762313937602115,1979
ANGPTL2,0.10761982198923052,-0.10761982198923052,1980
MAP4K5,0.10760525474080727,-0.10760525474080727,1981
CBFA2T2,0.10757866475721137,-0.10757866475721137,1982
PITX1,0.10756859549127172,0.10756859549127172,1983
CYBRD1,0.10752858880313752,-0.10752858880313752,1984
PLAG1,0.10747068005073931,0.10747068005073931,1985
RYR2,0.10745429631655531,0.10745429631655531,1986
ADM,0.10744836296666185,-0.10744836296666185,1987
TLE4,0.10739587110539124,0.10739587110539124,1988
PRDM15,0.10732355293886713,0.10732355293886713,1989
CD177,0.10730072818251062,0.10730072818251062,1990
ATXN3,0.10725561317673725,-0.10725561317673725,1991
HPR,0.1072162116296513,-0.1072162116296513,1992
YEATS2,0.10717440515449199,0.10717440515449199,1993
SYF2,0.10716408405384119,-0.10716408405384119,1994
ZNF436,0.10714170442146513,-0.10714170442146513,1995
AFF2,0.10712595383629966,0.10712595383629966,1996
OCRL,0.10708964919189704,0.10708964919189704,1997
ZNF202,0.1070731892537322,0.1070731892537322,1998
NETO2,0.10705448742104706,-0.10705448742104706,1999
NKD1,0.10704145503115645,-0.10704145503115645,2000
PCP4,0.107041047875005,0.107041047875005,2001
TMEM132A,0.10702748041812801,-0.10702748041812801,2002
C18orf21,0.10701395781084368,0.10701395781084368,2003
ACTL6A,0.10698508463541741,0.10698508463541741,2004
INO80,0.10689768540528734,-0.10689768540528734,2005
SCML2,0.10688918939747387,0.10688918939747387,2006
ZNF639,0.10688825132255281,0.10688825132255281,2007
LUC7L2,0.10686585542991754,0.10686585542991754,2008
UAP1,0.10682613608461987,0.10682613608461987,2009
ERCC4,0.10681306879349775,-0.10681306879349775,2010
ELOVL2,0.10681049563315503,-0.10681049563315503,2011
TLR2,0.10680949984244476,-0.10680949984244476,2012
FDXR,0.10676927057790442,-0.10676927057790442,2013
ZDHHC16,0.10676922270154236,-0.10676922270154236,2014
LZIC,0.10663600340818455,0.10663600340818455,2015
SEC11C,0.10662687019725979,0.10662687019725979,2016
FBXO46,0.10661135516176737,0.10661135516176737,2017
TUSC3,0.10659582960672714,-0.10659582960672714,2018
GK,0.10658769544587561,0.10658769544587561,2019
RASA3,0.10643242524631914,0.10643242524631914,2020
SNAP91,0.10642894151500285,0.10642894151500285,2021
ZFYVE9,0.10642109309100718,-0.10642109309100718,2022
SERPINI1,0.10641552073801772,0.10641552073801772,2023
LMO1,0.1063434105881738,-0.1063434105881738,2024
MTHFD1,0.10632949406165927,0.10632949406165927,2025
NSMCE2,0.10630446327801378,-0.10630446327801378,2026
NIPBL,0.10624676105039994,0.10624676105039994,2027
SUPV3L1,0.10623042134632726,-0.10623042134632726,2028
ULBP2,0.10619930161682999,0.10619930161682999,2029
AXL,0.10619703498573001,0.10619703498573001,2030
IGDCC3,0.10614267253302494,-0.10614267253302494,2031
DNAJC5,0.10613899203220918,0.10613899203220918,2032
TBX18,0.10611919193958975,0.10611919193958975,2033
TAS2R14,0.10608276849551833,0.10608276849551833,2034
PCDHB14,0.10603812771557936,-0.10603812771557936,2035
TEP1,0.10602504457878746,0.10602504457878746,2036
IL2RG,0.10598124554368797,0.10598124554368797,2037
SLC25A13,0.10595116482291708,0.10595116482291708,2038
ATG2B,0.10594526335279646,-0.10594526335279646,2039
BIRC3,0.10594080977313386,0.10594080977313386,2040
PAG1,0.10583565183752655,0.10583565183752655,2041
LARP7,0.10579208012778026,-0.10579208012778026,2042
BMF,0.10578669640355451,-0.10578669640355451,2043
ZNF165,0.10576907313439973,0.10576907313439973,2044
DGKZ,0.10572479161037578,-0.10572479161037578,2045
PCP2,0.10570397825322188,-0.10570397825322188,2046
AKR7A2,0.10570068069382521,-0.10570068069382521,2047
TGFBI,0.10568317289619981,0.10568317289619981,2048
LAMB1,0.10566649341600352,-0.10566649341600352,2049
DLD,0.10565296062980367,0.10565296062980367,2050
KCND1,0.1056364810453688,-0.1056364810453688,2051
XPNPEP2,0.10559950669744557,-0.10559950669744557,2052
ACSL4,0.10557897811137139,-0.10557897811137139,2053
GRN,0.10557716944109177,-0.10557716944109177,2054
UFSP2,0.10553170067551572,-0.10553170067551572,2055
ASF1A,0.10550052092208251,0.10550052092208251,2056
DNAJC2,0.10549953074603216,0.10549953074603216,2057
IER3IP1,0.10548283746769768,0.10548283746769768,2058
LSM5,0.10543942866813204,-0.10543942866813204,2059
GLE1,0.10537494621677226,0.10537494621677226,2060
CLIP2,0.10531644781925172,-0.10531644781925172,2061
RAB7B,0.10531360146493841,0.10531360146493841,2062
MAPT,0.10527959225780127,-0.10527959225780127,2063
BCKDK,0.10525588073529231,0.10525588073529231,2064
IP6K2,0.10515376920127094,-0.10515376920127094,2065
PPARGC1A,0.10512349052602471,-0.10512349052602471,2066
IGFN1,0.10512209519902459,0.10512209519902459,2067
SORL1,0.10508977247537779,-0.10508977247537779,2068
CYP4X1,0.10508637347482652,0.10508637347482652,2069
CLUAP1,0.10502943685883515,-0.10502943685883515,2070
RCSD1,0.10500979439125001,-0.10500979439125001,2071
OSBPL6,0.10498492884124175,0.10498492884124175,2072
TRIAP1,0.10496728582022079,0.10496728582022079,2073
CAPS,0.10496018977767844,-0.10496018977767844,2074
SLIT3,0.10495460590668036,-0.10495460590668036,2075
HK3,0.10494355024344196,-0.10494355024344196,2076
VGF,0.10490332223114888,0.10490332223114888,2077
CEACAM7,0.10487958068235817,-0.10487958068235817,2078
SMC1B,0.10484369066527398,-0.10484369066527398,2079
KLK3,0.10479623123079135,-0.10479623123079135,2080
SLC27A1,0.10479527836420355,-0.10479527836420355,2081
MFN1,0.10478411116410538,0.10478411116410538,2082
NPHP4,0.10475017347677998,0.10475017347677998,2083
GTPBP6,0.1047183480521277,-0.1047183480521277,2084
CRTAM,0.10470119461656266,0.10470119461656266,2085
ECHDC2,0.10468793116077593,-0.10468793116077593,2086
TGFBR1,0.10463189149129817,-0.10463189149129817,2087
MMP7,0.10459544950615782,0.10459544950615782,2088
ZNF483,0.10458130025367247,-0.10458130025367247,2089
CSF3,0.10457542864946429,-0.10457542864946429,2090
GTF3C2,0.10453866752673815,-0.10453866752673815,2091
RTN4IP1,0.1045144102758893,0.1045144102758893,2092
CDA,0.1044664879937238,0.1044664879937238,2093
AFG3L2,0.1044562554754629,0.1044562554754629,2094
ZNF235,0.10436595805601848,0.10436595805601848,2095
RABGAP1L,0.10428744762109118,-0.10428744762109118,2096
POMT1,0.10428696709370373,-0.10428696709370373,2097
ETV4,0.10428315632894083,0.10428315632894083,2098
BCAP29,0.10423474147409517,0.10423474147409517,2099
GJB4,0.10423261601527674,-0.10423261601527674,2100
MTMR11,0.10422563758359228,-0.10422563758359228,2101
RNF31,0.10422272773447999,0.10422272773447999,2102
ZNF302,0.10418775567466122,0.10418775567466122,2103
LRRFIP1,0.10417564234176345,0.10417564234176345,2104
MMAB,0.10416704249358212,-0.10416704249358212,2105
INHA,0.10415418347601015,0.10415418347601015,2106
FAM131B,0.10403716081083315,0.10403716081083315,2107
HGFAC,0.10400616853351013,-0.10400616853351013,2108
FPR2,0.10399568788493324,0.10399568788493324,2109
TSC22D3,0.10399191090750369,0.10399191090750369,2110
WDR45,0.10396750713566884,-0.10396750713566884,2111
NFIA,0.10396206416713194,-0.10396206416713194,2112
AURKAIP1,0.10395121042814971,-0.10395121042814971,2113
DERL3,0.10389041244560047,0.10389041244560047,2114
ZNF12,0.10380594875704291,-0.10380594875704291,2115
NADSYN1,0.10378444732638645,-0.10378444732638645,2116
SULT1C2,0.10378164489157345,-0.10378164489157345,2117
IRF2BP1,0.1037432448535889,-0.1037432448535889,2118
MLNR,0.10369910050879354,0.10369910050879354,2119
SPAST,0.10369074744096413,-0.10369074744096413,2120
SRM,0.10367752590342824,0.10367752590342824,2121
ZNF22,0.10365869707978874,-0.10365869707978874,2122
HBB,0.10365014815582355,-0.10365014815582355,2123
MSI2,0.10361096764172906,-0.10361096764172906,2124
TMEM98,0.10354145399155809,0.10354145399155809,2125
ASAP1,0.10352383247503755,-0.10352383247503755,2126
EVL,0.10351606606799706,0.10351606606799706,2127
PTP4A1,0.1034827609257672,0.1034827609257672,2128
RMI1,0.10347463107765711,0.10347463107765711,2129
SUMF2,0.10346450737766744,0.10346450737766744,2130
SEMA3A,0.10342049004011314,0.10342049004011314,2131
AREG,0.10341665087875428,0.10341665087875428,2132
TMEM53,0.10341499521868819,0.10341499521868819,2133
CACNG6,0.10339049281626704,-0.10339049281626704,2134
HERC2,0.10333918277843963,-0.10333918277843963,2135
COCH,0.10331663169632638,0.10331663169632638,2136
LIAS,0.10330810387084677,0.10330810387084677,2137
ST6GALNAC3,0.10330487802263653,-0.10330487802263653,2138
SUSD4,0.10329612673217407,-0.10329612673217407,2139
CPNE5,0.10327502528993031,0.10327502528993031,2140
RHOXF1,0.10323701971094357,-0.10323701971094357,2141
ATMIN,0.10322860663441503,-0.10322860663441503,2142
GGT5,0.10321721181562313,-0.10321721181562313,2143
SLCO5A1,0.1031769397550428,0.1031769397550428,2144
DTYMK,0.10315989137955613,0.10315989137955613,2145
NOG,0.10311523365959172,-0.10311523365959172,2146
HLA-DOA,0.10310725752259071,0.10310725752259071,2147
PSMD12,0.1030845445131806,0.1030845445131806,2148
TCFL5,0.10308417239398197,0.10308417239398197,2149
SUV39H2,0.10308227078710717,-0.10308227078710717,2150
ARHGEF10,0.10302393400999738,-0.10302393400999738,2151
DNAJC13,0.10301944865657107,-0.10301944865657107,2152
MEPCE,0.1029965499401962,0.1029965499401962,2153
DSTYK,0.10298419763708912,-0.10298419763708912,2154
ID2,0.10295626153562404,-0.10295626153562404,2155
CARD16,0.10291000444560648,0.10291000444560648,2156
ISCU,0.1029091087041385,-0.1029091087041385,2157
CTSZ,0.10289611752937058,0.10289611752937058,2158
PTP4A3,0.10288749263920598,-0.10288749263920598,2159
MOAP1,0.10287979045058171,-0.10287979045058171,2160
C1orf50,0.10286421185525743,-0.10286421185525743,2161
NACC2,0.10283866697652097,0.10283866697652097,2162
PARP12,0.10283405232568156,0.10283405232568156,2163
PANK1,0.10283133130542774,-0.10283133130542774,2164
FXYD1,0.10279998764876205,-0.10279998764876205,2165
RIN2,0.10269971765332793,-0.10269971765332793,2166
IDUA,0.10267420516283922,0.10267420516283922,2167
LY96,0.10267103614747038,-0.10267103614747038,2168
TUBA3D,0.10264458132254398,-0.10264458132254398,2169
LRRC55,0.10261814888878146,-0.10261814888878146,2170
STK35,0.10258591297184354,0.10258591297184354,2171
GORASP2,0.10257345753719417,0.10257345753719417,2172
RAI2,0.10255157108539834,0.10255157108539834,2173
SEC14L1,0.1025405169391,-0.1025405169391,2174
NAPA,0.10251633983596489,0.10251633983596489,2175
DGAT1,0.10250906764137323,-0.10250906764137323,2176
KCNN4,0.1024990439725066,0.1024990439725066,2177
FOXC2,0.10249300542100068,-0.10249300542100068,2178
MPZL3,0.10249056363691539,0.10249056363691539,2179
IMPG2,0.10246145422346142,-0.10246145422346142,2180
MAN2A1,0.10245929017642098,-0.10245929017642098,2181
IL33,0.10245332768840718,0.10245332768840718,2182
EAF1,0.10242939339343626,0.10242939339343626,2183
DHX35,0.10242685735411504,-0.10242685735411504,2184
OTX1,0.10240438430578866,0.10240438430578866,2185
RNF133,0.10238638957442442,0.10238638957442442,2186
SMAD9,0.10234719535009537,0.10234719535009537,2187
DHX15,0.10232480710772182,-0.10232480710772182,2188
GRM5,0.10230396859168225,0.10230396859168225,2189
CDC16,0.10225837222169104,0.10225837222169104,2190
ZNF266,0.10225326864885291,-0.10225326864885291,2191
UQCRFS1,0.10220816451523058,-0.10220816451523058,2192
RBMX2,0.10219201369745222,0.10219201369745222,2193
WWP2,0.10216527199861156,0.10216527199861156,2194
SLC38A4,0.10216149749098336,-0.10216149749098336,2195
YTHDF1,0.1021518213517109,0.1021518213517109,2196
ERF,0.102121595074939,0.102121595074939,2197
CYP26A1,0.10211323589230804,0.10211323589230804,2198
MED7,0.10210336271350436,0.10210336271350436,2199
EYA2,0.10207334812041237,-0.10207334812041237,2200
NEK3,0.10193865680807977,-0.10193865680807977,2201
OR2L13,0.10193706397525097,-0.10193706397525097,2202
PTRH1,0.10193592009845986,0.10193592009845986,2203
TMEM163,0.10189023938167321,0.10189023938167321,2204
SFTPD,0.10187694401295837,0.10187694401295837,2205
NPHP3,0.10186745826557742,-0.10186745826557742,2206
POLH,0.10180441908407986,0.10180441908407986,2207
SLC7A4,0.10176538415515961,0.10176538415515961,2208
NOP10,0.10176344508895441,-0.10176344508895441,2209
ZNF189,0.10175752276680879,-0.10175752276680879,2210
EDC4,0.10174888842680611,0.10174888842680611,2211
RDH11,0.10174648715643646,-0.10174648715643646,2212
FAM3B,0.1017191531404785,-0.1017191531404785,2213
PSMB6,0.101716193800086,0.101716193800086,2214
CFLAR,0.10166735466912198,-0.10166735466912198,2215
AGBL5,0.10166114913270324,-0.10166114913270324,2216
SPR,0.10165743127678807,-0.10165743127678807,2217
EML2,0.10165364437996653,-0.10165364437996653,2218
ADAM28,0.10163271479881236,-0.10163271479881236,2219
CCAR1,0.10157901801499104,0.10157901801499104,2220
PPRC1,0.1015697404422426,0.1015697404422426,2221
C2orf76,0.10156390323859374,-0.10156390323859374,2222
LAX1,0.10154344611093878,0.10154344611093878,2223
ASNS,0.10152906095361217,0.10152906095361217,2224
SLC40A1,0.1015254911566229,-0.1015254911566229,2225
RNF122,0.10152443371901355,0.10152443371901355,2226
EML1,0.10150315521257268,0.10150315521257268,2227
WWC3,0.1014246637006184,0.1014246637006184,2228
MGA,0.10140916198962897,0.10140916198962897,2229
CITED2,0.10137247044106705,0.10137247044106705,2230
BID,0.10136633094598534,0.10136633094598534,2231
LSM6,0.1013387053979976,-0.1013387053979976,2232
ZNF358,0.1013183498437075,-0.1013183498437075,2233
KIF3C,0.10131412171178479,-0.10131412171178479,2234
CDKN2AIP,0.10125007033915884,-0.10125007033915884,2235
ARCN1,0.10122133082593342,0.10122133082593342,2236
SMAD7,0.10114518646012535,0.10114518646012535,2237
ELAC1,0.10113249269903636,0.10113249269903636,2238
ELL2,0.10111895366287783,0.10111895366287783,2239
RPP14,0.10110176564604895,-0.10110176564604895,2240
NEK7,0.10109019079465636,-0.10109019079465636,2241
NEK2,0.10108594504908024,-0.10108594504908024,2242
SRPX,0.10108316624197866,0.10108316624197866,2243
ARSJ,0.10103499347865318,-0.10103499347865318,2244
CDK5,0.10099051951728859,-0.10099051951728859,2245
GRHL3,0.10096594786339118,-0.10096594786339118,2246
PRRC1,0.10087042083613694,0.10087042083613694,2247
USP2,0.1008406583799881,0.1008406583799881,2248
XCL1,0.10082620481238419,-0.10082620481238419,2249
ADCK2,0.10080078647071332,0.10080078647071332,2250
MRPS7,0.10079586234115726,0.10079586234115726,2251
EXTL1,0.10077613956265379,0.10077613956265379,2252
HYAL2,0.10075947417834054,0.10075947417834054,2253
TOPBP1,0.10074639176595385,-0.10074639176595385,2254
ZFC3H1,0.10071890362880066,-0.10071890362880066,2255
TRIB3,0.10070455829129239,0.10070455829129239,2256
WDR87,0.10067050030131361,0.10067050030131361,2257
RFNG,0.10066949357951094,-0.10066949357951094,2258
FAM178B,0.10064550601167269,0.10064550601167269,2259
CCDC117,0.10062955634278721,0.10062955634278721,2260
AMPD2,0.10062321219342273,0.10062321219342273,2261
SLC2A13,0.10061138206816651,0.10061138206816651,2262
HNRNPL,0.10060441720319774,0.10060441720319774,2263
SLC6A13,0.10057312511323631,-0.10057312511323631,2264
PKIG,0.1005597564072349,-0.1005597564072349,2265
KIF9,0.10054803388863214,0.10054803388863214,2266
TPM1,0.10052897450084068,-0.10052897450084068,2267
UBE2E3,0.1005268228272901,0.1005268228272901,2268
ZC4H2,0.10052370620877793,0.10052370620877793,2269
DYRK1B,0.10050911263579078,-0.10050911263579078,2270
RAD51C,0.1004748033859881,-0.1004748033859881,2271
MRPS14,0.1004647348757069,-0.1004647348757069,2272
LSR,0.1004406633711178,0.1004406633711178,2273
ZNF614,0.10038986389408212,0.10038986389408212,2274
ACTR3B,0.1003668642576363,-0.1003668642576363,2275
EBF1,0.10036060645501445,-0.10036060645501445,2276
ZNF579,0.10032682643988132,-0.10032682643988132,2277
ZDHHC1,0.10032514488108771,-0.10032514488108771,2278
MFAP1,0.10031458918107748,-0.10031458918107748,2279
BRD3,0.10026550787494384,-0.10026550787494384,2280
RNF103,0.10025375726675996,0.10025375726675996,2281
AK1,0.10025201378656938,0.10025201378656938,2282
CISD1,0.10024008016029795,-0.10024008016029795,2283
CMTM3,0.10020518013812696,0.10020518013812696,2284
RP1,0.10014651332813776,0.10014651332813776,2285
OGFR,0.10014280644747711,0.10014280644747711,2286
POP1,0.10013758157367747,0.10013758157367747,2287
SRGAP1,0.1000880895372458,-0.1000880895372458,2288
TMEM39A,0.10006416529395408,0.10006416529395408,2289
IFNAR2,0.10002950744631196,0.10002950744631196,2290
CISH,0.10002422035500912,0.10002422035500912,2291
EEF1E1,0.10001276249733933,-0.10001276249733933,2292
PRMT3,0.09999812118795479,-0.09999812118795479,2293
MYO10,0.09998836138047543,0.09998836138047543,2294
ATF6,0.0999263025361533,0.0999263025361533,2295
VGLL4,0.09990967190814826,-0.09990967190814826,2296
FBXO30,0.09987758380734292,-0.09987758380734292,2297
NOSTRIN,0.09985185368697694,0.09985185368697694,2298
FAM83D,0.09984574004429346,-0.09984574004429346,2299
CWF19L1,0.09980983493897701,-0.09980983493897701,2300
AKIRIN1,0.09976075191933421,0.09976075191933421,2301
CFH,0.09972287696448852,-0.09972287696448852,2302
CMTM7,0.09971110506495016,-0.09971110506495016,2303
GRIA1,0.09970730699653729,0.09970730699653729,2304
GBE1,0.09967927302130383,0.09967927302130383,2305
USP43,0.09967532476405062,-0.09967532476405062,2306
TAF1D,0.09966982279158519,0.09966982279158519,2307
ARPC5L,0.09966798609022388,0.09966798609022388,2308
PDE1B,0.09963549758788322,-0.09963549758788322,2309
RASGRP4,0.0996103809884802,0.0996103809884802,2310
LYPLA2,0.09959225461331457,-0.09959225461331457,2311
C21orf91,0.09957157073444646,0.09957157073444646,2312
TMEM184A,0.09956273532434863,-0.09956273532434863,2313
CACHD1,0.09951937735196872,-0.09951937735196872,2314
DLEC1,0.09950676343707043,0.09950676343707043,2315
FAM135A,0.09944890449131061,-0.09944890449131061,2316
ROS1,0.09944323238302974,0.09944323238302974,2317
WDR6,0.0994411619892613,-0.0994411619892613,2318
CASQ2,0.09943351494021001,-0.09943351494021001,2319
KRT6C,0.09937660385327791,-0.09937660385327791,2320
UTP15,0.09936796540718308,-0.09936796540718308,2321
NCOA5,0.09927548365485907,0.09927548365485907,2322
CRIP2,0.09921336800310157,-0.09921336800310157,2323
PTH2,0.09920703583499554,-0.09920703583499554,2324
DAGLB,0.09919974293339547,-0.09919974293339547,2325
LRRC40,0.09919534912767468,-0.09919534912767468,2326
CDS1,0.09917116413596254,-0.09917116413596254,2327
ACER3,0.09914884555341057,-0.09914884555341057,2328
STARD10,0.09912088221036662,-0.09912088221036662,2329
SP100,0.09908510982344944,0.09908510982344944,2330
DIO1,0.09902820391044138,0.09902820391044138,2331
TRAPPC2,0.09899007003538467,-0.09899007003538467,2332
PKD2L1,0.09894822266890738,-0.09894822266890738,2333
CAV3,0.09887896920228309,-0.09887896920228309,2334
LTB4R,0.09885082227481257,0.09885082227481257,2335
MAP3K5,0.0988046053000919,-0.0988046053000919,2336
HCN4,0.09879976727974957,0.09879976727974957,2337
RBM6,0.09879264628497417,0.09879264628497417,2338
IPP,0.09877174553287132,-0.09877174553287132,2339
BRMS1,0.0987606730735955,-0.0987606730735955,2340
SCGB3A2,0.09873115484892764,-0.09873115484892764,2341
CCDC142,0.09871592866949759,-0.09871592866949759,2342
FBXL18,0.09868093623365491,-0.09868093623365491,2343
S1PR4,0.09867895319989818,0.09867895319989818,2344
FOXI1,0.0986395513672948,0.0986395513672948,2345
ZMYND19,0.09863917828842265,0.09863917828842265,2346
SRPK1,0.09863826594847713,0.09863826594847713,2347
KLRB1,0.09858662755310187,0.09858662755310187,2348
AKAP1,0.09854297999348546,-0.09854297999348546,2349
CDSN,0.09852877460377317,-0.09852877460377317,2350
ALDH5A1,0.09851289223159128,0.09851289223159128,2351
SLC30A2,0.09848416081787702,0.09848416081787702,2352
ABCB6,0.09847693070579716,0.09847693070579716,2353
NAT2,0.09847368595238862,-0.09847368595238862,2354
LGALS3BP,0.09837928578220338,0.09837928578220338,2355
LENEP,0.0983781308955703,0.0983781308955703,2356
HSD17B12,0.09834268380862295,-0.09834268380862295,2357
YIPF3,0.09833415847459027,0.09833415847459027,2358
SERPINB2,0.0982962078909345,0.0982962078909345,2359
SLC33A1,0.09826637255858954,0.09826637255858954,2360
C20orf85,0.09826315793450426,0.09826315793450426,2361
ZNF596,0.09825495549264725,0.09825495549264725,2362
ALS2,0.09825178303067011,-0.09825178303067011,2363
PCDHB9,0.0982430289949685,0.0982430289949685,2364
HOXC5,0.09821936467641904,0.09821936467641904,2365
PTGES2,0.09817224023350045,-0.09817224023350045,2366
PHEX,0.09812379286947853,0.09812379286947853,2367
RBM42,0.09811149041654195,0.09811149041654195,2368
AP1B1,0.0980964537871674,-0.0980964537871674,2369
SNRPE,0.09809400728367913,-0.09809400728367913,2370
TNFSF13B,0.0980889525041677,-0.0980889525041677,2371
ITGA10,0.0979810390851141,-0.0979810390851141,2372
SCUBE3,0.09797239458597218,0.09797239458597218,2373
COPG2,0.09795710302625872,0.09795710302625872,2374
PSPN,0.09793936897238348,-0.09793936897238348,2375
RAMP2,0.09793722147757275,-0.09793722147757275,2376
SGCB,0.09792951084233253,0.09792951084233253,2377
CAPN2,0.09791795735092593,-0.09791795735092593,2378
NUDT22,0.09790805882534359,0.09790805882534359,2379
ZNF283,0.09788038338263545,0.09788038338263545,2380
SYNPO2L,0.09785222513998278,-0.09785222513998278,2381
TBC1D7,0.09783028143159928,-0.09783028143159928,2382
GM2A,0.09778270718605321,0.09778270718605321,2383
TRMT12,0.09777415429961175,-0.09777415429961175,2384
VKORC1L1,0.09774487026137212,0.09774487026137212,2385
RAD1,0.09771031071231166,0.09771031071231166,2386
DNAJC11,0.09768778294809324,0.09768778294809324,2387
RPIA,0.09766112746385425,-0.09766112746385425,2388
NKX2-1,0.09765983903386145,0.09765983903386145,2389
TYMS,0.09765631185045458,0.09765631185045458,2390
SAP18,0.09764166985044473,-0.09764166985044473,2391
TMEM11,0.09760340269683822,0.09760340269683822,2392
KLF12,0.09757471446400907,-0.09757471446400907,2393
DYSF,0.09751594666085057,0.09751594666085057,2394
KCTD20,0.09749809457474798,0.09749809457474798,2395
CA7,0.0974959344496598,-0.0974959344496598,2396
TRNAU1AP,0.09749124614321417,0.09749124614321417,2397
KIFC2,0.09746974070265389,-0.09746974070265389,2398
PLEKHM1,0.097455303800158,0.097455303800158,2399
TFIP11,0.0974527497543057,0.0974527497543057,2400
BAG4,0.09739104110864309,0.09739104110864309,2401
PSG1,0.09736266556114354,-0.09736266556114354,2402
STYX,0.09735680999830247,0.09735680999830247,2403
PHF7,0.09733036784281768,0.09733036784281768,2404
ESR1,0.09731269650659262,-0.09731269650659262,2405
TRIM9,0.09731259906689921,-0.09731259906689921,2406
REEP5,0.09731115918781134,-0.09731115918781134,2407
ENPP4,0.09729036387149047,0.09729036387149047,2408
MT1H,0.09727911289231175,-0.09727911289231175,2409
ETFA,0.09726821961191964,-0.09726821961191964,2410
MME,0.09724256088165022,0.09724256088165022,2411
HVCN1,0.09720846705676048,-0.09720846705676048,2412
ARHGEF9,0.09715443130752545,0.09715443130752545,2413
RAB32,0.0971541512142868,-0.0971541512142868,2414
ISLR,0.09712463924050775,0.09712463924050775,2415
ARSA,0.09705713249190863,-0.09705713249190863,2416
GRAMD4,0.09703876060502784,-0.09703876060502784,2417
NEFH,0.09701634986085372,-0.09701634986085372,2418
GPR20,0.09700198934847021,0.09700198934847021,2419
CHAD,0.09699729042262827,0.09699729042262827,2420
RNF170,0.09693642795506939,0.09693642795506939,2421
ZNF687,0.09690735816170115,-0.09690735816170115,2422
RBBP7,0.09686871019189515,0.09686871019189515,2423
TMEM140,0.09685630900105459,-0.09685630900105459,2424
PRG2,0.09684974787945579,0.09684974787945579,2425
DCTN5,0.09681897936343477,-0.09681897936343477,2426
LYRM1,0.09681018425598606,-0.09681018425598606,2427
SPOCK2,0.09680419324791045,-0.09680419324791045,2428
BATF,0.09672334923936339,-0.09672334923936339,2429
SCGB1A1,0.09669761719696601,-0.09669761719696601,2430
DDX50,0.09669520233042124,-0.09669520233042124,2431
LRIG3,0.09664699652230736,0.09664699652230736,2432
VAT1,0.09662382523022665,-0.09662382523022665,2433
MEX3D,0.09661130625820687,-0.09661130625820687,2434
C1GALT1C1,0.09652795531939609,0.09652795531939609,2435
RNF26,0.09651266360007717,0.09651266360007717,2436
ATF3,0.09650357835064086,-0.09650357835064086,2437
CTNNBIP1,0.09647692684754046,-0.09647692684754046,2438
KATNA1,0.0964214001689048,-0.0964214001689048,2439
NBEA,0.09641478941086104,-0.09641478941086104,2440
SPPL2A,0.09638775359455126,-0.09638775359455126,2441
LRRC59,0.09638554640967552,0.09638554640967552,2442
ZNF408,0.09633409266664265,-0.09633409266664265,2443
NECAB2,0.09630247571057535,-0.09630247571057535,2444
SBK1,0.09629410205006851,0.09629410205006851,2445
ARMC9,0.09628477091346213,-0.09628477091346213,2446
PSKH1,0.09627349123619006,0.09627349123619006,2447
GIPC1,0.09626738120717201,-0.09626738120717201,2448
THOC2,0.0962414800615021,-0.0962414800615021,2449
ZNF444,0.09617849060989496,-0.09617849060989496,2450
DPYSL3,0.09613384496911404,0.09613384496911404,2451
BRCC3,0.09609252986803034,-0.09609252986803034,2452
CPA1,0.09608120844169278,-0.09608120844169278,2453
UBE2J2,0.09607463602309105,0.09607463602309105,2454
TM4SF5,0.09607446118794546,-0.09607446118794546,2455
FOXC1,0.09591200421223688,0.09591200421223688,2456
KRT16,0.0958481447330438,0.0958481447330438,2457
PIM3,0.0958311252570359,-0.0958311252570359,2458
NACC1,0.09582841525950686,-0.09582841525950686,2459
LRRN2,0.09581698395583733,-0.09581698395583733,2460
TRIM26,0.09581601449849084,0.09581601449849084,2461
FBXL16,0.09578396939630746,-0.09578396939630746,2462
B4GALT2,0.0957786126830025,0.0957786126830025,2463
IL7R,0.09577623616017625,0.09577623616017625,2464
ATP6V1E1,0.09575283568365134,0.09575283568365134,2465
LRRC46,0.09573986769663256,0.09573986769663256,2466
SLAMF7,0.09572815780360536,0.09572815780360536,2467
STS,0.0957240390693379,0.0957240390693379,2468
ZNF567,0.09569060086430904,-0.09569060086430904,2469
XRCC4,0.09566106686328228,-0.09566106686328228,2470
ZDHHC11,0.09562013600168454,0.09562013600168454,2471
SIX3,0.09560311449180178,0.09560311449180178,2472
IRF5,0.09560109030803081,0.09560109030803081,2473
ADAM33,0.09559043204493314,0.09559043204493314,2474
USP54,0.09557244051231023,-0.09557244051231023,2475
ADCY10,0.09555561317653308,0.09555561317653308,2476
OXSR1,0.0955483817591782,-0.0955483817591782,2477
FCRLA,0.09552900332519104,0.09552900332519104,2478
LSM3,0.09552839890070577,-0.09552839890070577,2479
SFTA2,0.09551040986562857,-0.09551040986562857,2480
PIK3R4,0.09547845513629097,-0.09547845513629097,2481
FSD1,0.0954746001714708,-0.0954746001714708,2482
PLOD3,0.09544736669591052,0.09544736669591052,2483
IDI2,0.09543415483761365,0.09543415483761365,2484
ADAMTSL3,0.09541073915306543,0.09541073915306543,2485
TSPO,0.09540052330922398,-0.09540052330922398,2486
DCHS2,0.09536099591408521,0.09536099591408521,2487
ADAL,0.09529503762379565,0.09529503762379565,2488
TELO2,0.09524091093526703,-0.09524091093526703,2489
PSG2,0.09522644755811473,0.09522644755811473,2490
SLC25A33,0.09522613855119726,0.09522613855119726,2491
EDN2,0.09521267055702821,-0.09521267055702821,2492
ZNF556,0.09519953832368225,-0.09519953832368225,2493
SLC35A2,0.09514425328763856,0.09514425328763856,2494
MSH6,0.095144249366911,0.095144249366911,2495
GSTO2,0.09508413970053,-0.09508413970053,2496
THAP7,0.09508083751394833,0.09508083751394833,2497
CTSE,0.0949598292529006,-0.0949598292529006,2498
DLX5,0.09495244866279563,0.09495244866279563,2499
TMEM208,0.094938890160324,0.094938890160324,2500
SOX18,0.09491576559570657,0.09491576559570657,2501
ZNF783,0.09490868189237092,-0.09490868189237092,2502
PLEKHO2,0.0948993164423268,-0.0948993164423268,2503
MRPL50,0.09489112043992538,-0.09489112043992538,2504
AVPR2,0.09488013908761012,-0.09488013908761012,2505
MTHFR,0.09486563761472955,0.09486563761472955,2506
COX6A1,0.09484315218779867,0.09484315218779867,2507
HMGCR,0.0948214186176902,0.0948214186176902,2508
BMP2,0.09482051567523869,-0.09482051567523869,2509
ZDHHC3,0.0948125291351569,0.0948125291351569,2510
PTK2B,0.09480436354741628,-0.09480436354741628,2511
UROS,0.09477824758113683,0.09477824758113683,2512
TUT1,0.09477755107732803,-0.09477755107732803,2513
STK32B,0.09476445707407698,-0.09476445707407698,2514
CASQ1,0.09475104429020775,0.09475104429020775,2515
STAMBP,0.09472847831761894,0.09472847831761894,2516
RAB11FIP1,0.09470102972402214,0.09470102972402214,2517
AFF1,0.09469263782165387,-0.09469263782165387,2518
BCL2A1,0.09467291103157757,0.09467291103157757,2519
ZFAND2A,0.09461573630140702,-0.09461573630140702,2520
YIF1B,0.0945988514225471,0.0945988514225471,2521
PCDHB7,0.09456672809447911,-0.09456672809447911,2522
TSHZ2,0.09450209359742658,0.09450209359742658,2523
PGBD1,0.09445987357173263,0.09445987357173263,2524
SEMA4C,0.09445333861922395,-0.09445333861922395,2525
FLT3,0.09442301773673534,0.09442301773673534,2526
CYSLTR1,0.09441164846449596,-0.09441164846449596,2527
PCDH17,0.09435057190413669,-0.09435057190413669,2528
WDR89,0.09433163016168197,-0.09433163016168197,2529
ECE2,0.09432880376552259,-0.09432880376552259,2530
DNAH1,0.09430600487986605,0.09430600487986605,2531
ITGA1,0.09429190598667851,0.09429190598667851,2532
CREBBP,0.09429172569631736,-0.09429172569631736,2533
BCCIP,0.094275854837822,0.094275854837822,2534
ALX1,0.094259174497522,0.094259174497522,2535
TCIRG1,0.0942227670023346,-0.0942227670023346,2536
ACSL5,0.09420593977709016,0.09420593977709016,2537
ANKH,0.09420592336565829,-0.09420592336565829,2538
ARMC7,0.09416517833994037,-0.09416517833994037,2539
SLC47A1,0.09413410375387074,0.09413410375387074,2540
COQ9,0.09412601655358253,-0.09412601655358253,2541
C1orf115,0.0940959338365824,-0.0940959338365824,2542
SBNO2,0.09409111444339505,-0.09409111444339505,2543
TFF1,0.09405848412987747,-0.09405848412987747,2544
ABCD1,0.09405255435979765,0.09405255435979765,2545
MRPL24,0.09404946150011785,-0.09404946150011785,2546
HDAC11,0.09404141967929966,-0.09404141967929966,2547
OSGIN2,0.09397058357438547,-0.09397058357438547,2548
PPP1R3D,0.09396414340575439,0.09396414340575439,2549
CDH6,0.09394991741620189,0.09394991741620189,2550
MVK,0.09384344581263966,-0.09384344581263966,2551
ABHD5,0.0937926922809211,0.0937926922809211,2552
ZBED2,0.09374072854095113,0.09374072854095113,2553
UBE2M,0.09373459821085543,0.09373459821085543,2554
TMEM177,0.09367739639097321,0.09367739639097321,2555
GSS,0.09365463624728668,-0.09365463624728668,2556
MRPL18,0.09363237100422792,-0.09363237100422792,2557
LYST,0.09354834355292262,0.09354834355292262,2558
DCHS1,0.0935108874413095,-0.0935108874413095,2559
DYNC1H1,0.09350231018515914,-0.09350231018515914,2560
DST,0.09343015785943763,-0.09343015785943763,2561
SPTLC2,0.09342360686359093,-0.09342360686359093,2562
RAD17,0.09342316746052405,-0.09342316746052405,2563
MRO,0.0933896525797667,-0.0933896525797667,2564
FOXO4,0.09337783382416376,-0.09337783382416376,2565
CEP68,0.0933565845916169,-0.0933565845916169,2566
PREPL,0.09334049332152591,0.09334049332152591,2567
C2orf69,0.09332907341485779,-0.09332907341485779,2568
UNC50,0.09332515276660677,-0.09332515276660677,2569
ATP6V0D1,0.09330690410631728,0.09330690410631728,2570
NF1,0.09324325810366367,0.09324325810366367,2571
GTF2E2,0.09323961313320314,0.09323961313320314,2572
NGLY1,0.0932387257209927,0.0932387257209927,2573
EYA4,0.09321930587069209,-0.09321930587069209,2574
RP2,0.09321554326703711,0.09321554326703711,2575
PSMA5,0.09321097891717225,0.09321097891717225,2576
RPS27L,0.09315600471186271,-0.09315600471186271,2577
GHR,0.09315474166559842,-0.09315474166559842,2578
ZBTB38,0.0931546526810551,0.0931546526810551,2579
UPK2,0.09314347814567216,0.09314347814567216,2580
LILRB4,0.0931346844496499,0.0931346844496499,2581
ANK3,0.09311085404320446,0.09311085404320446,2582
NFIX,0.09310899220667905,0.09310899220667905,2583
ATP8A2,0.09310542009146928,-0.09310542009146928,2584
APOA2,0.09308410790667761,-0.09308410790667761,2585
DKK4,0.09307505955503777,-0.09307505955503777,2586
ABHD14A,0.09306939459025446,-0.09306939459025446,2587
NDUFB3,0.09300631290276637,-0.09300631290276637,2588
CLEC11A,0.09299890861453423,-0.09299890861453423,2589
ULK1,0.09299495456535616,0.09299495456535616,2590
FCHSD2,0.09296691229333831,0.09296691229333831,2591
ACSS1,0.09292655280601507,-0.09292655280601507,2592
MCL1,0.09291379826610982,-0.09291379826610982,2593
EXOC7,0.09291182496753837,-0.09291182496753837,2594
KLHL13,0.09291010924706213,-0.09291010924706213,2595
SPATA5,0.09290063999864479,-0.09290063999864479,2596
ACAT1,0.09288311140259861,-0.09288311140259861,2597
AXIN2,0.09288086802272219,0.09288086802272219,2598
CHERP,0.0928511882117354,0.0928511882117354,2599
IL12A,0.09283268507784152,-0.09283268507784152,2600
ZXDA,0.09279151355847039,0.09279151355847039,2601
ARV1,0.09278402782177754,0.09278402782177754,2602
RUSC1,0.09278278588793251,-0.09278278588793251,2603
TTC1,0.09273790904157596,0.09273790904157596,2604
RFTN2,0.0926802411685077,-0.0926802411685077,2605
MRC2,0.09267574088729844,0.09267574088729844,2606
SYNGR3,0.0926606288229197,-0.0926606288229197,2607
AKT1S1,0.09266006326037292,0.09266006326037292,2608
SLC7A5,0.09257541135556734,-0.09257541135556734,2609
SOX11,0.09253829812913159,-0.09253829812913159,2610
MAPKAPK5,0.09253777657201663,0.09253777657201663,2611
FBXO15,0.09248883090002505,0.09248883090002505,2612
WASF3,0.09247224698418383,0.09247224698418383,2613
DHX36,0.0924102925078793,0.0924102925078793,2614
VAC14,0.09238938872299919,-0.09238938872299919,2615
RGS14,0.09237546331795364,0.09237546331795364,2616
LDHAL6B,0.09237524469943774,-0.09237524469943774,2617
TMEM160,0.09236473542417463,-0.09236473542417463,2618
PDLIM1,0.09236412231986911,-0.09236412231986911,2619
TBK1,0.09235981398627437,-0.09235981398627437,2620
TRIM56,0.09230121916088203,0.09230121916088203,2621
MRPL34,0.09227820095766014,-0.09227820095766014,2622
OPRK1,0.0922645987993987,-0.0922645987993987,2623
HMGA2,0.09224316541798845,0.09224316541798845,2624
CCDC88B,0.09221014846558565,0.09221014846558565,2625
ASH2L,0.09218192579891599,0.09218192579891599,2626
RBBP8,0.0921684905535294,0.0921684905535294,2627
MCM9,0.09213281997033146,0.09213281997033146,2628
CLPTM1,0.09209115228958949,0.09209115228958949,2629
NUP85,0.0920184993930482,-0.0920184993930482,2630
POU2F1,0.09201262910796536,0.09201262910796536,2631
ATP11B,0.09200542275410126,-0.09200542275410126,2632
NIPSNAP1,0.09199122869996121,0.09199122869996121,2633
DDX1,0.09197274894521222,0.09197274894521222,2634
LAIR1,0.09195524996540383,-0.09195524996540383,2635
CASKIN1,0.09194844356294746,-0.09194844356294746,2636
BSND,0.09192110368126313,-0.09192110368126313,2637
STX4,0.09191178844228383,0.09191178844228383,2638
RAC2,0.09191049603807164,0.09191049603807164,2639
GALM,0.09189687295046316,-0.09189687295046316,2640
SLC9A6,0.09188924774764004,0.09188924774764004,2641
RNASEH1,0.09187663752874756,-0.09187663752874756,2642
YPEL4,0.09186127950823236,0.09186127950823236,2643
ERN1,0.0918609645185135,0.0918609645185135,2644
RILPL2,0.09180471401057667,0.09180471401057667,2645
BDKRB2,0.09177021127079475,0.09177021127079475,2646
NEK8,0.09176153664613625,-0.09176153664613625,2647
NSL1,0.09175071394253385,-0.09175071394253385,2648
LAMA2,0.0917456141306104,0.0917456141306104,2649
VPS4A,0.09172428798184547,0.09172428798184547,2650
GUCA2B,0.09169892987272282,-0.09169892987272282,2651
HMCN2,0.0916818132459635,-0.0916818132459635,2652
RGL1,0.09167052712419384,0.09167052712419384,2653
PRELP,0.09165436801535762,0.09165436801535762,2654
HSD3B7,0.09164590034021296,0.09164590034021296,2655
RTTN,0.09163678991921821,-0.09163678991921821,2656
APP,0.09159906224681429,0.09159906224681429,2657
KRT81,0.09159279686026581,-0.09159279686026581,2658
CASS4,0.09159189615101222,0.09159189615101222,2659
HMBS,0.09151614033860708,0.09151614033860708,2660
SHOC2,0.09151381129718891,0.09151381129718891,2661
ILKAP,0.09151358045432542,0.09151358045432542,2662
MAOA,0.09150958999374846,-0.09150958999374846,2663
VPS13C,0.09150631429259022,-0.09150631429259022,2664
LCP1,0.0914732397102262,-0.0914732397102262,2665
PODXL2,0.09145472951751851,-0.09145472951751851,2666
FSCN2,0.09139267748409347,0.09139267748409347,2667
SERPINB1,0.09137442676575329,0.09137442676575329,2668
CLEC4C,0.09129454217856871,0.09129454217856871,2669
ZDHHC19,0.09127957962206099,0.09127957962206099,2670
DNAH17,0.0912779897416514,0.0912779897416514,2671
SLC35B1,0.09122899777004599,0.09122899777004599,2672
INPP5K,0.09120485733510429,-0.09120485733510429,2673
FURIN,0.0912022098350506,-0.0912022098350506,2674
RAI14,0.09119584680745672,0.09119584680745672,2675
TSPAN32,0.09117405057393294,0.09117405057393294,2676
ZNF780A,0.09116585869340649,0.09116585869340649,2677
TFF2,0.09114279352603023,-0.09114279352603023,2678
TTC28,0.09113010545599777,-0.09113010545599777,2679
EPS8,0.09112634800958822,-0.09112634800958822,2680
MMP28,0.09112481625701593,0.09112481625701593,2681
ZNF672,0.09111418284181116,0.09111418284181116,2682
KLKB1,0.09110012922303147,0.09110012922303147,2683
THNSL1,0.09108360272336524,0.09108360272336524,2684
ACSF2,0.09107879709695807,0.09107879709695807,2685
EML4,0.0910492208724861,-0.0910492208724861,2686
ZCCHC14,0.09102136078299705,0.09102136078299705,2687
GPR63,0.09098405480467006,0.09098405480467006,2688
PARD3,0.0909008262564959,-0.0909008262564959,2689
ELMOD2,0.09089904861412228,-0.09089904861412228,2690
ABCB10,0.09088575975990877,0.09088575975990877,2691
HHEX,0.0908812305011215,-0.0908812305011215,2692
ATP8B2,0.09086638865053245,0.09086638865053245,2693
PACRGL,0.09085726421485707,-0.09085726421485707,2694
SYTL3,0.09085274259924501,0.09085274259924501,2695
HAX1,0.09084544147975475,0.09084544147975475,2696
CCDC96,0.09084421777767412,-0.09084421777767412,2697
PPP1R3B,0.09084084800025449,0.09084084800025449,2698
S100A10,0.0908078733603107,0.0908078733603107,2699
C9orf40,0.09080054029831626,0.09080054029831626,2700
COG6,0.09078718805018958,0.09078718805018958,2701
GDF10,0.09077165730859109,-0.09077165730859109,2702
TUBG2,0.09072496447764877,-0.09072496447764877,2703
MRPL22,0.0907213379807237,0.0907213379807237,2704
TFPT,0.09069047809545057,0.09069047809545057,2705
EIF3C,0.09065342002306628,0.09065342002306628,2706
TNFRSF13C,0.09064648035682828,-0.09064648035682828,2707
GPBAR1,0.0906325526697199,-0.0906325526697199,2708
RAB11FIP2,0.09061724733930458,0.09061724733930458,2709
GSPT1,0.09059305037938317,-0.09059305037938317,2710
SGIP1,0.0905886623960025,-0.0905886623960025,2711
SRP68,0.09058052214866716,0.09058052214866716,2712
PUS7,0.09057641021240406,0.09057641021240406,2713
SPTBN5,0.09053748366057789,-0.09053748366057789,2714
CCDC102B,0.09053683373053548,-0.09053683373053548,2715
GADD45A,0.09052524150677228,0.09052524150677228,2716
EEA1,0.09052327846711355,-0.09052327846711355,2717
C1orf87,0.09051704637020884,-0.09051704637020884,2718
ADD2,0.09050537865830585,-0.09050537865830585,2719
MTFR1,0.09047419847549099,-0.09047419847549099,2720
CLK3,0.09030914884228797,0.09030914884228797,2721
CCT6A,0.09030213905352115,0.09030213905352115,2722
TJP3,0.09029934186790003,0.09029934186790003,2723
GMPS,0.09029270848986326,0.09029270848986326,2724
ATXN10,0.09029143241151537,-0.09029143241151537,2725
APOL4,0.0902819715463749,-0.0902819715463749,2726
RIMS3,0.09027686556432149,0.09027686556432149,2727
STX8,0.09027139673438596,-0.09027139673438596,2728
BRF1,0.09026297377163796,-0.09026297377163796,2729
SYNE2,0.09022801040422662,0.09022801040422662,2730
ASB9,0.09020864072690421,0.09020864072690421,2731
RWDD3,0.09015592257635212,-0.09015592257635212,2732
NR2C2AP,0.0900979517405352,-0.0900979517405352,2733
MXRA5,0.09004537502895806,-0.09004537502895806,2734
SNX32,0.09003997195066982,-0.09003997195066982,2735
ZC3HAV1,0.0900378080097827,0.0900378080097827,2736
USP8,0.09001364385871341,-0.09001364385871341,2737
SCPEP1,0.09000760742345365,0.09000760742345365,2738
SERF1B,0.08998312975057034,-0.08998312975057034,2739
ZNF300,0.0899608011014243,-0.0899608011014243,2740
NKX6-3,0.08996072184541459,-0.08996072184541459,2741
NECAB1,0.08995757293296754,-0.08995757293296754,2742
PTMS,0.08994367538150058,0.08994367538150058,2743
ZNF552,0.08993853341551697,-0.08993853341551697,2744
SFI1,0.08993589365901884,0.08993589365901884,2745
ZNF561,0.0898974733197519,0.0898974733197519,2746
CKMT2,0.0898505121667008,0.0898505121667008,2747
MMP15,0.08984084162623758,-0.08984084162623758,2748
TMPRSS2,0.08975181367541274,0.08975181367541274,2749
KIF25,0.08973021438068203,0.08973021438068203,2750
PAPOLG,0.08972169569508602,-0.08972169569508602,2751
SLC7A1,0.0896560884989404,0.0896560884989404,2752
GMEB1,0.08965237271372302,-0.08965237271372302,2753
VPS13D,0.0896434644860064,0.0896434644860064,2754
PPP1R16A,0.08961916419898926,-0.08961916419898926,2755
ZDHHC21,0.0896087537419583,0.0896087537419583,2756
DNPEP,0.0896072073829674,0.0896072073829674,2757
DRG1,0.08960571714336622,0.08960571714336622,2758
VWF,0.08957235457345643,-0.08957235457345643,2759
CBFB,0.08952948577770653,0.08952948577770653,2760
MDM2,0.08944987449407042,-0.08944987449407042,2761
RFX2,0.08941422219531177,-0.08941422219531177,2762
HINT2,0.08940941882260056,0.08940941882260056,2763
SCARA3,0.08940108143839383,0.08940108143839383,2764
DNAJC9,0.08939753821676807,0.08939753821676807,2765
RFX7,0.08939457408828803,-0.08939457408828803,2766
FXR2,0.08937982721695169,-0.08937982721695169,2767
EFNA5,0.08935648703481866,-0.08935648703481866,2768
VPS13A,0.08932524997045946,0.08932524997045946,2769
GOLM1,0.08931583155970992,0.08931583155970992,2770
COL6A1,0.08929011271975548,0.08929011271975548,2771
SNF8,0.08927964210611085,-0.08927964210611085,2772
ACSM3,0.0892714862689583,0.0892714862689583,2773
CEPT1,0.0892155663367154,-0.0892155663367154,2774
PRSS2,0.0891555489051722,-0.0891555489051722,2775
NMD3,0.08913864780382025,0.08913864780382025,2776
TIRAP,0.08911812415234248,0.08911812415234248,2777
MAPK7,0.08911772173761526,0.08911772173761526,2778
RECQL,0.08911229668506847,-0.08911229668506847,2779
RAB26,0.08910507864883604,-0.08910507864883604,2780
BNC1,0.08909644950213673,0.08909644950213673,2781
CPLX2,0.08908888012456137,-0.08908888012456137,2782
RC3H2,0.08907646343057334,0.08907646343057334,2783
PNPLA8,0.08906020464646666,0.08906020464646666,2784
CRIP3,0.08905958798593783,-0.08905958798593783,2785
CAPRIN2,0.08903486447517839,0.08903486447517839,2786
MAGED2,0.0890340422296353,-0.0890340422296353,2787
RUVBL2,0.0890238525661149,0.0890238525661149,2788
AAK1,0.08902247918462526,-0.08902247918462526,2789
CDC34,0.08901436415656126,-0.08901436415656126,2790
UPF2,0.08900718033203245,-0.08900718033203245,2791
EXOSC9,0.08900054177102376,-0.08900054177102376,2792
PF4,0.08898844790471154,0.08898844790471154,2793
RNF180,0.0889680248750663,0.0889680248750663,2794
CTSC,0.0889649494928812,-0.0889649494928812,2795
GLT8D2,0.08894918989932779,0.08894918989932779,2796
FJX1,0.0889258328036951,0.0889258328036951,2797
ANO10,0.08892362777370225,0.08892362777370225,2798
PPP1R7,0.08891862434164448,0.08891862434164448,2799
THRSP,0.08890854803796792,-0.08890854803796792,2800
IL18,0.08889918372372749,-0.08889918372372749,2801
C4orf33,0.08887983986161625,-0.08887983986161625,2802
SCNN1B,0.08885810052405588,0.08885810052405588,2803
C9orf116,0.08885217232261827,-0.08885217232261827,2804
ZFPM1,0.08880759052588705,0.08880759052588705,2805
ANKRD6,0.08880318095018755,-0.08880318095018755,2806
SETX,0.0887782396682067,-0.0887782396682067,2807
LRRN3,0.08875961985358556,-0.08875961985358556,2808
MAGEE2,0.08874365694158416,0.08874365694158416,2809
BCAT2,0.08874337723928107,-0.08874337723928107,2810
KLHL8,0.08873986842364763,-0.08873986842364763,2811
AMN,0.08873451621135026,-0.08873451621135026,2812
SLC4A2,0.08872627196855219,-0.08872627196855219,2813
TMEM9,0.08872255902593802,-0.08872255902593802,2814
FAM174A,0.08871269833784705,0.08871269833784705,2815
AGA,0.0886178975932572,-0.0886178975932572,2816
FBXL6,0.08857634110959471,-0.08857634110959471,2817
POLR3E,0.08857424336034567,-0.08857424336034567,2818
MIDN,0.08856444562472571,0.08856444562472571,2819
ANKRD12,0.08856116088774588,0.08856116088774588,2820
CCDC18,0.08855921850191577,-0.08855921850191577,2821
OSGEPL1,0.0885552456938881,-0.0885552456938881,2822
RAPGEF6,0.0885454126039173,-0.0885454126039173,2823
LONRF1,0.0885149770369249,-0.0885149770369249,2824
SPAG16,0.08846883764954985,-0.08846883764954985,2825
CPNE6,0.08845043457450974,0.08845043457450974,2826
COX6B1,0.08844443786302703,0.08844443786302703,2827
PGGT1B,0.08837900201862103,0.08837900201862103,2828
GBP2,0.08831960116272147,0.08831960116272147,2829
PDCD1,0.08825852701199229,0.08825852701199229,2830
HOXD8,0.08820959636738333,-0.08820959636738333,2831
SLC20A1,0.08820152340335483,0.08820152340335483,2832
ZNF678,0.08815649476070728,0.08815649476070728,2833
ZNF217,0.08808016255839626,-0.08808016255839626,2834
PIGN,0.08807748221935835,0.08807748221935835,2835
TSEN15,0.08805669323001743,0.08805669323001743,2836
THUMPD1,0.08805067847373764,-0.08805067847373764,2837
SP110,0.08802646451031866,-0.08802646451031866,2838
EOMES,0.08801663501911593,0.08801663501911593,2839
TMEM139,0.08799374779830997,-0.08799374779830997,2840
ATAD2B,0.08796069483517394,-0.08796069483517394,2841
FOXRED1,0.08795931164366626,0.08795931164366626,2842
ANO1,0.08793430905378069,-0.08793430905378069,2843
STAR,0.0879243889812351,0.0879243889812351,2844
ATF2,0.08791546100772468,-0.08791546100772468,2845
ROPN1,0.0878956989617946,0.0878956989617946,2846
REXO2,0.08789208222881312,0.08789208222881312,2847
CPSF1,0.08785599151580172,0.08785599151580172,2848
NEFM,0.08785184610136605,-0.08785184610136605,2849
SURF6,0.08784260700237051,-0.08784260700237051,2850
DUSP10,0.08784043713912931,0.08784043713912931,2851
DLX3,0.08782497587205192,0.08782497587205192,2852
TCL1A,0.08779837403590547,0.08779837403590547,2853
EVI2B,0.0877453261520235,-0.0877453261520235,2854
PLEKHO1,0.08774106191891427,0.08774106191891427,2855
FYTTD1,0.08770193561189327,-0.08770193561189327,2856
FGF3,0.08767257914569453,-0.08767257914569453,2857
USP45,0.08765249387400799,-0.08765249387400799,2858
MRPS33,0.08763572088737598,0.08763572088737598,2859
ZNF362,0.08762002246462777,-0.08762002246462777,2860
UTY,0.08757210243461899,-0.08757210243461899,2861
B4GALT5,0.0875391017233555,-0.0875391017233555,2862
GGA3,0.08751242481153837,-0.08751242481153837,2863
RARA,0.08748352942252341,0.08748352942252341,2864
GAS2L3,0.08745617697322249,0.08745617697322249,2865
SNPH,0.08745545242375775,0.08745545242375775,2866
UBE3A,0.08743742771828499,-0.08743742771828499,2867
CST8,0.08740523922695333,0.08740523922695333,2868
ZNF346,0.08736892620189843,-0.08736892620189843,2869
PIGU,0.08736722311204505,0.08736722311204505,2870
MORN3,0.08733202858992828,0.08733202858992828,2871
MTMR6,0.08731898463172408,-0.08731898463172408,2872
TMEM43,0.08731427495657007,-0.08731427495657007,2873
MCOLN1,0.0872825552324278,-0.0872825552324278,2874
HARBI1,0.08726739070195744,-0.08726739070195744,2875
CTSK,0.08725859006361357,-0.08725859006361357,2876
SPG11,0.0872583266676901,-0.0872583266676901,2877
PSG3,0.08724491434821284,-0.08724491434821284,2878
MUC6,0.08724095513243003,0.08724095513243003,2879
ISG15,0.08723403350046152,0.08723403350046152,2880
ALDH16A1,0.08722058434665207,-0.08722058434665207,2881
S100A5,0.08721461046928318,0.08721461046928318,2882
BRSK1,0.08717221261290277,0.08717221261290277,2883
HERC4,0.08715615460177627,-0.08715615460177627,2884
MAPK6,0.08713820014077592,0.08713820014077592,2885
C19orf57,0.08713322445444895,-0.08713322445444895,2886
TRIOBP,0.08711230786201012,-0.08711230786201012,2887
FXYD4,0.08709017856520485,0.08709017856520485,2888
TAF11,0.08706632433321751,0.08706632433321751,2889
POLR2K,0.08704491478287546,-0.08704491478287546,2890
LAS1L,0.08702284434895095,0.08702284434895095,2891
SNX1,0.08701933237278871,-0.08701933237278871,2892
CAPZA2,0.08701829587300076,-0.08701829587300076,2893
CRTAC1,0.08701196832267082,0.08701196832267082,2894
CCL5,0.08699452738559137,0.08699452738559137,2895
PPM1L,0.08699196198024597,0.08699196198024597,2896
CCND1,0.08697597716240016,0.08697597716240016,2897
TRIM63,0.08695590322054846,0.08695590322054846,2898
SYNC,0.0869327377498606,0.0869327377498606,2899
HTRA3,0.08691669952829968,-0.08691669952829968,2900
ZNF770,0.08688473415746473,0.08688473415746473,2901
PREP,0.08687767159233827,0.08687767159233827,2902
MDK,0.08684368689438497,-0.08684368689438497,2903
GRINA,0.08683396244110277,-0.08683396244110277,2904
PIAS4,0.08683378551374268,0.08683378551374268,2905
RNF141,0.08682998366822436,-0.08682998366822436,2906
NEGR1,0.08681241668093014,0.08681241668093014,2907
SNRPC,0.08680911164264792,0.08680911164264792,2908
MVP,0.08680652136511627,0.08680652136511627,2909
ITGA3,0.0868046450272869,-0.0868046450272869,2910
HPS1,0.08680423914358076,-0.08680423914358076,2911
TIMP4,0.08679931540293107,0.08679931540293107,2912
WDR59,0.08678817945203382,-0.08678817945203382,2913
SCRIB,0.08678265539745193,-0.08678265539745193,2914
RCOR2,0.08677909908369197,0.08677909908369197,2915
SPATS2,0.08677511319781392,0.08677511319781392,2916
MYADM,0.08677182794119194,0.08677182794119194,2917
CCR5,0.08676395308605657,0.08676395308605657,2918
NECAP1,0.08675939889503474,0.08675939889503474,2919
ECSIT,0.0867556647773678,-0.0867556647773678,2920
CDCA5,0.08672619019231231,0.08672619019231231,2921
ARHGEF4,0.08670445221639993,0.08670445221639993,2922
RCBTB2,0.08669028909382959,0.08669028909382959,2923
SLC25A2,0.0866767574912169,0.0866767574912169,2924
DEFB126,0.08663975282719641,-0.08663975282719641,2925
CYB5A,0.08663188207035281,0.08663188207035281,2926
TRAK2,0.08662615472637063,0.08662615472637063,2927
RORA,0.08661820304106162,-0.08661820304106162,2928
SMC1A,0.08661754209208601,-0.08661754209208601,2929
PSD2,0.0866149934125569,-0.0866149934125569,2930
CCL28,0.08660959098842518,-0.08660959098842518,2931
SOX8,0.08660886543322392,0.08660886543322392,2932
SLC22A13,0.08658082709805663,0.08658082709805663,2933
RPS6KA5,0.08653936616139014,-0.08653936616139014,2934
TPMT,0.08651340908164527,0.08651340908164527,2935
HDAC4,0.08650331567379257,0.08650331567379257,2936
ITGA9,0.08650152593547107,0.08650152593547107,2937
KRT31,0.08646268242583346,-0.08646268242583346,2938
CNGB1,0.08644663494399783,-0.08644663494399783,2939
NUDCD2,0.0863990373093402,0.0863990373093402,2940
CNOT10,0.0863513946366227,-0.0863513946366227,2941
SLC35F2,0.08635055124127318,-0.08635055124127318,2942
NDUFB6,0.08628404089980392,-0.08628404089980392,2943
SNX9,0.08626287882417573,-0.08626287882417573,2944
ELP4,0.08625693043171952,-0.08625693043171952,2945
ZIC5,0.08623810035789987,-0.08623810035789987,2946
FLOT2,0.08623469620567949,-0.08623469620567949,2947
NPDC1,0.08618448154575449,0.08618448154575449,2948
EIF4E,0.08615996208805624,-0.08615996208805624,2949
CELSR2,0.08613527499888764,0.08613527499888764,2950
EDEM2,0.08612289293128486,-0.08612289293128486,2951
BUD31,0.08610021438023255,0.08610021438023255,2952
SEC22C,0.08607895816259414,0.08607895816259414,2953
CRTC3,0.08604860536877121,0.08604860536877121,2954
PRICKLE3,0.08604782816825678,0.08604782816825678,2955
RAB9A,0.08603944039244801,-0.08603944039244801,2956
NFYC,0.08601161409416332,0.08601161409416332,2957
BCAR3,0.08599587022701927,-0.08599587022701927,2958
FGF7,0.08599480489593601,-0.08599480489593601,2959
SNX11,0.08598412591589762,-0.08598412591589762,2960
MYOC,0.08596659275776472,-0.08596659275776472,2961
FOXQ1,0.08596419029935831,0.08596419029935831,2962
FANCF,0.08594053858614488,0.08594053858614488,2963
ANXA3,0.08593803185517651,0.08593803185517651,2964
MX1,0.0859273387049239,0.0859273387049239,2965
B4GALNT1,0.08590633519604253,0.08590633519604253,2966
SURF2,0.08590248346282323,-0.08590248346282323,2967
GZMA,0.08589639125802542,0.08589639125802542,2968
B4GALT7,0.08589578324567218,-0.08589578324567218,2969
FAM114A1,0.08589493894697119,0.08589493894697119,2970
FABP6,0.08589011954118989,0.08589011954118989,2971
ARSD,0.08584164411997318,0.08584164411997318,2972
GTF2A2,0.08582015230027014,-0.08582015230027014,2973
NR2E1,0.08579589774045099,-0.08579589774045099,2974
LAMP3,0.08579498704497512,0.08579498704497512,2975
ISG20L2,0.08577295248176746,0.08577295248176746,2976
CNKSR3,0.08576401248129929,-0.08576401248129929,2977
NAGK,0.08575356180934662,-0.08575356180934662,2978
IMPACT,0.08575342033138025,0.08575342033138025,2979
TTC30A,0.08575046810246133,-0.08575046810246133,2980
PEAR1,0.08571923914262496,-0.08571923914262496,2981
PKN2,0.08567600740476657,-0.08567600740476657,2982
FRMD4A,0.08565974062231062,0.08565974062231062,2983
SMAP1,0.0856517148916777,-0.0856517148916777,2984
FGF18,0.08563163971264935,0.08563163971264935,2985
CCL2,0.08561606699731998,0.08561606699731998,2986
FAM24B,0.08561370209089832,-0.08561370209089832,2987
PPM1H,0.08560801864967546,-0.08560801864967546,2988
KIAA0513,0.08560380974597458,0.08560380974597458,2989
C12orf45,0.08559331538566373,0.08559331538566373,2990
FKBP9,0.08558345406883171,0.08558345406883171,2991
SMARCA1,0.08556548249052293,0.08556548249052293,2992
PYCARD,0.08555706954793925,-0.08555706954793925,2993
RHOF,0.08555684574313151,0.08555684574313151,2994
NEU3,0.0855484216382099,0.0855484216382099,2995
USP31,0.08554769228907463,0.08554769228907463,2996
PACRG,0.08552874748615215,-0.08552874748615215,2997
SIGLEC7,0.08551141139014401,-0.08551141139014401,2998
ZNF445,0.08548185853127319,0.08548185853127319,2999
PRKCH,0.08546264544625266,0.08546264544625266,3000
SLC6A17,0.08542348061348258,0.08542348061348258,3001
ZNF546,0.08539476291783302,-0.08539476291783302,3002
VEGFA,0.08526767100751703,0.08526767100751703,3003
FSTL4,0.08526486065167052,-0.08526486065167052,3004
ERN2,0.08526199012983814,-0.08526199012983814,3005
PENK,0.0852497155535721,0.0852497155535721,3006
LRRC36,0.08517778123872304,0.08517778123872304,3007
S100A1,0.08517745255159512,0.08517745255159512,3008
EGFR,0.08512983432787523,0.08512983432787523,3009
HSP90B1,0.08512204854435004,0.08512204854435004,3010
GLIPR2,0.08508757427066578,0.08508757427066578,3011
CWC15,0.08505766756288292,0.08505766756288292,3012
GMFG,0.08502473525253873,-0.08502473525253873,3013
ULBP3,0.085022882981705,-0.085022882981705,3014
TIMM44,0.0850042625222771,0.0850042625222771,3015
COMMD2,0.08497313807574168,0.08497313807574168,3016
NR1H3,0.08496381759188655,-0.08496381759188655,3017
WDR13,0.08495913059562711,0.08495913059562711,3018
CD200,0.08490209370876475,-0.08490209370876475,3019
NMNAT3,0.08490104922847948,0.08490104922847948,3020
MAP7,0.08490048793160747,-0.08490048793160747,3021
ALK,0.084900225517141,-0.084900225517141,3022
IKZF2,0.08484090132640283,-0.08484090132640283,3023
ELOVL6,0.08483395116471293,-0.08483395116471293,3024
FERMT1,0.08482630540606059,-0.08482630540606059,3025
MUC2,0.08480021964891538,0.08480021964891538,3026
NUP50,0.08473349879924635,-0.08473349879924635,3027
CDC42EP2,0.08467375934063019,-0.08467375934063019,3028
MRPS11,0.08467068701906656,0.08467068701906656,3029
LY6H,0.084654352839078,0.084654352839078,3030
ARL6IP1,0.08465131355001394,-0.08465131355001394,3031
MLKL,0.08463463914196619,-0.08463463914196619,3032
POGZ,0.08460651702465849,-0.08460651702465849,3033
KRT76,0.08457470131312518,-0.08457470131312518,3034
CHD1L,0.08455235653419525,-0.08455235653419525,3035
PALLD,0.08453599316553202,0.08453599316553202,3036
ROBO1,0.08451411012448595,0.08451411012448595,3037
P2RY14,0.08448014958649079,0.08448014958649079,3038
HES4,0.08443246452081349,0.08443246452081349,3039
CDC37L1,0.08439767483905934,0.08439767483905934,3040
CREB3L2,0.08439753599686196,0.08439753599686196,3041
SUPT7L,0.08436099709239188,-0.08436099709239188,3042
NDUFB2,0.08434804213286476,0.08434804213286476,3043
UQCRQ,0.08433489300281778,0.08433489300281778,3044
NAT10,0.08433187487496989,-0.08433187487496989,3045
SOX21,0.08432916819505677,-0.08432916819505677,3046
SSH3,0.08431010534661419,-0.08431010534661419,3047
SLC12A7,0.08430105660805473,-0.08430105660805473,3048
FGF14,0.08429851480261882,0.08429851480261882,3049
ARL5B,0.08429760924866112,-0.08429760924866112,3050
STK16,0.08429431549962245,-0.08429431549962245,3051
BCL2L2,0.08427775638751404,-0.08427775638751404,3052
EPDR1,0.08426217381216837,0.08426217381216837,3053
SESTD1,0.08425485113338091,-0.08425485113338091,3054
HMGCL,0.08424272958624089,-0.08424272958624089,3055
ARHGEF5,0.08418955644581357,0.08418955644581357,3056
FRMD4B,0.08418392786117868,-0.08418392786117868,3057
TRAF1,0.08415853133170186,0.08415853133170186,3058
MAP3K14,0.08415200935847231,0.08415200935847231,3059
PRC1,0.0841373066338132,0.0841373066338132,3060
RPS6KL1,0.08410063157693268,0.08410063157693268,3061
DHRS7B,0.08409145217956752,-0.08409145217956752,3062
CCNJ,0.08406843460043417,-0.08406843460043417,3063
KCNH3,0.08406488775648532,0.08406488775648532,3064
NANS,0.08404714812410072,0.08404714812410072,3065
DNAJC5B,0.08401641718633912,-0.08401641718633912,3066
PRKCG,0.08400607248385986,-0.08400607248385986,3067
NOL9,0.08399920285165739,0.08399920285165739,3068
FPGS,0.08399773240841658,-0.08399773240841658,3069
PIGL,0.08397166810101288,-0.08397166810101288,3070
STOM,0.08396908722492581,-0.08396908722492581,3071
TRIM28,0.0839163495342138,0.0839163495342138,3072
CDC40,0.0838759519652859,0.0838759519652859,3073
UBTD1,0.08387095995293503,-0.08387095995293503,3074
SEZ6L,0.0838703281019804,0.0838703281019804,3075
FAM131A,0.08386945645427255,0.08386945645427255,3076
FAT4,0.08386903775994363,-0.08386903775994363,3077
EPC1,0.08386835202098807,0.08386835202098807,3078
SCN3A,0.08380363544434101,0.08380363544434101,3079
CYP2W1,0.08378385873702826,0.08378385873702826,3080
TRIM4,0.08376136115647241,-0.08376136115647241,3081
IDH1,0.0837585504705082,0.0837585504705082,3082
ARHGAP12,0.08373096091790637,-0.08373096091790637,3083
TRPV4,0.08372297706177623,-0.08372297706177623,3084
GNL3L,0.08369386119534565,0.08369386119534565,3085
DMRT2,0.08368790461785293,-0.08368790461785293,3086
ZBED5,0.08365951857217246,-0.08365951857217246,3087
GAS6,0.08364135918251554,0.08364135918251554,3088
KRTAP4-1,0.0836370073572794,-0.0836370073572794,3089
PRDX5,0.08362849159219211,0.08362849159219211,3090
SOX5,0.08362354348399612,-0.08362354348399612,3091
ZNF132,0.08362137813831061,0.08362137813831061,3092
GJB3,0.08358067003842953,0.08358067003842953,3093
PMVK,0.08356281828584534,0.08356281828584534,3094
KLHL2,0.08355507611599632,0.08355507611599632,3095
LETM2,0.08354869427279009,0.08354869427279009,3096
CHP2,0.08352984385385133,0.08352984385385133,3097
GPC5,0.08352653811700521,-0.08352653811700521,3098
ZNF747,0.0835071872079395,0.0835071872079395,3099
TRAF5,0.08348669525850688,-0.08348669525850688,3100
SPAG7,0.08342812269705208,0.08342812269705208,3101
THBD,0.08341647676707656,0.08341647676707656,3102
C1QTNF6,0.08341002473172329,0.08341002473172329,3103
KPNA5,0.08340370436604184,0.08340370436604184,3104
FUT1,0.08340365495616878,-0.08340365495616878,3105
G0S2,0.08336364982605993,0.08336364982605993,3106
ADAD1,0.08331456304041263,0.08331456304041263,3107
HYDIN,0.08330896914670562,-0.08330896914670562,3108
TXN2,0.08328014619857867,-0.08328014619857867,3109
EMP1,0.08326204911597156,0.08326204911597156,3110
PDCD4,0.0832440079403816,0.0832440079403816,3111
SENP6,0.08322574070505626,-0.08322574070505626,3112
RNF10,0.08322021129428483,0.08322021129428483,3113
HNRNPUL1,0.08321612026788795,0.08321612026788795,3114
SPINK4,0.08319992700635505,-0.08319992700635505,3115
ACTC1,0.08319300161205606,0.08319300161205606,3116
PRSS3,0.08319135159429787,-0.08319135159429787,3117
P4HA3,0.08319085503337834,0.08319085503337834,3118
IL23A,0.08316108245991931,-0.08316108245991931,3119
PTGES,0.08315826090368024,0.08315826090368024,3120
FBLN7,0.08315340809100788,-0.08315340809100788,3121
JAM3,0.08315097116152588,0.08315097116152588,3122
EXOC5,0.08311964218571477,0.08311964218571477,3123
MRPS10,0.08311957339053068,0.08311957339053068,3124
SYNJ1,0.08310900829205965,-0.08310900829205965,3125
EIF3A,0.08310760666949023,0.08310760666949023,3126
C1orf158,0.08308394009369098,-0.08308394009369098,3127
PHKG1,0.08307292242234354,0.08307292242234354,3128
ACOX3,0.08307225726687083,-0.08307225726687083,3129
KLF10,0.08305357777085567,0.08305357777085567,3130
PAK3,0.08304324785075048,0.08304324785075048,3131
CCNL2,0.08304197161155492,0.08304197161155492,3132
MKNK2,0.08303098575997421,-0.08303098575997421,3133
RB1CC1,0.08300584108195012,-0.08300584108195012,3134
B4GALT3,0.08296373882633024,0.08296373882633024,3135
ADAMDEC1,0.0829313191439476,-0.0829313191439476,3136
TSPAN10,0.0829107007773447,-0.0829107007773447,3137
MED14,0.08290496178439498,-0.08290496178439498,3138
PCYOX1,0.08288918341529009,0.08288918341529009,3139
CDH2,0.08285763303396482,-0.08285763303396482,3140
GPBP1,0.08285144057207666,0.08285144057207666,3141
PPP2R5A,0.08283455068792563,-0.08283455068792563,3142
GALNT6,0.08283228061223073,0.08283228061223073,3143
NOS3,0.08282529939358178,0.08282529939358178,3144
EPHA4,0.08281712313771578,0.08281712313771578,3145
ARL4A,0.08280730481223726,-0.08280730481223726,3146
INHBB,0.08280477743455808,-0.08280477743455808,3147
TNRC6A,0.08279457946866432,-0.08279457946866432,3148
SUZ12,0.0827900951122848,0.0827900951122848,3149
EID1,0.08278554641429069,-0.08278554641429069,3150
TULP1,0.08274472410131624,0.08274472410131624,3151
EPHA10,0.082731294636689,-0.082731294636689,3152
IL17D,0.08270223016950963,0.08270223016950963,3153
ODAM,0.0826996718628296,0.0826996718628296,3154
SEC22B,0.08268717301458012,0.08268717301458012,3155
DGKA,0.08268498736540278,0.08268498736540278,3156
RIC8B,0.08268407553515397,0.08268407553515397,3157
COX4I2,0.08264682250780364,0.08264682250780364,3158
MCM6,0.0826433911742473,0.0826433911742473,3159
MAGI3,0.08263127664883697,0.08263127664883697,3160
CNTN2,0.0826199238889895,-0.0826199238889895,3161
MRPL33,0.08261279509438817,-0.08261279509438817,3162
CDH13,0.08259092437272625,-0.08259092437272625,3163
GABRA3,0.08257742009423574,-0.08257742009423574,3164
DNAJC1,0.08256819757038937,0.08256819757038937,3165
GGH,0.08254517059060887,-0.08254517059060887,3166
GSTP1,0.08251184363618044,0.08251184363618044,3167
EIF4G3,0.08249250774949603,-0.08249250774949603,3168
NT5C,0.08248019997651472,-0.08248019997651472,3169
ANKRD13D,0.0824784568674097,-0.0824784568674097,3170
APOLD1,0.08243279474886965,0.08243279474886965,3171
FCRLB,0.08243168330216802,-0.08243168330216802,3172
YIPF5,0.08242629806887104,0.08242629806887104,3173
SLC46A1,0.082398197632155,-0.082398197632155,3174
OR1F1,0.0823947095028749,-0.0823947095028749,3175
MBD4,0.08237517501330631,0.08237517501330631,3176
DYM,0.0822744911159784,0.0822744911159784,3177
TRIM52,0.08223920876928668,-0.08223920876928668,3178
MPPE1,0.082228804773545,0.082228804773545,3179
DBN1,0.08220874426234995,-0.08220874426234995,3180
DPP9,0.08219364047565318,0.08219364047565318,3181
COX6C,0.08219124380085892,0.08219124380085892,3182
CD3D,0.08218034731459374,0.08218034731459374,3183
ERCC5,0.08217529001764114,0.08217529001764114,3184
ECHDC3,0.08216683561918918,-0.08216683561918918,3185
PARVB,0.08216331395207169,-0.08216331395207169,3186
CYP2B6,0.08215912813353381,-0.08215912813353381,3187
THAP1,0.08215153556345486,0.08215153556345486,3188
RHOB,0.08213253281791541,-0.08213253281791541,3189
GYPE,0.08211538468267114,0.08211538468267114,3190
DHTKD1,0.08211252028608335,-0.08211252028608335,3191
YIPF4,0.08210641492746139,-0.08210641492746139,3192
PSENEN,0.08209136725893025,0.08209136725893025,3193
CPNE2,0.08208798312237016,-0.08208798312237016,3194
PTPRN2,0.08208116874239021,-0.08208116874239021,3195
CCK,0.08207105135927545,0.08207105135927545,3196
FNBP1,0.08206475965097788,-0.08206475965097788,3197
QRSL1,0.08205207159281688,0.08205207159281688,3198
STAG2,0.08203708066229913,-0.08203708066229913,3199
UNC13D,0.08203638559399912,-0.08203638559399912,3200
PGM5,0.08203611655271703,-0.08203611655271703,3201
DHX58,0.08203216549847096,-0.08203216549847096,3202
LCMT1,0.08202518162354329,0.08202518162354329,3203
HCCS,0.08201634113471908,0.08201634113471908,3204
KIF24,0.08201223850260597,0.08201223850260597,3205
TMEM186,0.08200949999937092,-0.08200949999937092,3206
TRAIP,0.08199310522301698,-0.08199310522301698,3207
POLR2D,0.08197263578477974,0.08197263578477974,3208
SCOC,0.08194631195565855,-0.08194631195565855,3209
VPS37D,0.0819420646148808,-0.0819420646148808,3210
FH,0.0819260913934068,0.0819260913934068,3211
KLHL24,0.08191491725211782,0.08191491725211782,3212
GATAD2A,0.08190066661522447,0.08190066661522447,3213
MYH3,0.08188587492976948,-0.08188587492976948,3214
PLA2G4C,0.08188282650975627,-0.08188282650975627,3215
LMO4,0.08184122994622511,0.08184122994622511,3216
SIX5,0.08181059005647046,0.08181059005647046,3217
NEU1,0.0818015675079166,-0.0818015675079166,3218
PFDN4,0.08178624275634369,0.08178624275634369,3219
STAT6,0.08177111802504372,0.08177111802504372,3220
RPL9,0.08176549170329148,-0.08176549170329148,3221
TBCB,0.08176319968146187,-0.08176319968146187,3222
LCK,0.08170280758890418,0.08170280758890418,3223
TTLL7,0.08169755615926963,0.08169755615926963,3224
ATAD1,0.08162290750986041,0.08162290750986041,3225
DDX5,0.08158325200604735,0.08158325200604735,3226
SLC17A4,0.08157266257248964,0.08157266257248964,3227
CDC42SE1,0.08156859888583148,0.08156859888583148,3228
MS4A15,0.08156799817747576,0.08156799817747576,3229
N4BP2,0.08154501027843394,-0.08154501027843394,3230
IQCG,0.08153734871086953,0.08153734871086953,3231
ELOVL3,0.0815351071768428,0.0815351071768428,3232
PTS,0.08152953951399929,-0.08152953951399929,3233
ERC1,0.08149247365173488,-0.08149247365173488,3234
PCDH11Y,0.08147162552954304,-0.08147162552954304,3235
REEP1,0.08145713339159139,0.08145713339159139,3236
PAX5,0.08144360958455273,0.08144360958455273,3237
USO1,0.08144267819993325,-0.08144267819993325,3238
COMMD5,0.08140835903393732,-0.08140835903393732,3239
STAT3,0.08140023336083291,0.08140023336083291,3240
EFNA4,0.08139048027094542,0.08139048027094542,3241
PAK6,0.08136094510907291,0.08136094510907291,3242
CRYGN,0.08135738217427825,0.08135738217427825,3243
SPATA18,0.0813474921450001,-0.0813474921450001,3244
SULT1A2,0.08133028638371774,0.08133028638371774,3245
PLLP,0.08129841904160304,-0.08129841904160304,3246
ANKS1A,0.0812720857760989,-0.0812720857760989,3247
SHISA3,0.08125305601317243,-0.08125305601317243,3248
ZMYM1,0.08124768025811274,-0.08124768025811274,3249
ZNF333,0.0812418040034763,-0.0812418040034763,3250
RDH5,0.08122828873672643,0.08122828873672643,3251
CCM2,0.08118489407898406,-0.08118489407898406,3252
MRPS16,0.08116702804990802,-0.08116702804990802,3253
TMSB15B,0.08116169110431753,0.08116169110431753,3254
ANTXR1,0.08113922246216537,0.08113922246216537,3255
DNASE1L1,0.08113434966638763,0.08113434966638763,3256
MTA2,0.08112740901836853,-0.08112740901836853,3257
GPR135,0.08112597070479163,0.08112597070479163,3258
CRYBB3,0.08110497136546031,0.08110497136546031,3259
FMO5,0.08107450075343618,-0.08107450075343618,3260
STAT5A,0.08105589447256152,0.08105589447256152,3261
PNPLA2,0.08105011908661663,-0.08105011908661663,3262
C1orf54,0.08102254472307933,0.08102254472307933,3263
HOXB13,0.0810187160455394,0.0810187160455394,3264
SPAG17,0.08101298587438997,0.08101298587438997,3265
SLC22A25,0.08099189314350554,0.08099189314350554,3266
SLFN5,0.08097929922120713,-0.08097929922120713,3267
HOXB9,0.08097571954579588,0.08097571954579588,3268
EFEMP2,0.0809682909815763,-0.0809682909815763,3269
S100A4,0.080946564633054,0.080946564633054,3270
IL17RD,0.08094032300581895,0.08094032300581895,3271
FUT4,0.08088123102366494,0.08088123102366494,3272
GNA14,0.08083137630726238,0.08083137630726238,3273
SMTN,0.0808026424683489,0.0808026424683489,3274
NR4A3,0.08077900910668927,0.08077900910668927,3275
RAB28,0.0807744368123642,0.0807744368123642,3276
STX1A,0.08072976733725407,-0.08072976733725407,3277
BCL6,0.0807182874722691,-0.0807182874722691,3278
GALK2,0.08070857861030886,0.08070857861030886,3279
TBL1XR1,0.08069861506632313,-0.08069861506632313,3280
TFCP2L1,0.08068806065003602,-0.08068806065003602,3281
STK10,0.08065664159352653,-0.08065664159352653,3282
DNAJC19,0.08064735613278268,-0.08064735613278268,3283
ROGDI,0.08062644450694996,-0.08062644450694996,3284
NYX,0.08055391024873543,-0.08055391024873543,3285
CYFIP1,0.08050573262486266,-0.08050573262486266,3286
DCTN4,0.08049399468078947,0.08049399468078947,3287
CBLN4,0.08043503477672602,0.08043503477672602,3288
RALA,0.08042939741291258,0.08042939741291258,3289
ARMCX3,0.08038676226210484,0.08038676226210484,3290
MTPN,0.08032602501467374,0.08032602501467374,3291
TM7SF3,0.08032140504852432,-0.08032140504852432,3292
FRS2,0.08025917687531675,-0.08025917687531675,3293
ANKRD27,0.08025183305752329,-0.08025183305752329,3294
WIPI1,0.08025144295965737,-0.08025144295965737,3295
ZBTB5,0.08024946083963268,0.08024946083963268,3296
NDUFB9,0.08021903843724322,0.08021903843724322,3297
CAMK2D,0.08015040510644897,-0.08015040510644897,3298
LSS,0.0801491115082095,0.0801491115082095,3299
CLYBL,0.08012084385610964,0.08012084385610964,3300
UBE2W,0.0801186292902093,-0.0801186292902093,3301
GTF2H4,0.08011780970868199,0.08011780970868199,3302
AGPAT4,0.0801120146739858,-0.0801120146739858,3303
RCCD1,0.08008308756385392,0.08008308756385392,3304
RGS5,0.08007389157689553,-0.08007389157689553,3305
GTF3C5,0.08007380140288539,-0.08007380140288539,3306
TRIM16L,0.08005171867258334,0.08005171867258334,3307
SP7,0.0800053036666123,0.0800053036666123,3308
RAB17,0.07997369992149281,0.07997369992149281,3309
DPYSL2,0.07993443583837799,0.07993443583837799,3310
ACD,0.07991624739586586,0.07991624739586586,3311
SLC4A1,0.0798710420986772,-0.0798710420986772,3312
ASNSD1,0.07985901502321499,-0.07985901502321499,3313
TSPAN31,0.07984801125484384,0.07984801125484384,3314
ERP29,0.07983748291155487,0.07983748291155487,3315
ZNF320,0.07983575700519342,0.07983575700519342,3316
BASP1,0.07979225889816044,-0.07979225889816044,3317
CREB3,0.07979025526555866,0.07979025526555866,3318
FERMT3,0.07973597239806152,0.07973597239806152,3319
ODC1,0.07972083839040307,-0.07972083839040307,3320
LST1,0.07971734905328202,-0.07971734905328202,3321
RELT,0.0797123029895784,0.0797123029895784,3322
BANF1,0.07970974049284374,0.07970974049284374,3323
HECA,0.07969963577108989,-0.07969963577108989,3324
USPL1,0.0796943480525727,-0.0796943480525727,3325
RAB3C,0.07964666139905067,0.07964666139905067,3326
FKBP5,0.07963812573857232,0.07963812573857232,3327
LFNG,0.07962795732040967,-0.07962795732040967,3328
C11orf24,0.0796048394662573,0.0796048394662573,3329
PHOX2A,0.07957376972133841,-0.07957376972133841,3330
GNMT,0.0795298456431936,-0.0795298456431936,3331
MSH3,0.07952231016896417,-0.07952231016896417,3332
TRAF3IP1,0.07950685973171237,0.07950685973171237,3333
TTR,0.07950260564709556,-0.07950260564709556,3334
CD47,0.07946757146572207,0.07946757146572207,3335
TRIM59,0.07945413998620568,0.07945413998620568,3336
XAB2,0.07943342868362321,-0.07943342868362321,3337
WDR46,0.07941367529103645,-0.07941367529103645,3338
MLN,0.07940347276926417,0.07940347276926417,3339
ENPP1,0.07937216830180222,0.07937216830180222,3340
PPIB,0.0793486180632703,0.0793486180632703,3341
SOD3,0.07933020839637904,-0.07933020839637904,3342
PLXNA3,0.07930003546591362,0.07930003546591362,3343
ACVRL1,0.0792779679700884,0.0792779679700884,3344
STOML2,0.07925916628325663,0.07925916628325663,3345
ANKLE1,0.07921788717308997,-0.07921788717308997,3346
ARL3,0.07920108402486971,-0.07920108402486971,3347
USP46,0.07913644630112189,0.07913644630112189,3348
POLR3A,0.0790808077906394,-0.0790808077906394,3349
CTDSPL2,0.07906948800628831,-0.07906948800628831,3350
LIX1,0.07904499577497141,0.07904499577497141,3351
SEMA4D,0.07902062944189872,0.07902062944189872,3352
BAZ2A,0.07897669560224901,0.07897669560224901,3353
TBC1D22A,0.07897655570678312,-0.07897655570678312,3354
BEX1,0.07897423708691077,-0.07897423708691077,3355
ETV5,0.07896119249094583,0.07896119249094583,3356
KCNMB2,0.07893677673878659,-0.07893677673878659,3357
PTPN13,0.07892678216780151,0.07892678216780151,3358
CLEC2L,0.07890233865460361,-0.07890233865460361,3359
DEFB1,0.0788841566020561,0.0788841566020561,3360
ZNF317,0.07884100713763899,-0.07884100713763899,3361
SMARCA4,0.07879791404106037,-0.07879791404106037,3362
NSUN7,0.07878243391119719,-0.07878243391119719,3363
SLURP1,0.07875759376924549,-0.07875759376924549,3364
FIS1,0.07872111800379517,0.07872111800379517,3365
LAP3,0.07871550441955699,-0.07871550441955699,3366
NUDT10,0.0787095224872015,-0.0787095224872015,3367
MID1IP1,0.07870854977363193,0.07870854977363193,3368
FOXF1,0.0786294384378761,-0.0786294384378761,3369
FRAT1,0.07862082796708611,-0.07862082796708611,3370
GLMN,0.07860522652095576,-0.07860522652095576,3371
MED15,0.07859869068790742,0.07859869068790742,3372
NCKAP1L,0.07859563053998905,0.07859563053998905,3373
MANEAL,0.07857329541277502,0.07857329541277502,3374
CDC42EP1,0.078553124930364,0.078553124930364,3375
PIGQ,0.07855182815796266,-0.07855182815796266,3376
PRKAR2B,0.07851100177258975,0.07851100177258975,3377
PGK1,0.07848342205162301,0.07848342205162301,3378
COL3A1,0.07845964541414605,-0.07845964541414605,3379
TXNDC17,0.07845792799659072,-0.07845792799659072,3380
CCDC47,0.07845390458479069,0.07845390458479069,3381
MAP7D3,0.07843240292645383,0.07843240292645383,3382
TRIM47,0.07842782102780965,0.07842782102780965,3383
FGL1,0.07842479894120812,-0.07842479894120812,3384
RBBP4,0.07838919655059831,-0.07838919655059831,3385
CAPN6,0.07838429056564042,0.07838429056564042,3386
ZNF385A,0.07836880171173045,-0.07836880171173045,3387
ORAI1,0.07835758139081855,0.07835758139081855,3388
EHD4,0.0783547997171308,-0.0783547997171308,3389
IL12RB1,0.07832067590858365,0.07832067590858365,3390
CNTNAP5,0.07831804124048367,-0.07831804124048367,3391
GMPPA,0.07830404307953168,0.07830404307953168,3392
IFT20,0.07826788948898084,-0.07826788948898084,3393
NOL8,0.07825484823725164,-0.07825484823725164,3394
PBRM1,0.07825077764515131,0.07825077764515131,3395
TMCO5A,0.07823269824216611,0.07823269824216611,3396
DZIP3,0.0782241069205237,0.0782241069205237,3397
ENOPH1,0.07822279461488334,-0.07822279461488334,3398
PIGP,0.07822056415499529,0.07822056415499529,3399
EPB41L4A,0.07821805987694169,-0.07821805987694169,3400
FOXA2,0.07821670603710947,0.07821670603710947,3401
CDK10,0.07821480759509926,-0.07821480759509926,3402
TCTN2,0.07820701768616138,0.07820701768616138,3403
PTPRK,0.0782065803027917,0.0782065803027917,3404
L1TD1,0.07820425701601688,0.07820425701601688,3405
TNNC2,0.07820400581006724,-0.07820400581006724,3406
TLL2,0.07816165190802246,-0.07816165190802246,3407
ADRA2C,0.07812528772007081,-0.07812528772007081,3408
HCN2,0.07812388527111915,0.07812388527111915,3409
DDX31,0.07809961423154678,-0.07809961423154678,3410
KCNV2,0.07808476239417432,0.07808476239417432,3411
WDR91,0.07807317262888637,0.07807317262888637,3412
GALR2,0.07805996692369219,-0.07805996692369219,3413
PYY,0.07803547521917267,0.07803547521917267,3414
SLC4A5,0.07803390832738342,0.07803390832738342,3415
GPR26,0.07802686031059385,-0.07802686031059385,3416
PNMA1,0.07797035913156959,-0.07797035913156959,3417
B3GALT1,0.07795399943329849,-0.07795399943329849,3418
CKS1B,0.07794888107706253,0.07794888107706253,3419
PPIL4,0.07791619188451514,-0.07791619188451514,3420
GAP43,0.07789499519591529,-0.07789499519591529,3421
BCLAF1,0.07788041075906164,-0.07788041075906164,3422
LRGUK,0.07787142798490101,-0.07787142798490101,3423
CD99,0.07786844637123816,0.07786844637123816,3424
DPT,0.0778615043657837,-0.0778615043657837,3425
UBA2,0.07784715751204886,0.07784715751204886,3426
LMOD1,0.07783793663452603,-0.07783793663452603,3427
ERCC2,0.07780113500448281,-0.07780113500448281,3428
DERA,0.07779865851109384,0.07779865851109384,3429
ITIH4,0.07779769603006567,-0.07779769603006567,3430
CHEK2,0.07779707838926123,0.07779707838926123,3431
CYP2A13,0.07779550824914316,-0.07779550824914316,3432
SLC25A4,0.07779533828245251,-0.07779533828245251,3433
ADAM9,0.07778351131768081,-0.07778351131768081,3434
PFDN1,0.07769488048697652,-0.07769488048697652,3435
FAIM2,0.0776833082189072,0.0776833082189072,3436
PAPSS2,0.07768269237848406,0.07768269237848406,3437
GLO1,0.0776741222075716,0.0776741222075716,3438
CHM,0.07765612483350058,-0.07765612483350058,3439
CENPA,0.07764276251999809,-0.07764276251999809,3440
ANKLE2,0.077569436670096,0.077569436670096,3441
SOX10,0.07754804717366642,0.07754804717366642,3442
SLC25A35,0.07753350242675831,-0.07753350242675831,3443
RANBP1,0.07752120897143665,0.07752120897143665,3444
IFI35,0.07751048461652271,0.07751048461652271,3445
ADAMTS2,0.07750959776990879,-0.07750959776990879,3446
RASSF4,0.07748222616014624,-0.07748222616014624,3447
CHPT1,0.07743973612103582,-0.07743973612103582,3448
LDOC1,0.07739384304650673,-0.07739384304650673,3449
ZRANB1,0.0773862242790013,0.0773862242790013,3450
SLC25A14,0.07737850708361074,0.07737850708361074,3451
DBI,0.07737705446364641,-0.07737705446364641,3452
HNF4G,0.07734688374167695,-0.07734688374167695,3453
SIRT5,0.07733708063659897,0.07733708063659897,3454
FOSL1,0.0773155592759644,0.0773155592759644,3455
IBSP,0.07729802283676006,0.07729802283676006,3456
TPRKB,0.07721566465858101,0.07721566465858101,3457
KLHDC8A,0.07721340011916003,0.07721340011916003,3458
RETNLB,0.07720276158380855,0.07720276158380855,3459
APBB1IP,0.07713249706307404,-0.07713249706307404,3460
CSPP1,0.07711549211807739,-0.07711549211807739,3461
CD109,0.07711513530422841,0.07711513530422841,3462
HMOX1,0.07711439490963191,0.07711439490963191,3463
THAP3,0.07710357541866426,-0.07710357541866426,3464
BHLHA15,0.07709532328618979,0.07709532328618979,3465
CAPN3,0.07708718583467418,-0.07708718583467418,3466
TRABD,0.07707793387012452,-0.07707793387012452,3467
NDC80,0.07706759402311217,0.07706759402311217,3468
KCNS1,0.07704688081164497,-0.07704688081164497,3469
MAPKBP1,0.07704337404240309,-0.07704337404240309,3470
HIBADH,0.07703879957853621,-0.07703879957853621,3471
PPP2CB,0.07701168018657942,0.07701168018657942,3472
PLK3,0.07700470237958115,0.07700470237958115,3473
SPRR1A,0.07697583286402045,-0.07697583286402045,3474
MPHOSPH9,0.0769423381080351,0.0769423381080351,3475
IQSEC1,0.07693813952216072,-0.07693813952216072,3476
KTN1,0.0769304898146409,-0.0769304898146409,3477
GALT,0.07691822801199752,-0.07691822801199752,3478
FAM126A,0.07691326107004186,-0.07691326107004186,3479
FKTN,0.07689146139311559,-0.07689146139311559,3480
DKK2,0.07687813146993175,0.07687813146993175,3481
NCAM1,0.07686365320717509,0.07686365320717509,3482
LRRC23,0.07683532031529605,0.07683532031529605,3483
S100A8,0.0767846054769356,-0.0767846054769356,3484
AOAH,0.07678356548429338,-0.07678356548429338,3485
SLC22A2,0.07677974724855605,-0.07677974724855605,3486
PARP3,0.07676790860060392,-0.07676790860060392,3487
CHST14,0.07676737344176783,0.07676737344176783,3488
DBT,0.07676686110883538,-0.07676686110883538,3489
TP63,0.07676507055971554,0.07676507055971554,3490
SNCAIP,0.07672397114648734,-0.07672397114648734,3491
MYH7,0.07667688387712747,0.07667688387712747,3492
NCSTN,0.0766406859451201,-0.0766406859451201,3493
ITGAX,0.07662270114506987,0.07662270114506987,3494
TSPAN12,0.0765996606235276,0.0765996606235276,3495
EFNA2,0.0765912056471865,-0.0765912056471865,3496
DDX60L,0.07651433093865079,-0.07651433093865079,3497
ZNHIT6,0.07650070588996101,0.07650070588996101,3498
MLLT6,0.07649069441910256,0.07649069441910256,3499
TOX4,0.07648608017971614,0.07648608017971614,3500
NCR2,0.07646547104279654,-0.07646547104279654,3501
NDUFS7,0.07646519989561879,-0.07646519989561879,3502
EGR3,0.0763840197835713,-0.0763840197835713,3503
NTN3,0.07636069087904984,0.07636069087904984,3504
METTL4,0.07634679737532574,0.07634679737532574,3505
NT5C2,0.07633577825136369,0.07633577825136369,3506
UQCRC1,0.07631481054797694,0.07631481054797694,3507
DDAH2,0.07630495872026068,-0.07630495872026068,3508
PSPC1,0.07629981441543479,0.07629981441543479,3509
NCAPG2,0.07627296786138339,0.07627296786138339,3510
SRP54,0.07626111684887003,0.07626111684887003,3511
FEZ1,0.07625388367953878,0.07625388367953878,3512
PLAC8,0.07623059968336462,0.07623059968336462,3513
PLAT,0.07622816966967991,-0.07622816966967991,3514
SIRPB1,0.07616479704600124,0.07616479704600124,3515
METTL1,0.07615057967209508,0.07615057967209508,3516
FAM104B,0.07612713766882821,0.07612713766882821,3517
MUC13,0.07610764232577483,0.07610764232577483,3518
COPS7A,0.07610609453892989,0.07610609453892989,3519
CHMP5,0.07610565676211722,-0.07610565676211722,3520
VPS13B,0.07609645532237827,-0.07609645532237827,3521
POP7,0.07605095815839173,-0.07605095815839173,3522
CTNNA2,0.07604561075748771,-0.07604561075748771,3523
TPST1,0.07602914008617634,-0.07602914008617634,3524
CNNM4,0.07601246036785846,-0.07601246036785846,3525
LYPD3,0.0759854197614541,-0.0759854197614541,3526
TXLNB,0.0759635078360573,0.0759635078360573,3527
PTTG2,0.07594713280498874,0.07594713280498874,3528
PNKD,0.07586388886459154,-0.07586388886459154,3529
GLA,0.07584422340524204,-0.07584422340524204,3530
PCYT1A,0.0758353432601498,-0.0758353432601498,3531
MUCL1,0.07583019518635943,-0.07583019518635943,3532
DPF1,0.0758028153430775,0.0758028153430775,3533
DNM1,0.07578212110515979,-0.07578212110515979,3534
FAM124A,0.07577601296470667,0.07577601296470667,3535
APC,0.0757752903813226,-0.0757752903813226,3536
KAT2A,0.0757747765922785,-0.0757747765922785,3537
IGSF8,0.07575897277003983,0.07575897277003983,3538
PPHLN1,0.07574590607643421,-0.07574590607643421,3539
TMEM18,0.07572653342503062,0.07572653342503062,3540
GLIS2,0.07572651255644386,-0.07572651255644386,3541
LRRK1,0.07568560704811209,0.07568560704811209,3542
TMEM129,0.07566322531019044,0.07566322531019044,3543
MYO18A,0.0756546998953487,-0.0756546998953487,3544
ZW10,0.07560999054047338,0.07560999054047338,3545
PCDHB16,0.07559441106764478,0.07559441106764478,3546
OXR1,0.07559187764110946,-0.07559187764110946,3547
KLHDC7B,0.07556345964895704,0.07556345964895704,3548
GPN1,0.07556214478625177,-0.07556214478625177,3549
COX11,0.07555369706325166,-0.07555369706325166,3550
RAB11FIP3,0.07554417894568494,-0.07554417894568494,3551
NME3,0.07553493505249236,-0.07553493505249236,3552
CCDC89,0.07552400153395247,0.07552400153395247,3553
ACY1,0.07551573181232052,-0.07551573181232052,3554
THAP2,0.0755098392678048,-0.0755098392678048,3555
FBXO32,0.07549390819491887,-0.07549390819491887,3556
E2F7,0.07549303241519743,0.07549303241519743,3557
DMKN,0.07548808808536712,-0.07548808808536712,3558
KCTD4,0.0754702125492193,0.0754702125492193,3559
CEP72,0.07546547322738635,-0.07546547322738635,3560
IL6R,0.07546241857815866,0.07546241857815866,3561
MYL2,0.07545598472383491,0.07545598472383491,3562
TRPT1,0.07541501058682985,0.07541501058682985,3563
PPP1R1B,0.07540893976939134,0.07540893976939134,3564
XRCC1,0.0754053631611422,0.0754053631611422,3565
SLIT2,0.07539039047426101,-0.07539039047426101,3566
RSPH1,0.07538524880264905,-0.07538524880264905,3567
PAGE1,0.0753741366006485,0.0753741366006485,3568
MCPH1,0.07537048145276276,-0.07537048145276276,3569
CCDC80,0.075365234828779,-0.075365234828779,3570
TPP1,0.07534100917908701,-0.07534100917908701,3571
FAM114A2,0.07533601705988865,0.07533601705988865,3572
ARL15,0.07533527685799124,-0.07533527685799124,3573
MID1,0.07529046059229975,0.07529046059229975,3574
PRLH,0.07526634902418136,-0.07526634902418136,3575
CFB,0.07525360881984373,-0.07525360881984373,3576
AHCY,0.07525299751007973,0.07525299751007973,3577
FEM1B,0.07523803717198992,-0.07523803717198992,3578
NBR1,0.07523598707420028,-0.07523598707420028,3579
HR,0.07521915102689714,0.07521915102689714,3580
DUSP12,0.07519722998998236,0.07519722998998236,3581
DCBLD1,0.07518597695379868,0.07518597695379868,3582
CNPY4,0.07517800359659456,0.07517800359659456,3583
CDKN1C,0.07515900596457682,0.07515900596457682,3584
CARD6,0.07512803985301793,0.07512803985301793,3585
WDR24,0.07511726236705932,0.07511726236705932,3586
CSF3R,0.07510081294910788,-0.07510081294910788,3587
PYCR1,0.07508914832203942,0.07508914832203942,3588
SH2D1A,0.0750862018163519,0.0750862018163519,3589
ITGB1BP1,0.07508216908535578,-0.07508216908535578,3590
DERL1,0.07507117959129495,-0.07507117959129495,3591
GOSR2,0.07503342444619376,0.07503342444619376,3592
MTIF3,0.07502600901288577,-0.07502600901288577,3593
NRG4,0.07501449157154576,-0.07501449157154576,3594
ODF3,0.07501313210134065,0.07501313210134065,3595
SMAD3,0.07499029672899116,-0.07499029672899116,3596
ZNF419,0.07498142323904239,0.07498142323904239,3597
PSMD9,0.07495663905145715,0.07495663905145715,3598
PACSIN1,0.07493058526162763,0.07493058526162763,3599
GNAZ,0.07492083725867327,0.07492083725867327,3600
SOAT1,0.07491720455445694,0.07491720455445694,3601
TRAF2,0.07490164599512028,-0.07490164599512028,3602
MAP2K1,0.0748968425267862,0.0748968425267862,3603
PPP1R14B,0.07488241213665653,0.07488241213665653,3604
STC1,0.0748797374906487,0.0748797374906487,3605
PCDHGA8,0.07487607614906897,-0.07487607614906897,3606
CNTNAP2,0.07486454642435204,0.07486454642435204,3607
GGPS1,0.07481544025855255,-0.07481544025855255,3608
PTGR2,0.07481374183038719,0.07481374183038719,3609
GOLIM4,0.07478199301985138,-0.07478199301985138,3610
AMBRA1,0.07475092127171402,-0.07475092127171402,3611
SLC9A8,0.07474708465188815,-0.07474708465188815,3612
MAL2,0.07470558780962569,0.07470558780962569,3613
MEI1,0.07468519724673503,-0.07468519724673503,3614
NFKBIZ,0.07466439390145903,-0.07466439390145903,3615
INSR,0.07464476156227048,-0.07464476156227048,3616
FGFR1OP2,0.07463520315339019,-0.07463520315339019,3617
LARS2,0.0746182452742682,0.0746182452742682,3618
ARL2,0.07461182802594916,-0.07461182802594916,3619
CAT,0.07460745139788733,0.07460745139788733,3620
ITK,0.07458181062253505,0.07458181062253505,3621
CFHR3,0.0745612005797148,-0.0745612005797148,3622
UBAP2,0.07448479417936155,0.07448479417936155,3623
DPYSL5,0.07446118738857654,0.07446118738857654,3624
ZNF512,0.0744565187885859,-0.0744565187885859,3625
MTA3,0.07445398717166032,-0.07445398717166032,3626
NDE1,0.07444053463759422,-0.07444053463759422,3627
AFF3,0.0744334937422745,-0.0744334937422745,3628
MEST,0.07441682821230708,-0.07441682821230708,3629
TDRKH,0.07441426547209007,-0.07441426547209007,3630
RHOT1,0.07440251524884257,-0.07440251524884257,3631
MATN1,0.0744013276851344,0.0744013276851344,3632
EGFL7,0.0743961565906583,0.0743961565906583,3633
DLST,0.07438907803676642,0.07438907803676642,3634
SPIB,0.07438583402436962,0.07438583402436962,3635
INTS5,0.07437870570483333,-0.07437870570483333,3636
KRT8,0.07437408558544172,-0.07437408558544172,3637
MAML3,0.07434893083956715,-0.07434893083956715,3638
CATSPER1,0.07432624547830655,-0.07432624547830655,3639
DHX33,0.07431338765039124,-0.07431338765039124,3640
HEBP2,0.07428131139767234,-0.07428131139767234,3641
FBXL2,0.07427131749882963,-0.07427131749882963,3642
TRDMT1,0.0742467313702971,-0.0742467313702971,3643
VASH2,0.07423731403647954,0.07423731403647954,3644
SLC31A1,0.07418915205767569,-0.07418915205767569,3645
PI16,0.07418036682347488,0.07418036682347488,3646
ATP13A3,0.07413102584423117,-0.07413102584423117,3647
CCDC59,0.0741169040403607,0.0741169040403607,3648
TOMM40L,0.07410731770150983,0.07410731770150983,3649
FTO,0.07409308965442017,-0.07409308965442017,3650
MS4A4A,0.07407983874622533,-0.07407983874622533,3651
MSRA,0.07407319767216004,0.07407319767216004,3652
FOXP4,0.07406307840862512,0.07406307840862512,3653
CCDC106,0.07405958500316212,-0.07405958500316212,3654
IGFBP1,0.07401384537648584,-0.07401384537648584,3655
MAOB,0.07400330937028511,-0.07400330937028511,3656
ZCCHC9,0.07399753304569787,-0.07399753304569787,3657
ABCC9,0.073990321823089,0.073990321823089,3658
PURA,0.07398949478046958,0.07398949478046958,3659
MFAP5,0.07397968025997828,0.07397968025997828,3660
HADHB,0.07395880256598336,0.07395880256598336,3661
QSOX1,0.07395618930836458,-0.07395618930836458,3662
VARS2,0.07394590756134986,0.07394590756134986,3663
RAB22A,0.07394001554900212,0.07394001554900212,3664
TRHR,0.07393154594610567,-0.07393154594610567,3665
VAV1,0.0739186900578321,0.0739186900578321,3666
UBE2E1,0.07390650134819286,0.07390650134819286,3667
RAB23,0.07390402343318345,-0.07390402343318345,3668
CLASP2,0.07386430887227595,-0.07386430887227595,3669
SLC17A5,0.07386387852316446,0.07386387852316446,3670
GRPEL2,0.07386202634011438,0.07386202634011438,3671
BIRC6,0.0738507715363794,-0.0738507715363794,3672
TMEM88,0.07383447533342673,-0.07383447533342673,3673
TMEM42,0.07382842652053835,0.07382842652053835,3674
IFNAR1,0.07377260045672396,0.07377260045672396,3675
COL4A5,0.07376085610403561,0.07376085610403561,3676
HSPA6,0.07369811243416109,-0.07369811243416109,3677
TCAP,0.0735574108025851,-0.0735574108025851,3678
DHX37,0.0735562990545081,-0.0735562990545081,3679
ZSCAN5A,0.07348449713812213,0.07348449713812213,3680
GALNT2,0.07348314975183375,0.07348314975183375,3681
PRB3,0.07346398026631362,-0.07346398026631362,3682
CIITA,0.07345735346461923,-0.07345735346461923,3683
GLI3,0.07343510458982391,0.07343510458982391,3684
ZNHIT1,0.07343262843513157,0.07343262843513157,3685
ATP1B1,0.07341110763950227,-0.07341110763950227,3686
UBE2A,0.07339974200856261,0.07339974200856261,3687
MFSD11,0.07336040060166114,-0.07336040060166114,3688
GLB1L,0.07334916543999612,0.07334916543999612,3689
BCL9,0.07333574987710885,-0.07333574987710885,3690
ANKRD36B,0.07332283588128401,0.07332283588128401,3691
ANKAR,0.07330348663874905,0.07330348663874905,3692
GIMAP6,0.07330074088746746,0.07330074088746746,3693
ATG4D,0.07329925608850342,-0.07329925608850342,3694
CD244,0.07328371604376409,0.07328371604376409,3695
SNAP47,0.07326771835527948,0.07326771835527948,3696
ZNF600,0.07326155272306349,0.07326155272306349,3697
HS3ST1,0.07326147701922173,0.07326147701922173,3698
NSF,0.0732598479338328,0.0732598479338328,3699
OGFOD1,0.07324343817152831,-0.07324343817152831,3700
INVS,0.07324267797043355,-0.07324267797043355,3701
SFXN3,0.0732342448729946,0.0732342448729946,3702
AK5,0.07322746713560518,-0.07322746713560518,3703
PHF21B,0.07321434876296755,-0.07321434876296755,3704
CELSR3,0.0732127658173113,0.0732127658173113,3705
TNFAIP2,0.07320461935807944,-0.07320461935807944,3706
MARK1,0.07317915206715593,0.07317915206715593,3707
RNF11,0.07316532226392933,-0.07316532226392933,3708
TIMM9,0.07316321917330716,0.07316321917330716,3709
TOM1L2,0.07314475112674981,-0.07314475112674981,3710
PSMC5,0.07314092029814118,0.07314092029814118,3711
ETV3,0.0731323020612029,0.0731323020612029,3712
HSD17B1,0.07312458622052911,0.07312458622052911,3713
MPDZ,0.0731208284011418,0.0731208284011418,3714
TULP4,0.073114233018522,-0.073114233018522,3715
MMP16,0.07307776859894764,-0.07307776859894764,3716
ZNF764,0.07303794342383027,0.07303794342383027,3717
AKAP3,0.07303431412933196,-0.07303431412933196,3718
SNRNP27,0.0730046098479163,0.0730046098479163,3719
ULK3,0.07300347292610392,-0.07300347292610392,3720
NIT1,0.07299516213045369,0.07299516213045369,3721
E2F6,0.07298850608516569,-0.07298850608516569,3722
PMFBP1,0.07297999372909837,-0.07297999372909837,3723
IGSF21,0.07297727404939514,-0.07297727404939514,3724
DNAJB14,0.07296939354456718,-0.07296939354456718,3725
BHLHE41,0.0729580264590246,-0.0729580264590246,3726
FARP2,0.07295183940965436,0.07295183940965436,3727
HOXC10,0.07294416132414068,0.07294416132414068,3728
NUP35,0.07294338538924207,-0.07294338538924207,3729
RIF1,0.07294210037150498,-0.07294210037150498,3730
CMTM2,0.07291876697949484,0.07291876697949484,3731
MAGEA11,0.07291738229063711,0.07291738229063711,3732
QPCT,0.07290989024183582,0.07290989024183582,3733
PFKM,0.07286946809989327,0.07286946809989327,3734
PSMD5,0.07284994987253134,0.07284994987253134,3735
IGFBP4,0.07284506184702062,0.07284506184702062,3736
PURB,0.07282847076292037,-0.07282847076292037,3737
SCN4B,0.07282602264678784,0.07282602264678784,3738
DHCR7,0.07281057355158965,0.07281057355158965,3739
RAB13,0.07279643258824099,-0.07279643258824099,3740
POLA2,0.0727962758384489,0.0727962758384489,3741
STXBP4,0.07278740991843542,-0.07278740991843542,3742
TOB2,0.0727612715905628,-0.0727612715905628,3743
HMGCS2,0.07268500556701227,0.07268500556701227,3744
KRTAP1-3,0.07268333269187596,-0.07268333269187596,3745
MAB21L2,0.0726788351491938,0.0726788351491938,3746
RUNDC1,0.07266021958224919,0.07266021958224919,3747
PKHD1L1,0.07265877012118906,-0.07265877012118906,3748
MRPL30,0.07261784428931636,-0.07261784428931636,3749
DHX32,0.07260730906651046,0.07260730906651046,3750
SLC25A22,0.07259575722325433,0.07259575722325433,3751
STX10,0.07259500432417411,-0.07259500432417411,3752
IL10RA,0.07259300660958415,0.07259300660958415,3753
GON4L,0.07259003935244061,0.07259003935244061,3754
NRP1,0.07258851342418948,0.07258851342418948,3755
S100A11,0.07258133258363136,0.07258133258363136,3756
XYLT1,0.07257120287447578,-0.07257120287447578,3757
SNRNP40,0.07253717248870277,-0.07253717248870277,3758
NDEL1,0.07253645802639588,0.07253645802639588,3759
NKX2-5,0.07252838211240109,0.07252838211240109,3760
PLN,0.07248126327129797,0.07248126327129797,3761
INSL3,0.07246587668320749,0.07246587668320749,3762
MRPL15,0.07246001142451733,0.07246001142451733,3763
CALU,0.07244711988784441,0.07244711988784441,3764
DEAF1,0.07244179516497758,0.07244179516497758,3765
RNF111,0.07244176831796796,-0.07244176831796796,3766
SLC22A8,0.07240938343047798,0.07240938343047798,3767
ZNF786,0.07240278107140057,0.07240278107140057,3768
FOXK2,0.07237947396729465,0.07237947396729465,3769
HERC1,0.07236379105106501,-0.07236379105106501,3770
SIGLEC15,0.072360663157821,-0.072360663157821,3771
GLP1R,0.07235389268817366,-0.07235389268817366,3772
KIF27,0.07235087606769806,-0.07235087606769806,3773
ARFIP2,0.07233453125757713,-0.07233453125757713,3774
DUSP4,0.072304962494685,-0.072304962494685,3775
LZTR1,0.07226206899533826,-0.07226206899533826,3776
NECAP2,0.07223530183820565,-0.07223530183820565,3777
SNX14,0.07223430441345685,-0.07223430441345685,3778
PLCG2,0.07223311437708708,-0.07223311437708708,3779
TARBP2,0.07218036967492637,-0.07218036967492637,3780
RAB30,0.07216874302481605,-0.07216874302481605,3781
GPRC5C,0.07214699441192794,-0.07214699441192794,3782
ITIH1,0.07210080075238764,-0.07210080075238764,3783
CHRDL1,0.07209559375777397,0.07209559375777397,3784
OMP,0.07209253584060174,0.07209253584060174,3785
PHKB,0.07206441719225325,0.07206441719225325,3786
MED4,0.07203287577157412,0.07203287577157412,3787
ASS1,0.07202953346137532,-0.07202953346137532,3788
HSF1,0.07202686931857054,0.07202686931857054,3789
TMEM63A,0.07200600695865887,0.07200600695865887,3790
TUBD1,0.0719868861236651,-0.0719868861236651,3791
MECR,0.0719813266619629,-0.0719813266619629,3792
STK31,0.0719770450069332,0.0719770450069332,3793
CYBB,0.07196438233895,0.07196438233895,3794
UROD,0.07196224083227358,-0.07196224083227358,3795
ARHGAP4,0.07190577862258335,-0.07190577862258335,3796
NPAS4,0.07189734591322072,0.07189734591322072,3797
NFAM1,0.0718947501262578,-0.0718947501262578,3798
RAP1B,0.07189238982424934,-0.07189238982424934,3799
PCYT2,0.0718659265870942,0.0718659265870942,3800
KLHDC4,0.07182959056318274,-0.07182959056318274,3801
LRP11,0.0718143309427773,-0.0718143309427773,3802
KIAA0100,0.07180120897317063,-0.07180120897317063,3803
ZNF584,0.07178319800905573,0.07178319800905573,3804
HS3ST3A1,0.07177369659440556,0.07177369659440556,3805
TUBB,0.07175861639087534,0.07175861639087534,3806
DGKD,0.07175215023722947,-0.07175215023722947,3807
SORT1,0.07175213798776563,0.07175213798776563,3808
USP25,0.07172759610326655,-0.07172759610326655,3809
GLG1,0.071714816095603,0.071714816095603,3810
FANCE,0.07171235785459872,0.07171235785459872,3811
SIN3A,0.07170397247383624,0.07170397247383624,3812
KCNQ3,0.0716884029033,0.0716884029033,3813
RUNX1T1,0.07167130512293916,0.07167130512293916,3814
SDSL,0.07166988101930503,-0.07166988101930503,3815
EPS8L1,0.07165001933490511,0.07165001933490511,3816
WDSUB1,0.07164621069005571,-0.07164621069005571,3817
CEACAM21,0.0716449309103127,-0.0716449309103127,3818
MINPP1,0.07161693163695908,-0.07161693163695908,3819
IL24,0.07161094813738828,0.07161094813738828,3820
OAS3,0.07158218407398584,0.07158218407398584,3821
ASB6,0.07158037316224776,-0.07158037316224776,3822
NUDT6,0.07156849249643177,-0.07156849249643177,3823
SIX2,0.07156234416666667,0.07156234416666667,3824
FAM118B,0.07156215888824169,0.07156215888824169,3825
NFASC,0.07155108453215757,-0.07155108453215757,3826
PRMT5,0.07154942402959882,0.07154942402959882,3827
SERPINE2,0.07153049989269271,-0.07153049989269271,3828
IFI27L2,0.07150197448533845,0.07150197448533845,3829
ARHGEF7,0.0714909358234595,0.0714909358234595,3830
PTPN5,0.07148819171446809,0.07148819171446809,3831
NEB,0.07145522943623843,-0.07145522943623843,3832
FGB,0.07144636627202879,0.07144636627202879,3833
QPCTL,0.07144558347692151,-0.07144558347692151,3834
RDM1,0.07143217344406141,0.07143217344406141,3835
ZDHHC14,0.07142106957641832,0.07142106957641832,3836
FAM122B,0.07141500857456572,-0.07141500857456572,3837
RECQL4,0.07141374338277487,-0.07141374338277487,3838
GRK4,0.07139727296454809,0.07139727296454809,3839
RAB11FIP5,0.07135457235288242,-0.07135457235288242,3840
ARL8A,0.07133372891251291,-0.07133372891251291,3841
CAMTA2,0.07132347086213033,-0.07132347086213033,3842
NEXN,0.07129715135861639,-0.07129715135861639,3843
BACH1,0.07128570344999569,-0.07128570344999569,3844
CAPZB,0.07128375188598944,0.07128375188598944,3845
PAWR,0.07128091104110834,-0.07128091104110834,3846
ATXN1,0.07124089309820912,0.07124089309820912,3847
FTSJ1,0.07123365524232804,0.07123365524232804,3848
ATL3,0.07122776625296409,0.07122776625296409,3849
PITPNA,0.071211390051633,-0.071211390051633,3850
LRRC3B,0.07118446936160097,-0.07118446936160097,3851
ARF5,0.07116867448943726,-0.07116867448943726,3852
SYT12,0.07116761400015152,-0.07116761400015152,3853
POLR1A,0.07112350258634635,0.07112350258634635,3854
LTBP1,0.07111869195481663,0.07111869195481663,3855
SRCAP,0.0710932826388252,0.0710932826388252,3856
TBX6,0.07105432370514783,0.07105432370514783,3857
VPS45,0.07105245946123644,0.07105245946123644,3858
SDAD1,0.07103668071879614,-0.07103668071879614,3859
TAGLN3,0.07103079332386754,0.07103079332386754,3860
GPR3,0.07103015864259768,-0.07103015864259768,3861
SLN,0.07102914098000776,-0.07102914098000776,3862
SLBP,0.07102550926704651,0.07102550926704651,3863
FBXW2,0.07101583488074503,-0.07101583488074503,3864
PPIF,0.07101336780579733,-0.07101336780579733,3865
CHTF18,0.0709863174654696,-0.0709863174654696,3866
NCOA6,0.07097743778877678,-0.07097743778877678,3867
PPIL3,0.07091372608716888,-0.07091372608716888,3868
KIF1B,0.07090774237261535,0.07090774237261535,3869
IGFBP6,0.07089024713363187,0.07089024713363187,3870
COLEC12,0.07086617339493005,-0.07086617339493005,3871
PTPN4,0.07084704542978197,0.07084704542978197,3872
VN1R1,0.0708438199269358,0.0708438199269358,3873
SEC23A,0.07084323247969977,-0.07084323247969977,3874
NET1,0.07083839483495474,-0.07083839483495474,3875
BLOC1S1,0.07082952109925598,0.07082952109925598,3876
ASGR2,0.07082851704087535,-0.07082851704087535,3877
ZNF256,0.07079117072153746,0.07079117072153746,3878
PSMG1,0.07073034686605065,0.07073034686605065,3879
TMUB2,0.07072507777604256,0.07072507777604256,3880
TMEM69,0.07071693378659477,0.07071693378659477,3881
RPS4Y1,0.07069912973366177,-0.07069912973366177,3882
C2orf49,0.07068592273721963,0.07068592273721963,3883
KIR2DL4,0.07066957136983847,-0.07066957136983847,3884
TRAF4,0.07065926375163378,0.07065926375163378,3885
PLCL2,0.07064014663560016,-0.07064014663560016,3886
ASB2,0.07063743119461614,0.07063743119461614,3887
TMEM125,0.07062577990364789,-0.07062577990364789,3888
BCOR,0.07060063990263996,-0.07060063990263996,3889
VEGFB,0.07054776914608037,0.07054776914608037,3890
KIAA0408,0.07053609383213282,-0.07053609383213282,3891
DEDD,0.07053020448484718,0.07053020448484718,3892
HIF3A,0.07052800283807258,0.07052800283807258,3893
ZNF74,0.07052059920491056,0.07052059920491056,3894
ANGPTL1,0.07049300629985807,0.07049300629985807,3895
NPL,0.07047483449101974,-0.07047483449101974,3896
MAX,0.0704716925416434,0.0704716925416434,3897
TMTC2,0.07046793377174607,0.07046793377174607,3898
PLEKHH3,0.07046644726316945,-0.07046644726316945,3899
CDC42EP3,0.07044841824480405,-0.07044841824480405,3900
NDUFA3,0.07042225518634487,-0.07042225518634487,3901
TRPM4,0.07038525154735112,-0.07038525154735112,3902
MAP3K9,0.0703718512663181,0.0703718512663181,3903
VAMP4,0.07037077787302418,-0.07037077787302418,3904
HYAL1,0.0703089380707264,-0.0703089380707264,3905
MDM1,0.07030593272453582,0.07030593272453582,3906
TSKU,0.0702546379102152,0.0702546379102152,3907
PRF1,0.07025237313703762,0.07025237313703762,3908
ZNF407,0.07024854553977926,-0.07024854553977926,3909
GHRL,0.07022486057890218,-0.07022486057890218,3910
RHOU,0.07018957020358987,-0.07018957020358987,3911
C12orf43,0.07017601258656969,0.07017601258656969,3912
PSMC2,0.07016005688978236,0.07016005688978236,3913
PTGER2,0.07015413423817649,-0.07015413423817649,3914
SH3GLB2,0.07013890614300929,-0.07013890614300929,3915
POLR3F,0.07013315150791831,0.07013315150791831,3916
FXN,0.07011523531345097,0.07011523531345097,3917
ZFPM2,0.07009494411695041,0.07009494411695041,3918
NGRN,0.07004567702060539,0.07004567702060539,3919
COQ3,0.07004063201274721,0.07004063201274721,3920
FMO1,0.07003418332802018,-0.07003418332802018,3921
BCDIN3D,0.07002772080893359,-0.07002772080893359,3922
CFC1,0.07001655909298961,0.07001655909298961,3923
ZHX1,0.06999624734530731,-0.06999624734530731,3924
ZNF488,0.06999365502789533,0.06999365502789533,3925
CDC42,0.06996998388089502,0.06996998388089502,3926
KIF2C,0.06996167865995681,0.06996167865995681,3927
IPPK,0.0699175652615923,-0.0699175652615923,3928
RNF114,0.06991153868037525,0.06991153868037525,3929
KEAP1,0.06990241297297951,-0.06990241297297951,3930
HM13,0.06988865741081886,-0.06988865741081886,3931
EIF3K,0.06988384150937876,0.06988384150937876,3932
CLCN2,0.06985064664979375,0.06985064664979375,3933
ABCB8,0.06981821670004934,0.06981821670004934,3934
CYB561,0.06980597850076074,0.06980597850076074,3935
TMEM214,0.06978791766089244,-0.06978791766089244,3936
PRELID2,0.06973706040429996,0.06973706040429996,3937
TOMM40,0.06973422985098791,0.06973422985098791,3938
ZNF626,0.06972130845394622,-0.06972130845394622,3939
PTER,0.06970377614310978,0.06970377614310978,3940
RWDD1,0.06969700532175124,-0.06969700532175124,3941
TPSD1,0.06969139680341054,0.06969139680341054,3942
OPN1SW,0.06968522176790688,0.06968522176790688,3943
HPRT1,0.06967154694432408,0.06967154694432408,3944
POMZP3,0.069659315665501,-0.069659315665501,3945
TIGD2,0.06965665818302626,-0.06965665818302626,3946
FXYD3,0.06963582966371266,-0.06963582966371266,3947
ZNF148,0.06961991593869789,-0.06961991593869789,3948
TRIP4,0.06960871354652745,0.06960871354652745,3949
TIMM10,0.06960610808280075,-0.06960610808280075,3950
POU3F2,0.06960561591872812,0.06960561591872812,3951
RP1L1,0.06959191728710766,0.06959191728710766,3952
RPL7,0.06958457515867338,0.06958457515867338,3953
DCP1A,0.06957797329619365,-0.06957797329619365,3954
TNFSF9,0.06957569880464735,0.06957569880464735,3955
ABCA9,0.06952878304636792,-0.06952878304636792,3956
ATP6V1G2,0.06950454896615683,-0.06950454896615683,3957
MATN3,0.06949408669379746,-0.06949408669379746,3958
TREML2,0.06949376463745492,0.06949376463745492,3959
MAP1S,0.06949356315950932,0.06949356315950932,3960
CYB5B,0.06948957261491705,0.06948957261491705,3961
CCDC8,0.06948239732002913,0.06948239732002913,3962
CTNS,0.06947848590234101,-0.06947848590234101,3963
FAM90A1,0.06947372426574035,-0.06947372426574035,3964
HLCS,0.06945812710794377,0.06945812710794377,3965
ZBTB6,0.06945093770576598,-0.06945093770576598,3966
MLEC,0.06944901737078839,0.06944901737078839,3967
FKBP8,0.0694456208626107,-0.0694456208626107,3968
DPM3,0.06936230276228161,-0.06936230276228161,3969
SNRPA1,0.06935241555153039,0.06935241555153039,3970
SLAIN1,0.0693468663684343,0.0693468663684343,3971
SLC3A2,0.06934155705382124,0.06934155705382124,3972
NPC1,0.06929561156509204,0.06929561156509204,3973
PIK3AP1,0.06928449218837066,-0.06928449218837066,3974
RAPGEF1,0.06928420485762504,-0.06928420485762504,3975
METTL7A,0.06926283774495363,-0.06926283774495363,3976
AIFM3,0.06924341653333035,-0.06924341653333035,3977
KCNK2,0.06923216671994581,-0.06923216671994581,3978
SRRM1,0.06922151063973991,-0.06922151063973991,3979
ZNF416,0.06921223378080574,0.06921223378080574,3980
CSRP3,0.06920524281460098,0.06920524281460098,3981
UQCRB,0.06919199871169733,-0.06919199871169733,3982
GDPD1,0.06918543254604875,0.06918543254604875,3983
PRPF6,0.06918216814823124,0.06918216814823124,3984
DEK,0.06917425369421652,0.06917425369421652,3985
BST2,0.0691642566558665,-0.0691642566558665,3986
ZNF19,0.06916096961432276,-0.06916096961432276,3987
PEG10,0.06915142466234074,-0.06915142466234074,3988
FEN1,0.06914267876194144,0.06914267876194144,3989
EFCAB1,0.06914153128742018,-0.06914153128742018,3990
COPS2,0.06913645023490154,-0.06913645023490154,3991
SCML1,0.069131647099095,0.069131647099095,3992
FXYD2,0.0691154632147681,-0.0691154632147681,3993
DMTF1,0.06910506205875074,-0.06910506205875074,3994
PHYHIP,0.06910445088101881,0.06910445088101881,3995
DUSP14,0.06910017678763876,0.06910017678763876,3996
CST3,0.0690932530219785,0.0690932530219785,3997
ADORA3,0.06908389355105508,-0.06908389355105508,3998
PSMB8,0.06906421312128506,0.06906421312128506,3999
LETMD1,0.06905846438238558,-0.06905846438238558,4000
IL1RAPL2,0.06898906951075749,0.06898906951075749,4001
MRPS31,0.06897821666336552,-0.06897821666336552,4002
UBE2N,0.06897204988806262,-0.06897204988806262,4003
GFER,0.06896951051365577,-0.06896951051365577,4004
ALCAM,0.06894454616955027,-0.06894454616955027,4005
DPEP3,0.06894363298227452,0.06894363298227452,4006
DLX2,0.0689152363407269,-0.0689152363407269,4007
OPLAH,0.06890553236811822,-0.06890553236811822,4008
CXorf56,0.06890339360139489,0.06890339360139489,4009
GATA2,0.06890066972825964,0.06890066972825964,4010
ADAM12,0.06889496306276602,0.06889496306276602,4011
AGBL4,0.06889250075551198,-0.06889250075551198,4012
GNPDA2,0.06888341814497097,-0.06888341814497097,4013
MYO5A,0.06887083609766462,0.06887083609766462,4014
WDR90,0.06886103534241406,0.06886103534241406,4015
UBR5,0.0688443566357672,-0.0688443566357672,4016
ZNF691,0.06881837777199096,-0.06881837777199096,4017
PNCK,0.06880803371259846,0.06880803371259846,4018
AGK,0.06880363619080371,0.06880363619080371,4019
KCNE1,0.06880013403918378,-0.06880013403918378,4020
URB1,0.06878894248115419,0.06878894248115419,4021
PDXDC1,0.06878443686185107,-0.06878443686185107,4022
SLC25A19,0.06877189475140615,0.06877189475140615,4023
HYOU1,0.06877092835745177,0.06877092835745177,4024
CSNK1A1,0.06876614238511188,0.06876614238511188,4025
CNN1,0.06876132660450436,0.06876132660450436,4026
MGAT1,0.06874200786763066,-0.06874200786763066,4027
WWC2,0.0687283742932931,0.0687283742932931,4028
ERBB2,0.06870768900052558,-0.06870768900052558,4029
VPS25,0.06868816027778855,-0.06868816027778855,4030
SLC6A3,0.06864616276398716,-0.06864616276398716,4031
LAT,0.06863057583165039,0.06863057583165039,4032
GNAI3,0.06862400979562613,0.06862400979562613,4033
HDDC2,0.06862146781689106,0.06862146781689106,4034
AHI1,0.06861103147066923,-0.06861103147066923,4035
PATL1,0.06860009402720992,0.06860009402720992,4036
EXOSC6,0.06857629002768137,0.06857629002768137,4037
BEX4,0.06856993291794182,0.06856993291794182,4038
SLC25A25,0.06855860091573919,0.06855860091573919,4039
EXTL3,0.06855056455341077,0.06855056455341077,4040
TMPRSS13,0.06854160180130787,0.06854160180130787,4041
NHLRC2,0.06853088683727553,0.06853088683727553,4042
RSAD1,0.06852724042733048,-0.06852724042733048,4043
ZNF16,0.06852047512404835,0.06852047512404835,4044
PPP1R1C,0.06851554814576068,0.06851554814576068,4045
BATF2,0.06850172844126032,0.06850172844126032,4046
POLR2J,0.06849867068639832,-0.06849867068639832,4047
H6PD,0.06846513388428903,0.06846513388428903,4048
LONP1,0.06845892647992904,0.06845892647992904,4049
ACTL6B,0.0684439332770541,-0.0684439332770541,4050
ABCF1,0.06844093960884114,0.06844093960884114,4051
FUT5,0.06843951930720887,0.06843951930720887,4052
CAMKK2,0.06842323924154808,0.06842323924154808,4053
CERCAM,0.0684100098711718,0.0684100098711718,4054
ZFYVE16,0.06840979743279275,-0.06840979743279275,4055
SPEF2,0.0683962672650808,-0.0683962672650808,4056
TPR,0.06839608735209204,0.06839608735209204,4057
IGSF3,0.068379404833695,0.068379404833695,4058
WDR4,0.06835983598730658,0.06835983598730658,4059
KLF11,0.06834225312166607,-0.06834225312166607,4060
OR10H1,0.06831569646127007,-0.06831569646127007,4061
ZNF341,0.06827052664948735,0.06827052664948735,4062
MED27,0.06825893499433153,-0.06825893499433153,4063
PHF20,0.06825694675904287,-0.06825694675904287,4064
SLC25A27,0.06825645371787296,-0.06825645371787296,4065
RILP,0.06825109753514455,-0.06825109753514455,4066
ALPK1,0.06823899822920391,-0.06823899822920391,4067
CSF1,0.0682265477133161,-0.0682265477133161,4068
NAF1,0.06821655095245988,-0.06821655095245988,4069
GP2,0.06820732223691785,-0.06820732223691785,4070
SKI,0.06818906451699791,0.06818906451699791,4071
CARD14,0.06817805508455077,-0.06817805508455077,4072
DOK4,0.06814523304574645,0.06814523304574645,4073
TOP1,0.06812294583883034,-0.06812294583883034,4074
SLA,0.06811125559097736,0.06811125559097736,4075
NIF3L1,0.06811041135761663,-0.06811041135761663,4076
SKIL,0.06809141339857348,-0.06809141339857348,4077
GAB2,0.06808593576152004,0.06808593576152004,4078
TOM1L1,0.06807571555610673,-0.06807571555610673,4079
LGI3,0.06807493903872373,-0.06807493903872373,4080
DAB2,0.0680326965384528,0.0680326965384528,4081
ZNF280B,0.06802173246276896,0.06802173246276896,4082
MPL,0.0680108008058862,-0.0680108008058862,4083
GPR84,0.06796107947707543,0.06796107947707543,4084
PHF6,0.06795096975945308,-0.06795096975945308,4085
VPS37C,0.0679365374210169,0.0679365374210169,4086
SLC38A7,0.06792807639826269,0.06792807639826269,4087
C1orf116,0.06792328412371214,0.06792328412371214,4088
PCBD2,0.06790965219622455,-0.06790965219622455,4089
B3GNT5,0.06790259564351532,0.06790259564351532,4090
RAB27B,0.06789663084652606,0.06789663084652606,4091
AEN,0.06789125257996155,0.06789125257996155,4092
PHYHIPL,0.06787962016267098,0.06787962016267098,4093
LPIN1,0.06787941822368043,0.06787941822368043,4094
GPT,0.06784215247083827,0.06784215247083827,4095
FGF13,0.06783255314709623,-0.06783255314709623,4096
GALE,0.0678295436887395,0.0678295436887395,4097
GJD4,0.0678266560103183,-0.0678266560103183,4098
ZBTB25,0.06778913838455385,0.06778913838455385,4099
E2F3,0.0677850428360498,0.0677850428360498,4100
ITPR1,0.06776576235453256,-0.06776576235453256,4101
GYS1,0.06776553924228823,0.06776553924228823,4102
VAMP5,0.06774154431987216,-0.06774154431987216,4103
SAE1,0.06771397608700169,0.06771397608700169,4104
LRCH3,0.06771297459115415,-0.06771297459115415,4105
BRD9,0.06770176575130889,-0.06770176575130889,4106
ZNF75D,0.0676792472601148,0.0676792472601148,4107
GEMIN4,0.0676534981636478,-0.0676534981636478,4108
LYPD5,0.06765019461896195,0.06765019461896195,4109
SPRYD3,0.06762789849690158,0.06762789849690158,4110
RANBP6,0.06759066708941701,0.06759066708941701,4111
LRRC34,0.06755427191856647,0.06755427191856647,4112
TRPM2,0.0675463436918434,-0.0675463436918434,4113
ZBTB44,0.0675461300161457,0.0675461300161457,4114
EPCAM,0.06754288886963836,-0.06754288886963836,4115
ABI2,0.067542385544133,-0.067542385544133,4116
CNPY2,0.06753603164980244,0.06753603164980244,4117
MT2A,0.06753199701108963,-0.06753199701108963,4118
PLAGL2,0.06752270255176894,0.06752270255176894,4119
ZBTB32,0.06751464118563875,0.06751464118563875,4120
PTEN,0.0674771653145602,-0.0674771653145602,4121
CENPL,0.06745397471446307,-0.06745397471446307,4122
FRRS1,0.06742574121831399,0.06742574121831399,4123
SEMA6C,0.06742364822781372,0.06742364822781372,4124
UGDH,0.06741240802711239,-0.06741240802711239,4125
IDH3G,0.06741163069673412,0.06741163069673412,4126
LIPI,0.06740982705865621,-0.06740982705865621,4127
RNF168,0.06739410346687803,0.06739410346687803,4128
FSHR,0.06733262546635427,0.06733262546635427,4129
LRRC42,0.06731742265554536,0.06731742265554536,4130
MARCKS,0.06731121317818155,-0.06731121317818155,4131
TUB,0.0672941671057409,-0.0672941671057409,4132
NCOA2,0.06728089710426752,-0.06728089710426752,4133
CAPNS1,0.06727592897787754,-0.06727592897787754,4134
SORBS2,0.06723410569126591,-0.06723410569126591,4135
PCBP4,0.06717933004526853,-0.06717933004526853,4136
PAFAH1B3,0.06717692850028849,0.06717692850028849,4137
TSPAN5,0.06717076931444081,0.06717076931444081,4138
ZNF451,0.06715843588019205,-0.06715843588019205,4139
C15orf61,0.06714693600232217,-0.06714693600232217,4140
GAS2L1,0.06712366712235533,-0.06712366712235533,4141
ERRFI1,0.06711536883024212,-0.06711536883024212,4142
COMP,0.06711386976509098,-0.06711386976509098,4143
MAST2,0.06709177407926724,0.06709177407926724,4144
FBRS,0.06707297503877518,0.06707297503877518,4145
REPS1,0.06700960483822115,0.06700960483822115,4146
HBEGF,0.06700345828242592,0.06700345828242592,4147
TMEM184B,0.06698936418836278,-0.06698936418836278,4148
GPR19,0.06698116956813528,-0.06698116956813528,4149
RNASET2,0.0669795367925033,-0.0669795367925033,4150
ZFP36,0.0669619136253687,-0.0669619136253687,4151
MICAL2,0.06695910467430347,-0.06695910467430347,4152
CDCA3,0.06695714289358204,-0.06695714289358204,4153
KLF14,0.0669460570659127,-0.0669460570659127,4154
PTDSS1,0.06694563657713491,0.06694563657713491,4155
ATP6V0C,0.0669334181992115,0.0669334181992115,4156
ZNF581,0.06693316503179078,-0.06693316503179078,4157
MBD5,0.06693113036607197,-0.06693113036607197,4158
PHF3,0.0669270169361951,-0.0669270169361951,4159
YWHAZ,0.06689975338011683,-0.06689975338011683,4160
KRT38,0.06689073538373523,0.06689073538373523,4161
AAAS,0.06689020552961282,-0.06689020552961282,4162
UBR1,0.06683603585291721,0.06683603585291721,4163
ST3GAL1,0.0668150418650986,0.0668150418650986,4164
HSD17B2,0.06678441667575326,0.06678441667575326,4165
N4BP2L1,0.06676893629240313,-0.06676893629240313,4166
RMND5B,0.06676644216500846,-0.06676644216500846,4167
ALDH2,0.06676343357953285,-0.06676343357953285,4168
RBM22,0.06675078301976653,0.06675078301976653,4169
SSB,0.06672304011599402,-0.06672304011599402,4170
ULK4,0.06672244310950738,-0.06672244310950738,4171
ZNF565,0.06671585609942951,0.06671585609942951,4172
VDAC1,0.06671553879957348,0.06671553879957348,4173
KLC1,0.06669469781696255,-0.06669469781696255,4174
CDCA8,0.06666412761059165,-0.06666412761059165,4175
GP1BA,0.06665952632716392,0.06665952632716392,4176
BBS1,0.06665270781140746,-0.06665270781140746,4177
UBE2R2,0.06663358788129528,0.06663358788129528,4178
CACNA2D3,0.06661853195145175,-0.06661853195145175,4179
GPR68,0.06661280708605014,-0.06661280708605014,4180
TTK,0.06659350359002478,-0.06659350359002478,4181
SAP130,0.06659193934924239,0.06659193934924239,4182
DDX42,0.06658566941960242,0.06658566941960242,4183
CDKL3,0.06656951007178831,-0.06656951007178831,4184
CBLL1,0.0665503642504016,0.0665503642504016,4185
ATXN7L1,0.06654401604844044,0.06654401604844044,4186
RNF4,0.06651619789815053,0.06651619789815053,4187
ELL,0.06650159389131714,0.06650159389131714,4188
ARPC4,0.06649163145095695,-0.06649163145095695,4189
MCAT,0.06648973355439629,-0.06648973355439629,4190
CPSF2,0.06648504385122862,-0.06648504385122862,4191
HSD17B4,0.06647619458866084,0.06647619458866084,4192
RCOR3,0.0664590070383881,-0.0664590070383881,4193
XYLB,0.06645467506478901,0.06645467506478901,4194
IFIT1,0.06644698006248041,0.06644698006248041,4195
PHACTR4,0.06643298035963037,-0.06643298035963037,4196
SPIN1,0.06642346901934193,-0.06642346901934193,4197
PRRG1,0.06641321320973868,-0.06641321320973868,4198
MYOG,0.06640384883962751,0.06640384883962751,4199
PTHLH,0.06640092244784597,0.06640092244784597,4200
AUP1,0.06639720328634133,0.06639720328634133,4201
PTPDC1,0.06637899369607861,-0.06637899369607861,4202
GAS1,0.06636641112544686,-0.06636641112544686,4203
SLCO2A1,0.06631466451391872,0.06631466451391872,4204
SPINK1,0.0663141701388248,-0.0663141701388248,4205
MRPL3,0.06630563718945054,-0.06630563718945054,4206
BRF2,0.06629383674716084,-0.06629383674716084,4207
ZNF384,0.06627397678557723,0.06627397678557723,4208
CHMP2A,0.06626942758203389,0.06626942758203389,4209
TPPP2,0.06625451650922308,0.06625451650922308,4210
C17orf80,0.06625336804152081,-0.06625336804152081,4211
MED23,0.06621532648164362,-0.06621532648164362,4212
PPCDC,0.0662096407957353,-0.0662096407957353,4213
TRH,0.06620836483485926,-0.06620836483485926,4214
SLC41A3,0.06619499380295082,-0.06619499380295082,4215
LIF,0.0661625688397917,-0.0661625688397917,4216
CEACAM19,0.06612490116206682,0.06612490116206682,4217
TM9SF2,0.06611967357437362,0.06611967357437362,4218
HNF4A,0.06611684862313302,0.06611684862313302,4219
ITGAM,0.0660825719513692,-0.0660825719513692,4220
IQCF1,0.06606135747191465,0.06606135747191465,4221
LRP2BP,0.06605730246288873,0.06605730246288873,4222
OAS2,0.06604819224689104,0.06604819224689104,4223
SNRPG,0.06602949768663013,-0.06602949768663013,4224
WSB1,0.06599112170511603,-0.06599112170511603,4225
NTNG2,0.06594999835979116,-0.06594999835979116,4226
SPRY3,0.06594696680878832,0.06594696680878832,4227
SLC29A3,0.06594536038283556,-0.06594536038283556,4228
KRT10,0.065940973330396,0.065940973330396,4229
CITED4,0.06592371993252867,-0.06592371993252867,4230
SAMD9L,0.06588695142851857,0.06588695142851857,4231
RBX1,0.06588140001098756,-0.06588140001098756,4232
PEX10,0.06586698468874995,0.06586698468874995,4233
MRPL47,0.06586246757956019,0.06586246757956019,4234
PRKDC,0.06585741242891227,-0.06585741242891227,4235
MAZ,0.06583738429203384,0.06583738429203384,4236
PCF11,0.06582857322449327,-0.06582857322449327,4237
WNT11,0.06582041097301823,-0.06582041097301823,4238
SMC3,0.06581780656736512,0.06581780656736512,4239
ZFHX3,0.06580607750995802,-0.06580607750995802,4240
PXMP4,0.06579897531788498,0.06579897531788498,4241
FOXO1,0.0657970986245688,-0.0657970986245688,4242
BTRC,0.06578554095545304,-0.06578554095545304,4243
STX18,0.06578224295485878,0.06578224295485878,4244
MRPL10,0.06577988692996398,-0.06577988692996398,4245
NKAP,0.06572958831387267,0.06572958831387267,4246
ASCC2,0.06570757374623286,0.06570757374623286,4247
KLHL26,0.06570407922591488,-0.06570407922591488,4248
OSGIN1,0.06564800657125223,0.06564800657125223,4249
C11orf65,0.06563673856836015,-0.06563673856836015,4250
GABARAPL2,0.0656349903247828,-0.0656349903247828,4251
GRHPR,0.06562507611147397,0.06562507611147397,4252
RASA2,0.06560661546306074,0.06560661546306074,4253
NKX6-2,0.06559533275556348,0.06559533275556348,4254
MPZL1,0.06556323675775368,0.06556323675775368,4255
LILRA4,0.06554703411008901,0.06554703411008901,4256
PROS1,0.0655467860224633,-0.0655467860224633,4257
PPFIBP1,0.06552472245239345,0.06552472245239345,4258
SEMA3E,0.06549752856305656,-0.06549752856305656,4259
KMO,0.06549452303621502,-0.06549452303621502,4260
NDFIP1,0.06549437671981065,-0.06549437671981065,4261
FBXL15,0.06548560678643237,-0.06548560678643237,4262
MAPK13,0.06548487743851901,0.06548487743851901,4263
LYG2,0.06547344516634894,-0.06547344516634894,4264
COG1,0.06546342170681178,0.06546342170681178,4265
RCBTB1,0.0654526163853026,0.0654526163853026,4266
NTSR1,0.06544973084613266,-0.06544973084613266,4267
POLA1,0.06544937389075019,0.06544937389075019,4268
TIPRL,0.06544373011598409,0.06544373011598409,4269
DTNBP1,0.0654393267211973,0.0654393267211973,4270
UPK1B,0.06543355352045412,-0.06543355352045412,4271
PAK4,0.06541649037630339,-0.06541649037630339,4272
CDYL,0.06540872722321975,-0.06540872722321975,4273
RAPH1,0.06539994182422838,-0.06539994182422838,4274
PIK3CA,0.06537604651737204,0.06537604651737204,4275
NUP107,0.06537240546966165,-0.06537240546966165,4276
OCIAD2,0.06537140383912744,0.06537140383912744,4277
CAPN13,0.06536132794641532,-0.06536132794641532,4278
PLEKHB2,0.06535217281914493,0.06535217281914493,4279
SMS,0.06535155342901063,0.06535155342901063,4280
PAX7,0.06534597147870791,0.06534597147870791,4281
SLC39A4,0.065345240645467,-0.065345240645467,4282
TNKS2,0.06532939267504803,-0.06532939267504803,4283
HBD,0.06531877805788494,-0.06531877805788494,4284
ATP6AP2,0.06531593951649568,-0.06531593951649568,4285
LHCGR,0.06530761466882913,-0.06530761466882913,4286
GNAO1,0.06530690392838115,0.06530690392838115,4287
PGC,0.065264138899548,-0.065264138899548,4288
FADS3,0.06525258278747856,-0.06525258278747856,4289
PRNP,0.0652450957740682,0.0652450957740682,4290
WIPF1,0.06521174467671838,0.06521174467671838,4291
UBP1,0.06518515294943684,-0.06518515294943684,4292
ZNF644,0.0651813264936315,-0.0651813264936315,4293
MRPL27,0.06517434765989316,0.06517434765989316,4294
PDE6B,0.06515128776669017,0.06515128776669017,4295
CBLC,0.0651378585856233,-0.0651378585856233,4296
HERPUD1,0.06512653492007511,0.06512653492007511,4297
EIF2AK4,0.06512625318464814,0.06512625318464814,4298
SBNO1,0.06512061847896869,0.06512061847896869,4299
HSPB3,0.06509501877065677,-0.06509501877065677,4300
TFDP3,0.06508005758381194,0.06508005758381194,4301
ACVR2B,0.06507589762320365,-0.06507589762320365,4302
MAPRE3,0.06507563038651498,0.06507563038651498,4303
PBX4,0.06506818701965299,0.06506818701965299,4304
PC,0.0650179778791693,-0.0650179778791693,4305
ZNF485,0.0650130918245833,-0.0650130918245833,4306
AP3B1,0.06500320565573281,-0.06500320565573281,4307
WDR55,0.06497976374834773,0.06497976374834773,4308
MRPL53,0.06496068541451357,-0.06496068541451357,4309
CRY1,0.06494980512161491,0.06494980512161491,4310
PTGDR,0.06494046118358171,0.06494046118358171,4311
NAIP,0.06490745760798783,0.06490745760798783,4312
MXD1,0.06489453942963487,-0.06489453942963487,4313
DMPK,0.06489169001656099,-0.06489169001656099,4314
BCL7C,0.06488820926671539,0.06488820926671539,4315
SEC63,0.06488014409134188,0.06488014409134188,4316
CCDC34,0.06485779702250667,-0.06485779702250667,4317
FASLG,0.06485727132234817,0.06485727132234817,4318
TNFAIP8,0.06485705633715817,0.06485705633715817,4319
CCDC93,0.06484989891960627,0.06484989891960627,4320
GALNT10,0.0648473134282469,0.0648473134282469,4321
ITGB3,0.06484157375741066,-0.06484157375741066,4322
PDE4A,0.06482340506765957,0.06482340506765957,4323
TUBGCP6,0.06480572208658102,0.06480572208658102,4324
MAGI1,0.06478544686183639,-0.06478544686183639,4325
NFKB1,0.06476648786138371,-0.06476648786138371,4326
PLD4,0.06476462257953684,-0.06476462257953684,4327
SWAP70,0.0647341604023115,-0.0647341604023115,4328
ZNF598,0.06473370755050027,-0.06473370755050027,4329
DDIT4,0.06469377064931973,-0.06469377064931973,4330
SH3BGRL,0.06466334672932711,-0.06466334672932711,4331
MICAL1,0.06465962010317905,0.06465962010317905,4332
LASP1,0.0646388572951252,0.0646388572951252,4333
RND1,0.06462900282257497,-0.06462900282257497,4334
PRKD3,0.06461779633467012,0.06461779633467012,4335
PRKAR1B,0.06458385557361149,-0.06458385557361149,4336
ANKRD18A,0.0645773205252665,-0.0645773205252665,4337
CCNG2,0.06457564551231267,-0.06457564551231267,4338
GALC,0.0645691015891076,-0.0645691015891076,4339
XRCC2,0.06456524235668346,-0.06456524235668346,4340
NAMPT,0.06455502339419147,-0.06455502339419147,4341
NUP62CL,0.0645304619110134,0.0645304619110134,4342
SECISBP2,0.06453024432848792,0.06453024432848792,4343
ALDOB,0.06452978100118639,-0.06452978100118639,4344
INO80D,0.06450697135617389,0.06450697135617389,4345
CDC42BPB,0.06449917425825083,-0.06449917425825083,4346
THAP6,0.06449238199196096,-0.06449238199196096,4347
THOC7,0.06445305481539114,0.06445305481539114,4348
APOA5,0.06445162323521347,-0.06445162323521347,4349
GEMIN5,0.06439744183308069,0.06439744183308069,4350
SHH,0.06437537408462442,0.06437537408462442,4351
INHBA,0.06436068327218779,-0.06436068327218779,4352
SLC4A4,0.06435839879958911,0.06435839879958911,4353
SP2,0.06435820206186425,0.06435820206186425,4354
SIRT7,0.06434875991970844,0.06434875991970844,4355
SH2B1,0.06434866623935355,-0.06434866623935355,4356
HMHB1,0.06433909912833612,-0.06433909912833612,4357
RNF126,0.06433607801972926,0.06433607801972926,4358
KLHL25,0.0643163488860628,-0.0643163488860628,4359
TMEM115,0.0643093318335996,0.0643093318335996,4360
PPP1R15A,0.06430356292220153,-0.06430356292220153,4361
TTC32,0.06430032611438842,-0.06430032611438842,4362
OBSCN,0.06430011797370477,-0.06430011797370477,4363
LIMS2,0.06429768251015595,0.06429768251015595,4364
COX5A,0.06428327066826468,0.06428327066826468,4365
DCK,0.06422557227206128,-0.06422557227206128,4366
GPKOW,0.06421113816400775,0.06421113816400775,4367
VRK3,0.06419437195193226,-0.06419437195193226,4368
LCMT2,0.06418484969289821,0.06418484969289821,4369
LRPPRC,0.0641824780806408,-0.0641824780806408,4370
PAXIP1,0.06417522612623834,0.06417522612623834,4371
FMO2,0.06417503073361525,0.06417503073361525,4372
ASB4,0.06416956789347168,-0.06416956789347168,4373
NKRF,0.06416912241085077,0.06416912241085077,4374
HUS1B,0.06415224903434454,0.06415224903434454,4375
HIPK1,0.06410795925673515,0.06410795925673515,4376
OTUD4,0.06407490143594152,-0.06407490143594152,4377
EXOSC2,0.06406403738884736,-0.06406403738884736,4378
C12orf4,0.0640573261831642,-0.0640573261831642,4379
AKAP12,0.0640117276563056,-0.0640117276563056,4380
CMAS,0.06397699501561603,0.06397699501561603,4381
NRXN1,0.06397573413666853,0.06397573413666853,4382
PWP1,0.06394214431571414,0.06394214431571414,4383
UNC93B1,0.06393495537782565,-0.06393495537782565,4384
POLG2,0.06390242799702861,-0.06390242799702861,4385
SLC38A2,0.06390220523256412,-0.06390220523256412,4386
DLAT,0.06389477059844488,-0.06389477059844488,4387
LPIN2,0.06385841458468615,0.06385841458468615,4388
KRT6A,0.06385700178240712,0.06385700178240712,4389
TIPARP,0.06384683014034422,-0.06384683014034422,4390
CCL13,0.06382931507257275,0.06382931507257275,4391
RPS15A,0.06382622767202878,-0.06382622767202878,4392
ST13,0.06382456271426777,-0.06382456271426777,4393
MORC4,0.06382019840149145,0.06382019840149145,4394
CPNE1,0.06380241176104023,-0.06380241176104023,4395
HSD11B1L,0.06378880443158085,-0.06378880443158085,4396
ACBD5,0.06377653039076997,0.06377653039076997,4397
DNAJC21,0.06377100462766054,-0.06377100462766054,4398
NMT2,0.0637579257165926,0.0637579257165926,4399
ELN,0.06374148430511065,0.06374148430511065,4400
DAB2IP,0.06372763153143997,0.06372763153143997,4401
FGF19,0.06371709363823934,-0.06371709363823934,4402
DPP7,0.06371139574824596,0.06371139574824596,4403
POPDC2,0.06370015844255408,-0.06370015844255408,4404
PLSCR1,0.06369035907612948,0.06369035907612948,4405
HIVEP3,0.0636645731759996,-0.0636645731759996,4406
BOLA1,0.06366085956069435,-0.06366085956069435,4407
AKT2,0.06364957878853403,-0.06364957878853403,4408
PPARG,0.06363724865794188,0.06363724865794188,4409
FCGRT,0.06363702667126225,0.06363702667126225,4410
VBP1,0.06361653467938874,0.06361653467938874,4411
PLEK2,0.06360873737079002,-0.06360873737079002,4412
TSPAN11,0.06360119841118889,-0.06360119841118889,4413
PCSK1N,0.06357301586504568,-0.06357301586504568,4414
TMEM106A,0.06354763342749231,-0.06354763342749231,4415
SNUPN,0.0635349939713558,0.0635349939713558,4416
NUDT16,0.06352807604732556,-0.06352807604732556,4417
AKAP10,0.06352486337970675,0.06352486337970675,4418
HSF4,0.06351675702669676,0.06351675702669676,4419
TNFRSF1B,0.06349424429124985,0.06349424429124985,4420
SGCD,0.06348873376692118,0.06348873376692118,4421
ATG7,0.06348366595933497,-0.06348366595933497,4422
TNNC1,0.06347972283320263,-0.06347972283320263,4423
NMRAL1,0.06346994635969852,-0.06346994635969852,4424
ZNF667,0.06346805039222876,0.06346805039222876,4425
CBX6,0.06343725517622124,-0.06343725517622124,4426
TUBA1A,0.06340465669859995,-0.06340465669859995,4427
NDRG2,0.0634040194011224,0.0634040194011224,4428
SFXN1,0.06338024740758416,0.06338024740758416,4429
RAMP3,0.06337689815554713,0.06337689815554713,4430
CNFN,0.06337002953135003,-0.06337002953135003,4431
PHACTR2,0.06335841891497332,0.06335841891497332,4432
CLIP3,0.0633147470274137,-0.0633147470274137,4433
TMEM144,0.06330865042525759,0.06330865042525759,4434
SPATS1,0.06330648082481831,0.06330648082481831,4435
MAGEA8,0.06329459673759924,-0.06329459673759924,4436
CRNN,0.06328893947206658,0.06328893947206658,4437
SREBF1,0.06328626987651527,-0.06328626987651527,4438
ZNF503,0.06326963710354164,0.06326963710354164,4439
BAP1,0.06325248030452417,-0.06325248030452417,4440
DNHD1,0.06324273553431398,-0.06324273553431398,4441
RFPL1,0.0632164074021099,-0.0632164074021099,4442
MORN1,0.06320216667653754,0.06320216667653754,4443
DNASE2,0.06319991673641262,-0.06319991673641262,4444
PAIP1,0.06317822930661102,0.06317822930661102,4445
SLC22A17,0.06314680340927206,-0.06314680340927206,4446
KBTBD8,0.0631428200303924,0.0631428200303924,4447
GEMIN7,0.06313151744803651,0.06313151744803651,4448
AQP5,0.06311241253894759,0.06311241253894759,4449
DUOX2,0.06310304334891174,-0.06310304334891174,4450
DENND2D,0.06309296062308974,0.06309296062308974,4451
DBR1,0.0630864462804633,0.0630864462804633,4452
ARHGAP19,0.0630797834611275,-0.0630797834611275,4453
DIS3,0.06307700868241549,-0.06307700868241549,4454
ZNF84,0.06304631109990416,-0.06304631109990416,4455
RNASE4,0.06304473546740169,0.06304473546740169,4456
EDEM3,0.0630346532911426,0.0630346532911426,4457
UBE2S,0.06303145476054306,0.06303145476054306,4458
FAM162B,0.06302126320805854,0.06302126320805854,4459
CENPI,0.06301493234892842,0.06301493234892842,4460
NLRC5,0.06301443797763008,-0.06301443797763008,4461
CBX7,0.06298151215065682,0.06298151215065682,4462
ESRRA,0.06297098277434793,-0.06297098277434793,4463
NRIP1,0.06296366584421836,-0.06296366584421836,4464
SLC16A5,0.06293812448992007,-0.06293812448992007,4465
LILRB3,0.06292946885040475,-0.06292946885040475,4466
POLR2L,0.06292686868213967,-0.06292686868213967,4467
PLXNB2,0.0629218600522151,-0.0629218600522151,4468
DYNLL1,0.06290152482402628,0.06290152482402628,4469
TECTA,0.0629007722362484,0.0629007722362484,4470
ZNF3,0.06285459129959184,0.06285459129959184,4471
RNF183,0.06285258381022613,0.06285258381022613,4472
ZNF606,0.06282404941368079,-0.06282404941368079,4473
NIPA2,0.06281541023012738,-0.06281541023012738,4474
F11R,0.06281092518726211,0.06281092518726211,4475
APH1A,0.06280506529561199,0.06280506529561199,4476
ABR,0.06280121450257894,0.06280121450257894,4477
ATXN1L,0.06279687854311317,-0.06279687854311317,4478
CEP120,0.06279673360196815,0.06279673360196815,4479
UBXN11,0.06277980724662159,-0.06277980724662159,4480
FNBP1L,0.06277322933097344,-0.06277322933097344,4481
HOXC8,0.0627664420120169,-0.0627664420120169,4482
PER3,0.06276323623646435,0.06276323623646435,4483
ZNF513,0.06276246374623809,-0.06276246374623809,4484
CPN1,0.06274489040351723,0.06274489040351723,4485
SLC4A9,0.06273123910833077,0.06273123910833077,4486
NAIF1,0.06271406819209692,-0.06271406819209692,4487
GPI,0.06271012022973016,0.06271012022973016,4488
PPBP,0.06270826488083735,0.06270826488083735,4489
BCL7B,0.06270717185174506,-0.06270717185174506,4490
ALKBH8,0.06270649418331314,-0.06270649418331314,4491
GPR182,0.06270416017742633,0.06270416017742633,4492
MRPL19,0.06264089166797135,-0.06264089166797135,4493
EIF1B,0.062624735208346,-0.062624735208346,4494
RANBP9,0.0626169694114364,0.0626169694114364,4495
FIZ1,0.06260761400279957,0.06260761400279957,4496
PDCD7,0.06260198557685628,0.06260198557685628,4497
BUD13,0.06260062430197524,0.06260062430197524,4498
UBB,0.06260015144011961,0.06260015144011961,4499
KIF21A,0.0625644959411567,0.0625644959411567,4500
PRPF31,0.06254883093186506,0.06254883093186506,4501
EPB41L1,0.06250177266489901,0.06250177266489901,4502
STT3A,0.062488328511140695,0.062488328511140695,4503
SMYD1,0.062484427306683736,0.062484427306683736,4504
CYP4F11,0.06246521456901129,0.06246521456901129,4505
FAM50A,0.062464067894908375,0.062464067894908375,4506
CYP4F22,0.062456003306083585,0.062456003306083585,4507
IFFO1,0.06243807719557275,-0.06243807719557275,4508
USP21,0.06243593832638763,0.06243593832638763,4509
MCM4,0.06242927150889479,0.06242927150889479,4510
DCTN1,0.062420216771196836,-0.062420216771196836,4511
CACNA2D4,0.06240014860414169,-0.06240014860414169,4512
TIMM17A,0.0623962602841344,-0.0623962602841344,4513
SAFB2,0.062396211927797776,0.062396211927797776,4514
MEF2A,0.062388098167977336,0.062388098167977336,4515
MBD3,0.0622637327902701,-0.0622637327902701,4516
COQ5,0.06226090187314471,0.06226090187314471,4517
SALL4,0.062250232084130414,-0.062250232084130414,4518
MGST2,0.06224906337557321,-0.06224906337557321,4519
B3GAT3,0.06221946718323956,-0.06221946718323956,4520
REPS2,0.06221123268915011,-0.06221123268915011,4521
CILP2,0.06221109269340139,0.06221109269340139,4522
EPAS1,0.062209178263612865,0.062209178263612865,4523
DNM2,0.062203783268301976,-0.062203783268301976,4524
INPPL1,0.06219988634299494,-0.06219988634299494,4525
UNG,0.062110203677540735,0.062110203677540735,4526
SECTM1,0.062107111200751484,-0.062107111200751484,4527
IL9R,0.062100494015347396,-0.062100494015347396,4528
TTYH2,0.0620836213554349,-0.0620836213554349,4529
CHFR,0.0620805162612663,0.0620805162612663,4530
KCNH7,0.06207049562237798,-0.06207049562237798,4531
MAD1L1,0.062068607047635234,-0.062068607047635234,4532
ACTN4,0.06205970690678123,0.06205970690678123,4533
TOR1AIP1,0.062034286527989556,0.062034286527989556,4534
IL17F,0.062029793023673535,-0.062029793023673535,4535
TRIM11,0.06201323930903689,-0.06201323930903689,4536
RPL27A,0.062008648226321086,-0.062008648226321086,4537
GDF5,0.06198502817153268,0.06198502817153268,4538
C9orf78,0.06198381947596791,-0.06198381947596791,4539
EMCN,0.06197652811397574,-0.06197652811397574,4540
CCNYL1,0.06195844288513419,-0.06195844288513419,4541
DCTD,0.06194824736987419,0.06194824736987419,4542
CRYGD,0.061943332876807033,-0.061943332876807033,4543
ORM1,0.06193365598405476,-0.06193365598405476,4544
EIF4E2,0.06192631765413563,0.06192631765413563,4545
ZZEF1,0.0619099660402321,-0.0619099660402321,4546
ORMDL1,0.0618734536750631,0.0618734536750631,4547
NDUFA12,0.061760140815469114,-0.061760140815469114,4548
ZNF493,0.06169293591341036,-0.06169293591341036,4549
CASP4,0.061689625401028486,0.061689625401028486,4550
GPSM3,0.06167916378668036,-0.06167916378668036,4551
CA9,0.061678060324204004,0.061678060324204004,4552
LMNB2,0.061673001483710556,-0.061673001483710556,4553
G6PD,0.06166390850405403,0.06166390850405403,4554
KIF15,0.06166138563468846,0.06166138563468846,4555
COL12A1,0.0616505232770339,-0.0616505232770339,4556
ADORA2B,0.06163978096257355,0.06163978096257355,4557
TRIM33,0.06163638613218757,0.06163638613218757,4558
LIN37,0.06162771824994723,-0.06162771824994723,4559
ABCA1,0.0616201643729932,-0.0616201643729932,4560
TNIP2,0.06158667987379088,-0.06158667987379088,4561
PRKAA2,0.06158050584443411,-0.06158050584443411,4562
SHB,0.06157993814333075,-0.06157993814333075,4563
GLRX2,0.06156996736657267,-0.06156996736657267,4564
ZMAT2,0.061568038129423,-0.061568038129423,4565
THRAP3,0.06156392811272534,-0.06156392811272534,4566
RALGPS1,0.06155808245034,-0.06155808245034,4567
PTK6,0.06152149920057354,0.06152149920057354,4568
ACYP1,0.06151929446014649,0.06151929446014649,4569
SHBG,0.061518564343863116,0.061518564343863116,4570
HMGN3,0.061490715479130494,-0.061490715479130494,4571
GOLGA7,0.061479204367459954,0.061479204367459954,4572
ZDHHC20,0.061478758413109715,0.061478758413109715,4573
B3GNT8,0.061451866599805866,-0.061451866599805866,4574
SLC16A4,0.06145048438348584,0.06145048438348584,4575
PDSS1,0.061429606961778425,0.061429606961778425,4576
PIP,0.061409804842794666,-0.061409804842794666,4577
COPB2,0.0614017656528048,0.0614017656528048,4578
PPA1,0.061399531831544604,-0.061399531831544604,4579
POLR3GL,0.061380761639959945,-0.061380761639959945,4580
SLC26A3,0.06137897111591264,0.06137897111591264,4581
NDST4,0.06137870011897968,0.06137870011897968,4582
GATC,0.061367818474681465,-0.061367818474681465,4583
DENR,0.061346083163255516,-0.061346083163255516,4584
NINJ2,0.06134536390404549,0.06134536390404549,4585
RPS6KA1,0.06128959540485366,0.06128959540485366,4586
LOXL1,0.061284035186908135,0.061284035186908135,4587
SLC22A9,0.06126226640102918,0.06126226640102918,4588
ZNF296,0.06126001610425829,-0.06126001610425829,4589
HK2,0.061241612784524994,0.061241612784524994,4590
YIPF6,0.06122639486471925,0.06122639486471925,4591
SYNE1,0.061213819064981356,0.061213819064981356,4592
SLC13A2,0.06120129649838513,0.06120129649838513,4593
NLGN2,0.061199443456456254,-0.061199443456456254,4594
SH3PXD2B,0.06119934070752759,0.06119934070752759,4595
DNAJC10,0.06117553295409728,0.06117553295409728,4596
DBH,0.061150690174188276,0.061150690174188276,4597
DIAPH2,0.0611387874522642,0.0611387874522642,4598
TFDP1,0.061137730515434384,0.061137730515434384,4599
VPS35,0.061131651959283724,0.061131651959283724,4600
CXorf38,0.06112765711147848,-0.06112765711147848,4601
ATP6V1C1,0.06112229510329807,-0.06112229510329807,4602
CLIC2,0.06110327364755496,0.06110327364755496,4603
CACNA1F,0.0610772304080985,0.0610772304080985,4604
CORO7,0.061070899522480626,-0.061070899522480626,4605
RHOBTB2,0.06105815289632839,0.06105815289632839,4606
LTBP4,0.06104409900005741,0.06104409900005741,4607
FAM110A,0.061037519932199115,0.061037519932199115,4608
SH2D2A,0.06102080982404925,0.06102080982404925,4609
ACTR2,0.061011306054437525,-0.061011306054437525,4610
DOLK,0.060996006296558686,0.060996006296558686,4611
SEL1L,0.06097635335901479,-0.06097635335901479,4612
ZNF207,0.06096917165825728,0.06096917165825728,4613
SH2D3C,0.06095432060417034,0.06095432060417034,4614
PLCH1,0.06094044537914108,0.06094044537914108,4615
CHCHD1,0.06093815028483114,-0.06093815028483114,4616
SCN5A,0.06093213906336665,0.06093213906336665,4617
SLC17A3,0.06089890567438732,0.06089890567438732,4618
KRT1,0.060897524637131946,0.060897524637131946,4619
MLH1,0.06089031721574148,0.06089031721574148,4620
TSC22D2,0.06088728748615605,0.06088728748615605,4621
PCDH19,0.06088578437143664,0.06088578437143664,4622
RASSF7,0.060859982527595294,-0.060859982527595294,4623
CD96,0.06083932273026395,0.06083932273026395,4624
TRADD,0.060811931064972846,0.060811931064972846,4625
SMCHD1,0.0608077644776561,0.0608077644776561,4626
DUSP3,0.06079261209328759,0.06079261209328759,4627
ABCB7,0.06078782252013314,-0.06078782252013314,4628
MFSD6L,0.060747716660343,-0.060747716660343,4629
ZBTB2,0.06073740455671537,-0.06073740455671537,4630
C1D,0.06073313696299101,-0.06073313696299101,4631
B3GNT9,0.06072366192034489,0.06072366192034489,4632
COQ6,0.06069169403974717,0.06069169403974717,4633
CCDC141,0.060679275603903356,0.060679275603903356,4634
NUDT1,0.06067773506938598,-0.06067773506938598,4635
LILRA2,0.060673988919230364,-0.060673988919230364,4636
INPP5D,0.06064873323196751,-0.06064873323196751,4637
RPS6KA4,0.060631790465769685,0.060631790465769685,4638
PDE12,0.060613387854667855,-0.060613387854667855,4639
CD84,0.06060980022144348,-0.06060980022144348,4640
ECT2,0.06059487980215041,-0.06059487980215041,4641
KCNS2,0.06059418138376239,-0.06059418138376239,4642
C2CD2,0.06059186903416258,0.06059186903416258,4643
SYCE1,0.06057862538528387,-0.06057862538528387,4644
SLC4A1AP,0.06055839040692727,-0.06055839040692727,4645
NELL2,0.06055291996562214,0.06055291996562214,4646
PDGFRB,0.060525840410638784,0.060525840410638784,4647
FMO3,0.060521378033001075,0.060521378033001075,4648
OSBPL11,0.06049858463229765,-0.06049858463229765,4649
CBX1,0.060456746202037843,-0.060456746202037843,4650
MLX,0.06045622749461949,-0.06045622749461949,4651
KLK5,0.060426058426779526,0.060426058426779526,4652
TXNL1,0.06041493472365233,0.06041493472365233,4653
DDX52,0.060414720545879354,-0.060414720545879354,4654
ESF1,0.060407720948918754,-0.060407720948918754,4655
BAG5,0.060398586031368114,0.060398586031368114,4656
NUFIP1,0.0603822547171369,0.0603822547171369,4657
LEFTY1,0.060362366225819884,-0.060362366225819884,4658
MYCN,0.06032472825809459,-0.06032472825809459,4659
REST,0.06028802280301992,-0.06028802280301992,4660
SNX21,0.06027951655810016,-0.06027951655810016,4661
AVPR1A,0.06025831145341595,0.06025831145341595,4662
CD5L,0.060256599297037985,-0.060256599297037985,4663
SAR1A,0.06025412398457691,-0.06025412398457691,4664
TTLL12,0.06024329400502681,0.06024329400502681,4665
APBB2,0.06023636825166825,-0.06023636825166825,4666
FAM111A,0.06023207124688602,-0.06023207124688602,4667
GLIS1,0.060224827621970276,-0.060224827621970276,4668
TFEB,0.06020857926287264,-0.06020857926287264,4669
BCL10,0.060200315239576745,-0.060200315239576745,4670
NRGN,0.06020028174113532,-0.06020028174113532,4671
VAMP7,0.06018543035951405,-0.06018543035951405,4672
C22orf39,0.060180985404314574,0.060180985404314574,4673
USP47,0.06017499283421328,-0.06017499283421328,4674
PRR5,0.06015058990525144,-0.06015058990525144,4675
LIMK2,0.06014130939537902,0.06014130939537902,4676
ZKSCAN5,0.060130554187891636,0.060130554187891636,4677
FZD4,0.060126032243205375,-0.060126032243205375,4678
NDUFA6,0.060125507308937426,-0.060125507308937426,4679
CUL9,0.06011882129737769,-0.06011882129737769,4680
KLHL35,0.06008821588188668,-0.06008821588188668,4681
GPR171,0.060045424350900815,0.060045424350900815,4682
NDUFA13,0.06003958528018671,0.06003958528018671,4683
CR1,0.06003102685130685,-0.06003102685130685,4684
ZNF646,0.06003095822053515,0.06003095822053515,4685
TTC33,0.059992161252540185,-0.059992161252540185,4686
PGF,0.059980233990608284,0.059980233990608284,4687
COPS3,0.05997920928181616,0.05997920928181616,4688
PSORS1C1,0.059973800680173335,0.059973800680173335,4689
SYTL5,0.05992762892377071,-0.05992762892377071,4690
MTNR1A,0.059913529607950995,-0.059913529607950995,4691
PCYOX1L,0.059911173513070196,-0.059911173513070196,4692
PQBP1,0.059901392163401936,0.059901392163401936,4693
EDNRB,0.05989494812845848,-0.05989494812845848,4694
SLCO1C1,0.059887696768732374,0.059887696768732374,4695
RPS27,0.059880815907189466,-0.059880815907189466,4696
NCOA4,0.05987301843593002,-0.05987301843593002,4697
SREBF2,0.059867755893313106,0.059867755893313106,4698
RNFT2,0.0598675825107008,-0.0598675825107008,4699
SLC16A2,0.059865613890028126,0.059865613890028126,4700
A1BG,0.059848324560332726,-0.059848324560332726,4701
TMEM151A,0.05984811812907642,-0.05984811812907642,4702
TULP3,0.05982852443879985,0.05982852443879985,4703
NUDT3,0.05977545761612232,-0.05977545761612232,4704
DOHH,0.05976766378669532,0.05976766378669532,4705
BMP1,0.05975536388157722,0.05975536388157722,4706
TBL2,0.05974976200862314,0.05974976200862314,4707
TMCO4,0.05974958129544262,-0.05974958129544262,4708
SNTA1,0.0597483028422188,0.0597483028422188,4709
GPR4,0.05974546297653463,0.05974546297653463,4710
ACO2,0.05973004445562171,0.05973004445562171,4711
LLPH,0.05972949364608281,-0.05972949364608281,4712
EZR,0.0597216682356392,0.0597216682356392,4713
TRAPPC6A,0.0597182015051826,0.0597182015051826,4714
SERPINB6,0.05970982916201558,0.05970982916201558,4715
FUBP1,0.05969966615407007,-0.05969966615407007,4716
RERG,0.05968828774276511,0.05968828774276511,4717
NELL1,0.05968696667266988,0.05968696667266988,4718
IRAK1,0.059675387467822416,-0.059675387467822416,4719
FOXN2,0.05967341003929958,-0.05967341003929958,4720
MYBPC2,0.05965776644846069,-0.05965776644846069,4721
BPTF,0.05965223938861438,0.05965223938861438,4722
THG1L,0.05963722025940422,0.05963722025940422,4723
ORMDL3,0.05962888897879126,-0.05962888897879126,4724
EIF2S2,0.05962658083798457,0.05962658083798457,4725
UHRF1BP1,0.05962202750931192,0.05962202750931192,4726
PAFAH1B1,0.05960730852297468,-0.05960730852297468,4727
PAX1,0.05960723169716513,0.05960723169716513,4728
GIPC3,0.05959904087865113,0.05959904087865113,4729
PLAGL1,0.05959617570484903,0.05959617570484903,4730
PARG,0.059588428072792764,-0.059588428072792764,4731
LTBP3,0.059578532864217035,-0.059578532864217035,4732
UFC1,0.059562450339588575,0.059562450339588575,4733
KRTAP5-8,0.05955608556499558,-0.05955608556499558,4734
CCKAR,0.059545266286973014,0.059545266286973014,4735
BIVM,0.05954329696478415,-0.05954329696478415,4736
CDC25C,0.059541628314394905,-0.059541628314394905,4737
SMC4,0.0595391127840378,0.0595391127840378,4738
RLF,0.059535829576637306,-0.059535829576637306,4739
CDC73,0.05952825858017983,-0.05952825858017983,4740
QRICH1,0.05952182294466785,-0.05952182294466785,4741
MINK1,0.05951439498056417,0.05951439498056417,4742
SYT3,0.05949921097576296,-0.05949921097576296,4743
JAK1,0.059462158482562893,-0.059462158482562893,4744
MDM4,0.05946009672375723,-0.05946009672375723,4745
PSME4,0.059456867533318164,-0.059456867533318164,4746
PKMYT1,0.05945316428868266,-0.05945316428868266,4747
EAF2,0.05944897626091548,-0.05944897626091548,4748
SHROOM2,0.059448880390308725,0.059448880390308725,4749
HSPA14,0.05944341168385984,-0.05944341168385984,4750
ATP6V0E2,0.059440736361306805,-0.059440736361306805,4751
ZBTB48,0.05943906697787811,0.05943906697787811,4752
FAAH,0.05942670253598575,-0.05942670253598575,4753
CHCHD3,0.05941018102146314,0.05941018102146314,4754
HPDL,0.0594000020094367,-0.0594000020094367,4755
HBS1L,0.0593822860316205,0.0593822860316205,4756
RAPGEF2,0.05936537240973815,-0.05936537240973815,4757
ATR,0.0593629899119038,-0.0593629899119038,4758
ZNF273,0.05931013136949993,-0.05931013136949993,4759
COMMD1,0.05927707411389355,-0.05927707411389355,4760
TNNI3K,0.059276094748674915,0.059276094748674915,4761
WDR54,0.05927021550217885,-0.05927021550217885,4762
CCT2,0.05925555654922368,-0.05925555654922368,4763
GALNT8,0.05920464780869676,-0.05920464780869676,4764
TUBA8,0.05919948069496014,0.05919948069496014,4765
JAK2,0.05918158329584418,-0.05918158329584418,4766
CNTNAP3,0.059178875056855644,-0.059178875056855644,4767
CPSF6,0.05917461091824307,-0.05917461091824307,4768
RAF1,0.05916556363860117,-0.05916556363860117,4769
PHF2,0.059164849923079146,0.059164849923079146,4770
CORO1A,0.05916378801108365,-0.05916378801108365,4771
NAV2,0.059138959627476985,-0.059138959627476985,4772
HDAC9,0.05913258293439439,0.05913258293439439,4773
BCL2L13,0.059125521266634014,0.059125521266634014,4774
CARS2,0.05912504249027046,0.05912504249027046,4775
PMP2,0.059123904467797306,0.059123904467797306,4776
IGFBPL1,0.05911668072376141,0.05911668072376141,4777
AMOT,0.05911081701977322,0.05911081701977322,4778
FFAR2,0.0590968816280318,-0.0590968816280318,4779
YARS2,0.05908650663506871,0.05908650663506871,4780
ZFP91,0.05904843188790628,-0.05904843188790628,4781
ARAP1,0.05901124424459904,-0.05901124424459904,4782
CYC1,0.058981825660753544,0.058981825660753544,4783
REEP6,0.05897784707841264,-0.05897784707841264,4784
EP400,0.058973561413599204,0.058973561413599204,4785
DLGAP3,0.05896883133328725,0.05896883133328725,4786
ZNF432,0.05896259162477143,0.05896259162477143,4787
RNH1,0.058960252420448396,0.058960252420448396,4788
WNT1,0.0589531137739067,0.0589531137739067,4789
TCEAL7,0.0589305058059078,-0.0589305058059078,4790
RIT1,0.0589262881240333,0.0589262881240333,4791
TEX2,0.058912707164755086,0.058912707164755086,4792
ARMCX6,0.058911662600960035,0.058911662600960035,4793
ORM2,0.058892914009552794,-0.058892914009552794,4794
CXorf21,0.058887778561405466,-0.058887778561405466,4795
CROCC,0.058881399083110915,-0.058881399083110915,4796
PTPRS,0.058859855779310966,0.058859855779310966,4797
TSPAN4,0.05885867051786946,0.05885867051786946,4798
CTCF,0.058850611515988055,0.058850611515988055,4799
CENPN,0.05884262196795104,-0.05884262196795104,4800
RGL4,0.05883369392803765,0.05883369392803765,4801
CCDC127,0.058830093042795774,0.058830093042795774,4802
TMEM60,0.058829521749768444,0.058829521749768444,4803
STEAP3,0.0588288269916263,-0.0588288269916263,4804
KIF2A,0.05882819878066202,0.05882819878066202,4805
RTN4RL2,0.05882237184507165,0.05882237184507165,4806
PELO,0.05881129230353932,0.05881129230353932,4807
DCXR,0.058803814581237526,-0.058803814581237526,4808
PLA2R1,0.05879562496627883,-0.05879562496627883,4809
PSMA4,0.05877460737037457,0.05877460737037457,4810
ZNF638,0.058767958794835685,-0.058767958794835685,4811
CCDC50,0.058755829957764426,-0.058755829957764426,4812
UPP1,0.05874771640078148,0.05874771640078148,4813
DEPDC1,0.058733651922536025,-0.058733651922536025,4814
FLYWCH1,0.05872205825375923,-0.05872205825375923,4815
SMARCD3,0.05872187160153948,0.05872187160153948,4816
SUSD2,0.05871179345335528,0.05871179345335528,4817
SLC5A5,0.05871162047943169,-0.05871162047943169,4818
CHRM2,0.05870695258856225,-0.05870695258856225,4819
STYK1,0.058702782908966744,0.058702782908966744,4820
PSMF1,0.058686380842896874,-0.058686380842896874,4821
PGS1,0.05866268921916936,-0.05866268921916936,4822
ZNF350,0.05858773448783394,0.05858773448783394,4823
RFX1,0.05858628692986904,0.05858628692986904,4824
C19orf53,0.058585901082616784,-0.058585901082616784,4825
EVI2A,0.05856069219246943,-0.05856069219246943,4826
GLTP,0.058558498930235556,-0.058558498930235556,4827
ZNHIT3,0.05852597111062373,0.05852597111062373,4828
RGS11,0.058506933395335595,0.058506933395335595,4829
C1QTNF3,0.05848533617440101,-0.05848533617440101,4830
BMP10,0.05847085828006587,0.05847085828006587,4831
SLC39A13,0.058464887348102575,-0.058464887348102575,4832
UBE4B,0.058439786359442775,0.058439786359442775,4833
BTF3,0.05843143947521469,-0.05843143947521469,4834
SAP30L,0.05839740040239512,0.05839740040239512,4835
RARS2,0.058386474788308836,0.058386474788308836,4836
MT3,0.058354114261851185,0.058354114261851185,4837
PUS1,0.05833487406419743,0.05833487406419743,4838
FAM122A,0.058331390682055256,-0.058331390682055256,4839
MAFG,0.05830380528436176,0.05830380528436176,4840
DHX30,0.058299077528071216,-0.058299077528071216,4841
ACER1,0.05829407502156042,-0.05829407502156042,4842
NDST1,0.05828032546754571,0.05828032546754571,4843
INPP1,0.05826525328713574,0.05826525328713574,4844
C6orf15,0.058254633159977344,-0.058254633159977344,4845
PDCD10,0.0582516296230034,-0.0582516296230034,4846
GOLPH3L,0.05824333231505821,-0.05824333231505821,4847
USP7,0.05822772642198184,0.05822772642198184,4848
ENTPD7,0.05822437147182644,0.05822437147182644,4849
STC2,0.05822173568890628,0.05822173568890628,4850
CCDC112,0.05819691419517344,-0.05819691419517344,4851
TBC1D9B,0.05817616722155467,-0.05817616722155467,4852
ETF1,0.05817465956210294,0.05817465956210294,4853
GNA12,0.05816309049615841,0.05816309049615841,4854
SEMA3C,0.05815591690664714,-0.05815591690664714,4855
RAB38,0.05815128015915933,0.05815128015915933,4856
MYO19,0.058142563723761066,0.058142563723761066,4857
STRN3,0.0581395500090726,0.0581395500090726,4858
EPHA8,0.05813716163464634,0.05813716163464634,4859
MEF2D,0.058133200794031566,0.058133200794031566,4860
ATP13A2,0.058132505969309564,-0.058132505969309564,4861
P2RY10,0.05809713577482811,-0.05809713577482811,4862
ZNF34,0.058078794498147304,-0.058078794498147304,4863
PARD6G,0.05807226265175216,-0.05807226265175216,4864
MICB,0.05806585573085653,-0.05806585573085653,4865
EID2B,0.05803293494292847,-0.05803293494292847,4866
EIF3I,0.05798115205624056,-0.05798115205624056,4867
TRPM6,0.057981067035177046,-0.057981067035177046,4868
ERBB3,0.05797032864475321,-0.05797032864475321,4869
TM7SF2,0.057960625421390556,-0.057960625421390556,4870
NOL10,0.057952126790821665,-0.057952126790821665,4871
PABPN1,0.057950875025594914,0.057950875025594914,4872
TP53BP1,0.057933602735177774,0.057933602735177774,4873
CSF1R,0.057880001308549714,0.057880001308549714,4874
SPC25,0.05787844262839665,0.05787844262839665,4875
ALG8,0.057874466774823115,0.057874466774823115,4876
UPF3B,0.057866598027342314,0.057866598027342314,4877
VPS33A,0.057865697627671596,0.057865697627671596,4878
CBR1,0.057860924918426045,-0.057860924918426045,4879
SLC35F4,0.05785678932506798,0.05785678932506798,4880
CD1E,0.05785155488668821,-0.05785155488668821,4881
MIF,0.057843772762835186,0.057843772762835186,4882
RAB11FIP4,0.05782757843316198,-0.05782757843316198,4883
SPCS1,0.057819817564961955,-0.057819817564961955,4884
PEX7,0.05781039876092082,-0.05781039876092082,4885
NFU1,0.057780340923944656,0.057780340923944656,4886
MYNN,0.05775554500480139,0.05775554500480139,4887
INTS1,0.05774513683682558,-0.05774513683682558,4888
TM6SF1,0.05773492704154954,0.05773492704154954,4889
EXOC8,0.05773362067862982,0.05773362067862982,4890
ANKFN1,0.057728335314312096,-0.057728335314312096,4891
CDC14A,0.05772075629199727,-0.05772075629199727,4892
CYTH4,0.05771705210097367,-0.05771705210097367,4893
ARAP3,0.05769535156749505,0.05769535156749505,4894
MEF2C,0.05769428621529307,-0.05769428621529307,4895
SLC35E3,0.057682281320013885,-0.057682281320013885,4896
LCAT,0.05767650559348776,0.05767650559348776,4897
PPP1R14C,0.05767412976841338,0.05767412976841338,4898
RRBP1,0.05767291179335257,0.05767291179335257,4899
RBPJL,0.05766729578340511,0.05766729578340511,4900
PXMP2,0.05763944794706265,0.05763944794706265,4901
RAG1,0.057612685322322985,0.057612685322322985,4902
TMEM209,0.057595098962762985,-0.057595098962762985,4903
EEPD1,0.05759359909884751,0.05759359909884751,4904
SP4,0.05757994940629513,-0.05757994940629513,4905
CAMK1D,0.05756109223313136,-0.05756109223313136,4906
GATA6,0.057558317131047226,0.057558317131047226,4907
CNKSR1,0.05755384618604734,-0.05755384618604734,4908
DLC1,0.057546529294264216,0.057546529294264216,4909
KISS1,0.057544914523076314,0.057544914523076314,4910
MRPS21,0.05754211992884732,-0.05754211992884732,4911
SLC22A18AS,0.05752674048870458,0.05752674048870458,4912
TRAPPC3,0.05751585388010458,-0.05751585388010458,4913
C9orf24,0.05751137294134479,-0.05751137294134479,4914
GTF2IRD2,0.05750024906881103,-0.05750024906881103,4915
CCT7,0.057488903585567866,0.057488903585567866,4916
WDR61,0.05748490784490632,0.05748490784490632,4917
MAPRE1,0.057439449339330234,0.057439449339330234,4918
KCNJ1,0.05743797896650009,0.05743797896650009,4919
HTR2C,0.05740961198959459,0.05740961198959459,4920
WDR44,0.057373110110949935,0.057373110110949935,4921
ZNF23,0.05736101866381949,0.05736101866381949,4922
LACTB2,0.057347551755895315,-0.057347551755895315,4923
ANGPT2,0.05731425836406985,0.05731425836406985,4924
SYNGR4,0.05730674634276196,-0.05730674634276196,4925
ANKIB1,0.05728368095437468,-0.05728368095437468,4926
SYTL4,0.057275975330809935,-0.057275975330809935,4927
NLRP7,0.057275551103441756,-0.057275551103441756,4928
SLC25A23,0.05724205726071448,0.05724205726071448,4929
DARS2,0.05723658237440697,-0.05723658237440697,4930
TFB2M,0.057193457572756776,-0.057193457572756776,4931
NSUN2,0.05718674653412943,0.05718674653412943,4932
NAGPA,0.05718621255114721,-0.05718621255114721,4933
PPP1R13B,0.057158105395251395,-0.057158105395251395,4934
TMEM71,0.057148804161482075,0.057148804161482075,4935
CREBL2,0.057134584482485436,0.057134584482485436,4936
SLC25A20,0.057121955192567964,-0.057121955192567964,4937
MMS19,0.05711598701555439,-0.05711598701555439,4938
NAB1,0.05710320476493639,0.05710320476493639,4939
PHGDH,0.05709896544017245,0.05709896544017245,4940
SCAMP2,0.05709661920068746,0.05709661920068746,4941
GAL3ST2,0.05709117695637014,-0.05709117695637014,4942
PCMTD1,0.0570875548501247,0.0570875548501247,4943
NCKIPSD,0.057049055203512056,-0.057049055203512056,4944
PSKH2,0.05704116364317127,-0.05704116364317127,4945
EHD2,0.05704089164651178,0.05704089164651178,4946
RALYL,0.05703117243436627,0.05703117243436627,4947
AEBP1,0.05697594076713735,0.05697594076713735,4948
GDI2,0.0569317240036796,0.0569317240036796,4949
MFAP3L,0.056926319445198464,-0.056926319445198464,4950
ADIPOQ,0.05690549984934787,0.05690549984934787,4951
HPSE2,0.05690506276562832,-0.05690506276562832,4952
ZMAT3,0.05689834276212888,0.05689834276212888,4953
GPR6,0.056886914712664445,0.056886914712664445,4954
AMIGO3,0.056863735436865924,-0.056863735436865924,4955
APPL1,0.05684828473951463,0.05684828473951463,4956
TNKS,0.05684769724536196,0.05684769724536196,4957
ENTPD3,0.05684759169611249,-0.05684759169611249,4958
TRIM45,0.056834278032167763,-0.056834278032167763,4959
SH3GL3,0.056819453067879465,0.056819453067879465,4960
CXXC4,0.05681647507788983,-0.05681647507788983,4961
ATE1,0.056791691723671885,-0.056791691723671885,4962
SNAPIN,0.05679000304322487,0.05679000304322487,4963
RPS6KB2,0.05676049025535269,-0.05676049025535269,4964
MGP,0.0567254431083955,-0.0567254431083955,4965
MKKS,0.05671062023336088,0.05671062023336088,4966
FBXL14,0.05670718086908905,-0.05670718086908905,4967
RGS10,0.05669681857755723,-0.05669681857755723,4968
TMC6,0.056669919890484734,-0.056669919890484734,4969
TROAP,0.05666902777368331,-0.05666902777368331,4970
CCR1,0.05664984013957067,-0.05664984013957067,4971
ANKRD26,0.05664474514124366,0.05664474514124366,4972
HACE1,0.056635211559852634,-0.056635211559852634,4973
GLRX3,0.05663149489154069,0.05663149489154069,4974
PLA2G4D,0.05661953038787234,0.05661953038787234,4975
SUPT6H,0.05660261931386092,-0.05660261931386092,4976
SLC38A10,0.05659901365485365,-0.05659901365485365,4977
DDX51,0.056588644720262676,-0.056588644720262676,4978
TNFAIP8L2,0.0565512073706086,-0.0565512073706086,4979
MED19,0.05653871616948102,-0.05653871616948102,4980
SLC9A5,0.056533299330682144,0.056533299330682144,4981
GDE1,0.05652949202205036,-0.05652949202205036,4982
MNX1,0.05651865847488242,0.05651865847488242,4983
TMC4,0.05651658281058145,0.05651658281058145,4984
ICAM2,0.056511796885242487,-0.056511796885242487,4985
GALNT14,0.056510744184026705,-0.056510744184026705,4986
KCNE4,0.05651015586374492,-0.05651015586374492,4987
G6PC3,0.05650805179240687,-0.05650805179240687,4988
C1orf216,0.05647753324708719,0.05647753324708719,4989
PPCS,0.05645987419087506,0.05645987419087506,4990
STX17,0.05644906759742687,0.05644906759742687,4991
KCNH4,0.05644165603687433,-0.05644165603687433,4992
SEPHS2,0.056414623270338686,0.056414623270338686,4993
ERGIC3,0.056414279184007834,-0.056414279184007834,4994
ACTN2,0.05640749433506078,0.05640749433506078,4995
CHCHD6,0.05640424032066894,0.05640424032066894,4996
NFATC2IP,0.05640304237374021,0.05640304237374021,4997
TMEFF2,0.05639541288526087,0.05639541288526087,4998
CEP57,0.05638853196805456,0.05638853196805456,4999
CD44,0.05638344898362984,0.05638344898362984,5000
TNFRSF10B,0.05637681457983597,-0.05637681457983597,5001
STIP1,0.05636274250031775,0.05636274250031775,5002
PRKCSH,0.05635565323261733,-0.05635565323261733,5003
RRP9,0.056352928911576346,-0.056352928911576346,5004
NARF,0.05634110237615694,0.05634110237615694,5005
FBXO31,0.05633806519116706,0.05633806519116706,5006
TYR,0.05632183460212918,0.05632183460212918,5007
THBS2,0.05631945092020358,-0.05631945092020358,5008
TMEM220,0.05630733282401292,0.05630733282401292,5009
ZNF514,0.05628822206841903,0.05628822206841903,5010
LGALS1,0.05627375521212251,0.05627375521212251,5011
ZNF277,0.05626017088960125,-0.05626017088960125,5012
ITGA5,0.056251514343442714,0.056251514343442714,5013
MAP4K4,0.05623626912994055,-0.05623626912994055,5014
EIF2AK1,0.05623410284900087,-0.05623410284900087,5015
RPS17,0.0562260501171034,-0.0562260501171034,5016
GRPR,0.056219087081845816,0.056219087081845816,5017
ECM1,0.05621296359756968,-0.05621296359756968,5018
PSMD4,0.056191720772999595,-0.056191720772999595,5019
DACH1,0.056182666340343884,-0.056182666340343884,5020
RPL23A,0.056182473793333534,-0.056182473793333534,5021
TLN1,0.05615143521075621,-0.05615143521075621,5022
CDKN1A,0.05613510429440788,0.05613510429440788,5023
GFOD1,0.05610941376010242,-0.05610941376010242,5024
RPA3,0.05607661470606723,-0.05607661470606723,5025
UBXN1,0.05602607008193945,-0.05602607008193945,5026
CYB561D2,0.056015312989642324,-0.056015312989642324,5027
ABAT,0.05601461242653381,-0.05601461242653381,5028
MUC19,0.05600018730931414,-0.05600018730931414,5029
RDH8,0.05597581969200191,0.05597581969200191,5030
PLOD2,0.05596470818997212,-0.05596470818997212,5031
KRT85,0.055963464765399235,0.055963464765399235,5032
TRPS1,0.055957582062333984,0.055957582062333984,5033
DTWD2,0.055956739425216256,-0.055956739425216256,5034
LCP2,0.05594786361076397,-0.05594786361076397,5035
ZNF254,0.05594624522928008,-0.05594624522928008,5036
GPR162,0.05594173369247904,0.05594173369247904,5037
PRR13,0.05592604975424761,-0.05592604975424761,5038
CPVL,0.05591699279266309,0.05591699279266309,5039
ABHD1,0.05591572108244804,0.05591572108244804,5040
HAMP,0.055905442837417725,-0.055905442837417725,5041
ADSL,0.055891984489744855,0.055891984489744855,5042
HIPK2,0.05588287823643376,0.05588287823643376,5043
SH3KBP1,0.055881266687293235,-0.055881266687293235,5044
DDX55,0.05588031187168673,0.05588031187168673,5045
STXBP2,0.05586643644960644,-0.05586643644960644,5046
LAMC1,0.0558488682246447,-0.0558488682246447,5047
FAM155B,0.05584607923641188,0.05584607923641188,5048
NRL,0.055834925502782885,0.055834925502782885,5049
INPP4A,0.055823313897561164,-0.055823313897561164,5050
ZNF821,0.0558135133603138,-0.0558135133603138,5051
C6orf141,0.05580741570674761,0.05580741570674761,5052
TCEAL1,0.055787461692046014,-0.055787461692046014,5053
S100PBP,0.0557873195431246,-0.0557873195431246,5054
CLCN7,0.05578389364257549,-0.05578389364257549,5055
NR4A1,0.05578049874404259,-0.05578049874404259,5056
GSN,0.055768338906627996,0.055768338906627996,5057
TLR6,0.05576524462718724,0.05576524462718724,5058
EBPL,0.05575949122511221,0.05575949122511221,5059
GGTLC1,0.05572224113519222,-0.05572224113519222,5060
TAF4,0.05569161397843608,0.05569161397843608,5061
FTSJ3,0.05567464173981164,-0.05567464173981164,5062
UBTF,0.055665800880462635,0.055665800880462635,5063
RNF115,0.055655895176267324,-0.055655895176267324,5064
PRIMA1,0.05565565867978749,0.05565565867978749,5065
HOXB8,0.05565258495568746,-0.05565258495568746,5066
FUZ,0.05564857086804893,0.05564857086804893,5067
ACR,0.05563499989518027,-0.05563499989518027,5068
RAB5C,0.0556317506932878,-0.0556317506932878,5069
ADRA1D,0.055627518073446895,-0.055627518073446895,5070
GPR32,0.055626203694348494,-0.055626203694348494,5071
PLB1,0.05559787520652153,0.05559787520652153,5072
LEPROTL1,0.05559067068583209,0.05559067068583209,5073
MIER3,0.055579003372898124,0.055579003372898124,5074
SLC6A16,0.05557049979208524,-0.05557049979208524,5075
MEN1,0.05554935639147638,-0.05554935639147638,5076
TSSC4,0.05554716400525786,0.05554716400525786,5077
PTPN6,0.05553758686362061,0.05553758686362061,5078
SLC39A9,0.05550351552217454,0.05550351552217454,5079
CC2D1A,0.05549820206825123,-0.05549820206825123,5080
NENF,0.05549424760752571,-0.05549424760752571,5081
ITGB8,0.05549145783025446,-0.05549145783025446,5082
GUK1,0.055474813914830993,0.055474813914830993,5083
SUPT16H,0.05543951678547835,0.05543951678547835,5084
TMEM192,0.05542894509030349,-0.05542894509030349,5085
SMO,0.05542412186674969,0.05542412186674969,5086
TBC1D2,0.055422270394939736,-0.055422270394939736,5087
COMMD3,0.05541797833517107,-0.05541797833517107,5088
ERCC6,0.05541747887611511,0.05541747887611511,5089
PSMG2,0.0554131777433945,0.0554131777433945,5090
POLR3K,0.05540694505722146,0.05540694505722146,5091
KRR1,0.05540224428837406,0.05540224428837406,5092
HEBP1,0.05537901745290624,0.05537901745290624,5093
KCNH2,0.055354907105411924,0.055354907105411924,5094
DHPS,0.05535304461540952,-0.05535304461540952,5095
MRPS5,0.05532373390929195,0.05532373390929195,5096
TNFRSF25,0.05531693387726889,-0.05531693387726889,5097
HOOK2,0.055307201019112656,-0.055307201019112656,5098
RBPJ,0.055299530127855795,-0.055299530127855795,5099
PIR,0.05529774164108281,0.05529774164108281,5100
ZMYM4,0.05528426524573983,-0.05528426524573983,5101
CCL17,0.05526556040338644,0.05526556040338644,5102
CSPG5,0.05526530960500849,-0.05526530960500849,5103
PLAA,0.05525719713037962,0.05525719713037962,5104
ASPSCR1,0.05525194491258302,0.05525194491258302,5105
MOSPD2,0.05521732261815602,0.05521732261815602,5106
FAM89B,0.05518770194797944,0.05518770194797944,5107
CHST2,0.05516388408910176,0.05516388408910176,5108
ZNF24,0.05515006243213652,0.05515006243213652,5109
KCNE3,0.055123351818950596,0.055123351818950596,5110
ALDOC,0.05512284006845977,0.05512284006845977,5111
VLDLR,0.05511698975049099,-0.05511698975049099,5112
HBQ1,0.055116847733866506,-0.055116847733866506,5113
ENSA,0.05509304223153696,-0.05509304223153696,5114
TBC1D2B,0.0550818982215614,0.0550818982215614,5115
ATP6V0A4,0.05506697058185667,0.05506697058185667,5116
CHRNA2,0.05504039609035257,0.05504039609035257,5117
TUBB2A,0.055039838226335305,-0.055039838226335305,5118
MKS1,0.05503341134151419,-0.05503341134151419,5119
GAK,0.055026285622613705,0.055026285622613705,5120
BMP6,0.055017358745045535,0.055017358745045535,5121
VPS37A,0.054999508564829255,0.054999508564829255,5122
ADAMTS13,0.054993106797489096,-0.054993106797489096,5123
SH2B3,0.054969467477949244,-0.054969467477949244,5124
SHMT2,0.054954444222406584,0.054954444222406584,5125
ANP32E,0.05492639317608269,-0.05492639317608269,5126
SPEN,0.054906077367636356,-0.054906077367636356,5127
VCL,0.05489012944701605,0.05489012944701605,5128
MSX2,0.054888120634517874,0.054888120634517874,5129
MEF2B,0.05487198529752227,-0.05487198529752227,5130
LRP1,0.05487123544507695,0.05487123544507695,5131
MYBPC3,0.05484783718021417,0.05484783718021417,5132
CHST7,0.05483931296733456,-0.05483931296733456,5133
WDR47,0.054838011106225076,0.054838011106225076,5134
BDH2,0.054837079290649654,-0.054837079290649654,5135
PPT1,0.05482328708048986,-0.05482328708048986,5136
ANKRD9,0.05482213239327234,-0.05482213239327234,5137
DNAJC12,0.054821663716017155,-0.054821663716017155,5138
AKR1A1,0.054818348494958015,0.054818348494958015,5139
OPTC,0.05480881840781251,0.05480881840781251,5140
GTPBP10,0.05479711689471137,-0.05479711689471137,5141
BBS4,0.05479672715816174,-0.05479672715816174,5142
PMPCA,0.05477923567314048,0.05477923567314048,5143
CCL20,0.05477265925695162,0.05477265925695162,5144
TBX21,0.05476961414211282,0.05476961414211282,5145
EGLN1,0.054745395669296065,0.054745395669296065,5146
RHOQ,0.05474161158887149,-0.05474161158887149,5147
DYRK2,0.05473950307727736,-0.05473950307727736,5148
TIMM17B,0.05472662042610065,-0.05472662042610065,5149
ZBTB17,0.05471834082172401,0.05471834082172401,5150
ZNF35,0.05471771693116332,0.05471771693116332,5151
CYP2J2,0.054663999926002384,-0.054663999926002384,5152
NODAL,0.054655475347277584,-0.054655475347277584,5153
ZDHHC13,0.05464356879939915,-0.05464356879939915,5154
CCDC82,0.05463943539969864,-0.05463943539969864,5155
NAT1,0.05463687313422952,-0.05463687313422952,5156
ZNF423,0.054632783563705545,0.054632783563705545,5157
EGFL6,0.054609355477205156,0.054609355477205156,5158
CTRC,0.05460517331983311,-0.05460517331983311,5159
GTPBP8,0.05460274068730167,0.05460274068730167,5160
SMG7,0.05458870241500488,0.05458870241500488,5161
TACC3,0.05458811802554534,0.05458811802554534,5162
DTNA,0.05458328598832673,-0.05458328598832673,5163
SLC2A8,0.05457823388860375,-0.05457823388860375,5164
SPSB4,0.054578133668611716,0.054578133668611716,5165
ABO,0.05456468969386392,0.05456468969386392,5166
TIPIN,0.05453952964144513,0.05453952964144513,5167
NME1,0.05453795900419405,-0.05453795900419405,5168
CLDN14,0.054534825158399455,-0.054534825158399455,5169
TBC1D10B,0.054534817414058356,0.054534817414058356,5170
TMED4,0.05452844180997404,-0.05452844180997404,5171
KCNK16,0.05451927976911696,-0.05451927976911696,5172
TGFA,0.05450839910118092,-0.05450839910118092,5173
SOX13,0.0545045728204173,-0.0545045728204173,5174
TLR1,0.05449539375111607,-0.05449539375111607,5175
GSTA3,0.05449469015572986,0.05449469015572986,5176
LCA5L,0.054482802133008844,0.054482802133008844,5177
DMWD,0.05443495332902672,-0.05443495332902672,5178
ASGR1,0.05443385147353774,-0.05443385147353774,5179
RPS6KB1,0.054425745870262734,-0.054425745870262734,5180
GCNT4,0.0544171142686817,0.0544171142686817,5181
ZNF692,0.05435894370667903,-0.05435894370667903,5182
PRPSAP2,0.05435845919143792,0.05435845919143792,5183
ZNF200,0.05435199772857252,0.05435199772857252,5184
AATF,0.054325588584831906,-0.054325588584831906,5185
PPP1R3F,0.05431926227183569,0.05431926227183569,5186
ZC3H13,0.05430635209365587,-0.05430635209365587,5187
HRAS,0.05427695593680212,0.05427695593680212,5188
PHF5A,0.054270949809092944,-0.054270949809092944,5189
LEO1,0.054264771871767085,0.054264771871767085,5190
PSMD13,0.05425697141533097,0.05425697141533097,5191
WDR53,0.05422022250819331,-0.05422022250819331,5192
DIRAS2,0.05420683052632419,0.05420683052632419,5193
RNF17,0.05420398455048709,-0.05420398455048709,5194
TP53INP1,0.0541994487496535,-0.0541994487496535,5195
IMPDH1,0.05419174974413175,0.05419174974413175,5196
PDCD1LG2,0.054150871158892555,0.054150871158892555,5197
IL21,0.05413138126542034,0.05413138126542034,5198
ZNF280C,0.0541135440863678,0.0541135440863678,5199
NDST3,0.05410706723485237,-0.05410706723485237,5200
ANO6,0.054100006612440125,0.054100006612440125,5201
EIF5A,0.054081676237432506,0.054081676237432506,5202
VAMP2,0.05407623349012692,0.05407623349012692,5203
GABPB1,0.054055530670988,-0.054055530670988,5204
SOCS2,0.054042014151054245,-0.054042014151054245,5205
SLU7,0.05402475168237906,0.05402475168237906,5206
ALKBH7,0.05402005890425487,0.05402005890425487,5207
RBM47,0.053997751063773365,-0.053997751063773365,5208
CPSF4,0.053992036921075744,0.053992036921075744,5209
FMO4,0.05398981511736224,-0.05398981511736224,5210
PPP4R2,0.053979611524583235,-0.053979611524583235,5211
RAB5B,0.053968785792707086,-0.053968785792707086,5212
DTX3L,0.053960093280341966,0.053960093280341966,5213
MCHR1,0.05395666054455435,-0.05395666054455435,5214
SLAMF6,0.05393455627771588,0.05393455627771588,5215
CHRNA6,0.0539322329686392,-0.0539322329686392,5216
FKBP1B,0.05392865779300758,-0.05392865779300758,5217
SLC5A12,0.05388347942801128,-0.05388347942801128,5218
CHIA,0.05387750212897764,0.05387750212897764,5219
NCOR2,0.05386838168817018,0.05386838168817018,5220
MAN1B1,0.053860682379862745,0.053860682379862745,5221
DICER1,0.053859771423915466,-0.053859771423915466,5222
HLA-C,0.05384575895553044,-0.05384575895553044,5223
LSM10,0.05383595605706798,-0.05383595605706798,5224
WDR37,0.05382807581117924,-0.05382807581117924,5225
PPIC,0.05380919385553345,-0.05380919385553345,5226
GCH1,0.0537827046188262,-0.0537827046188262,5227
PLP2,0.05377117173701492,-0.05377117173701492,5228
TMEM126A,0.05377077918918283,0.05377077918918283,5229
SLC7A8,0.05376303129438202,0.05376303129438202,5230
B3GALT6,0.05372911488333126,0.05372911488333126,5231
PRAP1,0.053675144347397064,-0.053675144347397064,5232
GOLGB1,0.053671380277788956,-0.053671380277788956,5233
SLC5A4,0.053648367965924516,0.053648367965924516,5234
PKP3,0.053638346269749004,-0.053638346269749004,5235
LINGO1,0.053620351421632774,-0.053620351421632774,5236
ACBD4,0.05358705374196344,-0.05358705374196344,5237
BRD7,0.053556222240435145,-0.053556222240435145,5238
LY6G5B,0.053555550442449674,0.053555550442449674,5239
NDUFS2,0.05354473975616029,0.05354473975616029,5240
SIAE,0.0535370938798666,0.0535370938798666,5241
PLCH2,0.05350181610959705,-0.05350181610959705,5242
RUNX3,0.05349618808278705,-0.05349618808278705,5243
NSUN5,0.05349435928391307,-0.05349435928391307,5244
SNRNP25,0.05348799174789703,-0.05348799174789703,5245
FAM171A1,0.05347507802984021,0.05347507802984021,5246
OGN,0.05345156243808893,0.05345156243808893,5247
TNFSF8,0.053432957782137705,-0.053432957782137705,5248
BICC1,0.05341271540483812,-0.05341271540483812,5249
ANKRD17,0.05339519208643533,-0.05339519208643533,5250
SMARCC2,0.053381751587344976,0.053381751587344976,5251
C12orf57,0.0533636981973567,0.0533636981973567,5252
GRWD1,0.053361302565399574,-0.053361302565399574,5253
MCEE,0.05333690563478343,-0.05333690563478343,5254
DIDO1,0.05330955807492633,0.05330955807492633,5255
SPTBN4,0.05330200001808352,0.05330200001808352,5256
LMLN,0.05328176243389009,0.05328176243389009,5257
MRPS15,0.05327598269700117,-0.05327598269700117,5258
TBC1D1,0.053255379080418185,-0.053255379080418185,5259
BRAF,0.05323767925512508,-0.05323767925512508,5260
VPS39,0.05322448241384135,-0.05322448241384135,5261
MAPK12,0.05320336430659423,0.05320336430659423,5262
AP3B2,0.053139825088339816,0.053139825088339816,5263
RASGRP3,0.0531393343832521,-0.0531393343832521,5264
CS,0.05311394162650639,-0.05311394162650639,5265
GK5,0.05307670364247036,-0.05307670364247036,5266
DUOXA2,0.05307644778013893,-0.05307644778013893,5267
ADCYAP1R1,0.0530676129512372,0.0530676129512372,5268
NECAB3,0.05305735616209918,-0.05305735616209918,5269
APTX,0.05302139940931825,-0.05302139940931825,5270
GPR25,0.053017759418319335,-0.053017759418319335,5271
COMMD8,0.05300797302052599,-0.05300797302052599,5272
FRS3,0.052991931502648255,-0.052991931502648255,5273
ZNF76,0.052988817987844675,0.052988817987844675,5274
XCR1,0.05298653823129673,0.05298653823129673,5275
SH3GL1,0.05296582085249891,-0.05296582085249891,5276
KIF4A,0.052956775853226314,0.052956775853226314,5277
ACTR10,0.052955390050243384,0.052955390050243384,5278
SF1,0.0529438078728254,0.0529438078728254,5279
CD53,0.05294213032121757,0.05294213032121757,5280
CYTH1,0.052914619743901395,-0.052914619743901395,5281
ZSCAN29,0.052899654123221757,-0.052899654123221757,5282
ZNF276,0.052899299978469226,-0.052899299978469226,5283
ZCCHC10,0.05285506411430136,0.05285506411430136,5284
NMU,0.05285502846894119,0.05285502846894119,5285
MYPN,0.0528489703857634,0.0528489703857634,5286
SPATA2L,0.05284181136821419,0.05284181136821419,5287
HTR7,0.05284113269827357,-0.05284113269827357,5288
AURKA,0.052831466637991986,-0.052831466637991986,5289
PGM3,0.05282922417795703,0.05282922417795703,5290
TRPM7,0.05281571983664918,-0.05281571983664918,5291
UTS2R,0.052812406815460594,0.052812406815460594,5292
CD82,0.05280681487799684,-0.05280681487799684,5293
ROBO4,0.052791601318758104,0.052791601318758104,5294
BCR,0.05278726131655637,-0.05278726131655637,5295
RPL36AL,0.052753226457441266,-0.052753226457441266,5296
PLA2G12B,0.052749553077290824,0.052749553077290824,5297
THEG,0.052739491529589975,0.052739491529589975,5298
AP1G2,0.052732556896549355,0.052732556896549355,5299
NSFL1C,0.05272695016824756,0.05272695016824756,5300
NSD1,0.05272085655885597,-0.05272085655885597,5301
TGDS,0.052714263574712844,0.052714263574712844,5302
HOXB6,0.052713849385426344,-0.052713849385426344,5303
GPR176,0.05271218116197974,-0.05271218116197974,5304
SMARCA5,0.05269629599405639,-0.05269629599405639,5305
TMEM14C,0.052667215963540966,-0.052667215963540966,5306
STOX2,0.05264199827755372,0.05264199827755372,5307
AAMP,0.052595160635417165,-0.052595160635417165,5308
RPL35,0.05258753597723648,0.05258753597723648,5309
NKIRAS1,0.052585984591114604,-0.052585984591114604,5310
CLSTN3,0.05257640007475537,-0.05257640007475537,5311
CDK8,0.05257064999807574,-0.05257064999807574,5312
RAB3B,0.05255396655756888,-0.05255396655756888,5313
SAFB,0.05254945481746578,0.05254945481746578,5314
CEP192,0.05254624302420039,-0.05254624302420039,5315
AP1S3,0.052533989078686644,0.052533989078686644,5316
DGKI,0.05252764222113486,-0.05252764222113486,5317
SLC30A9,0.05252571872186693,0.05252571872186693,5318
FBXW5,0.05249445354005894,-0.05249445354005894,5319
SNX27,0.05247939639608283,-0.05247939639608283,5320
FZD1,0.05247899284947005,0.05247899284947005,5321
RAD54B,0.0524656138777212,-0.0524656138777212,5322
ATPAF2,0.0524378441385921,-0.0524378441385921,5323
DIS3L,0.05238718255608318,0.05238718255608318,5324
USP24,0.05238311413242033,0.05238311413242033,5325
ANP32A,0.052362226707258396,-0.052362226707258396,5326
OLFML3,0.05235933835686969,0.05235933835686969,5327
MOGAT3,0.05232933914708035,-0.05232933914708035,5328
PCTP,0.05232451789894376,-0.05232451789894376,5329
ZNF720,0.05229895055920732,0.05229895055920732,5330
SHARPIN,0.05229816799629559,-0.05229816799629559,5331
SNAPC1,0.05229313669092742,0.05229313669092742,5332
ZNF134,0.05229252991397016,0.05229252991397016,5333
BBS2,0.05228810560376766,-0.05228810560376766,5334
FTCD,0.0522829503999106,0.0522829503999106,5335
FAM104A,0.05226361790966468,-0.05226361790966468,5336
SLC25A15,0.05224855811488162,0.05224855811488162,5337
GRK6,0.052241916821488495,-0.052241916821488495,5338
LRRC47,0.052233222348169316,0.052233222348169316,5339
ZNF442,0.05221934273285374,-0.05221934273285374,5340
UTP3,0.05221803029043219,-0.05221803029043219,5341
INCENP,0.05221589305657644,0.05221589305657644,5342
CMPK1,0.0522073576706199,-0.0522073576706199,5343
SLC11A2,0.052202801975957086,-0.052202801975957086,5344
SQSTM1,0.05219967438611801,-0.05219967438611801,5345
TMEM123,0.052182785179339636,0.052182785179339636,5346
ZFYVE21,0.05217893653508863,0.05217893653508863,5347
TJP1,0.05217778382406607,-0.05217778382406607,5348
HOXD9,0.05215475567996904,0.05215475567996904,5349
OCIAD1,0.05214701008755867,-0.05214701008755867,5350
SDK2,0.05213429679711646,0.05213429679711646,5351
BMP5,0.0521340375116275,-0.0521340375116275,5352
YIPF1,0.052116842668209325,-0.052116842668209325,5353
AGTRAP,0.05211297781989206,0.05211297781989206,5354
BTBD3,0.05202731373978333,0.05202731373978333,5355
TFE3,0.052026560444836875,0.052026560444836875,5356
HSD17B10,0.05201663478004633,-0.05201663478004633,5357
UPB1,0.05200132148861724,0.05200132148861724,5358
HIF1AN,0.051991734754044026,0.051991734754044026,5359
PTPN18,0.0519690171589127,-0.0519690171589127,5360
JUN,0.05194946283786439,-0.05194946283786439,5361
ITCH,0.051946841459562604,-0.051946841459562604,5362
C3,0.05193657257310183,0.05193657257310183,5363
CD37,0.05193466713233891,-0.05193466713233891,5364
NOTCH4,0.05192927942468097,-0.05192927942468097,5365
GIMAP8,0.05191861430919414,0.05191861430919414,5366
YAP1,0.05191107573550866,0.05191107573550866,5367
COL23A1,0.051910423121756456,-0.051910423121756456,5368
SMYD5,0.05190774367341088,-0.05190774367341088,5369
CIDEC,0.0518886381545705,-0.0518886381545705,5370
TMEM50B,0.05188588798732449,-0.05188588798732449,5371
SHD,0.05187772460187321,-0.05187772460187321,5372
TYMP,0.05187276756438337,-0.05187276756438337,5373
MTIF2,0.0518641881493549,-0.0518641881493549,5374
LINGO2,0.0518589594754459,-0.0518589594754459,5375
NDUFAB1,0.051855087466956024,-0.051855087466956024,5376
ADAT1,0.051850375610697004,0.051850375610697004,5377
PPIE,0.051839958772115474,-0.051839958772115474,5378
AMBP,0.05182172954315048,0.05182172954315048,5379
RGR,0.0518197032001678,0.0518197032001678,5380
PLEKHA5,0.051817056861009035,0.051817056861009035,5381
NRG1,0.05180619329016925,-0.05180619329016925,5382
NDUFC1,0.05179507691800562,-0.05179507691800562,5383
YTHDC1,0.05179464157541596,-0.05179464157541596,5384
PDCD2L,0.05178707224939377,0.05178707224939377,5385
SPPL2B,0.05178566599663291,-0.05178566599663291,5386
RGP1,0.05177673245747989,0.05177673245747989,5387
NRXN3,0.051774416518712,0.051774416518712,5388
IP6K1,0.05176414495206473,-0.05176414495206473,5389
CDC6,0.05176367785992929,0.05176367785992929,5390
PRSS33,0.05174884017256576,-0.05174884017256576,5391
GANAB,0.05174593594826996,-0.05174593594826996,5392
TRPC6,0.05174526391780022,0.05174526391780022,5393
EVPL,0.051735205156311505,-0.051735205156311505,5394
VSX1,0.05173172647315153,-0.05173172647315153,5395
TRAF6,0.051727624847863266,-0.051727624847863266,5396
DPP8,0.05172636561836209,0.05172636561836209,5397
PLCB4,0.05171425084176537,0.05171425084176537,5398
SLC39A7,0.05170256344080292,-0.05170256344080292,5399
RIPK2,0.05169398872867997,-0.05169398872867997,5400
KCNH8,0.051687781038907546,-0.051687781038907546,5401
PCMT1,0.05167112193960864,-0.05167112193960864,5402
TCEA2,0.051635886291197086,-0.051635886291197086,5403
GPX4,0.051616277518205814,-0.051616277518205814,5404
EFNA3,0.05160472241701553,0.05160472241701553,5405
HLA-DMA,0.05160349544464507,0.05160349544464507,5406
NCOA7,0.051577012708949745,-0.051577012708949745,5407
MDH2,0.051570331873470335,0.051570331873470335,5408
CIC,0.05156959919634647,0.05156959919634647,5409
C16orf71,0.05156532487119596,0.05156532487119596,5410
MYH10,0.051558559670319255,-0.051558559670319255,5411
CAMK1G,0.051552940248443875,0.051552940248443875,5412
PTPN21,0.051543704646612405,-0.051543704646612405,5413
PLEKHF2,0.05154107490536863,-0.05154107490536863,5414
VKORC1,0.05152632090774871,0.05152632090774871,5415
KRIT1,0.05152497328051472,0.05152497328051472,5416
CCDC92,0.05152239462488409,-0.05152239462488409,5417
APOO,0.0515198098670232,0.0515198098670232,5418
PPL,0.05151849325466839,0.05151849325466839,5419
NFKBIE,0.051508577492090334,-0.051508577492090334,5420
PHLDA3,0.051483052111238506,0.051483052111238506,5421
DENND4C,0.051478079792418883,-0.051478079792418883,5422
SSTR1,0.051447720311813376,0.051447720311813376,5423
DHX34,0.051437584290808726,-0.051437584290808726,5424
TRAM2,0.051426058841934116,-0.051426058841934116,5425
WDR62,0.051422470274751705,-0.051422470274751705,5426
NEDD8,0.05141662220824056,0.05141662220824056,5427
CYB5R1,0.05140554422858342,-0.05140554422858342,5428
TRIM41,0.05139923549687488,-0.05139923549687488,5429
GPATCH8,0.051390366265959726,-0.051390366265959726,5430
PIM2,0.0513761899358963,0.0513761899358963,5431
CENPT,0.05137031725881223,0.05137031725881223,5432
EDARADD,0.051356396361620024,-0.051356396361620024,5433
REV3L,0.051345948124867896,0.051345948124867896,5434
HSPE1,0.051343181522790646,0.051343181522790646,5435
CYTL1,0.051338291280060545,-0.051338291280060545,5436
ELF2,0.05132464755317381,-0.05132464755317381,5437
CNTN6,0.05130330062102967,0.05130330062102967,5438
MAN2C1,0.05130203057059313,0.05130203057059313,5439
EHMT1,0.051299786724374935,0.051299786724374935,5440
NTHL1,0.05127978213810139,0.05127978213810139,5441
SEMA4G,0.05127054535433196,0.05127054535433196,5442
HMG20B,0.05126959124914441,-0.05126959124914441,5443
NR2F1,0.051261421622458524,0.051261421622458524,5444
S100Z,0.051250129552081275,-0.051250129552081275,5445
SRPX2,0.05124400893280985,0.05124400893280985,5446
MAEL,0.051241175117304805,0.051241175117304805,5447
OSBP,0.051218656337121506,0.051218656337121506,5448
PAFAH2,0.05121453917631698,-0.05121453917631698,5449
HTR1D,0.051165601259429205,-0.051165601259429205,5450
OR7E24,0.05116178664649774,-0.05116178664649774,5451
EGF,0.05115476656502929,-0.05115476656502929,5452
NLRP14,0.05113510648230023,0.05113510648230023,5453
FBXW4,0.05112375149311601,0.05112375149311601,5454
TEAD1,0.05111908067010826,-0.05111908067010826,5455
STARD4,0.05111136193695615,-0.05111136193695615,5456
SSNA1,0.05110500079200394,0.05110500079200394,5457
PHIP,0.0511048987096125,-0.0511048987096125,5458
KCND2,0.05110347422064907,0.05110347422064907,5459
SARDH,0.05109909564866145,-0.05109909564866145,5460
RTN4RL1,0.05107070482643651,-0.05107070482643651,5461
FAM83E,0.051069361329781876,-0.051069361329781876,5462
CHURC1,0.05105416821077129,0.05105416821077129,5463
DFFA,0.051053754468692876,-0.051053754468692876,5464
MFSD10,0.05105151566042763,0.05105151566042763,5465
NAP1L1,0.051049464251205524,-0.051049464251205524,5466
LANCL2,0.05104671229059297,0.05104671229059297,5467
CACNB3,0.051042914608374186,-0.051042914608374186,5468
IQCB1,0.05104182724716776,0.05104182724716776,5469
POFUT2,0.0510410065927737,0.0510410065927737,5470
CNTROB,0.051028755823165975,0.051028755823165975,5471
PCDHB12,0.05102031334852993,-0.05102031334852993,5472
MANBA,0.051013227137384515,-0.051013227137384515,5473
ACTA2,0.05101046766447797,-0.05101046766447797,5474
PNPLA7,0.05099488791152731,0.05099488791152731,5475
DFFB,0.050991830551943416,-0.050991830551943416,5476
RILPL1,0.05096961550435481,-0.05096961550435481,5477
STAT2,0.05095637926203298,0.05095637926203298,5478
ZNF563,0.050950690017479344,-0.050950690017479344,5479
SH3BP5L,0.05094999934805585,0.05094999934805585,5480
APOC1,0.050942842578794424,0.050942842578794424,5481
AKAP14,0.05093955191291383,-0.05093955191291383,5482
PSMB7,0.0509230535078666,0.0509230535078666,5483
VPS52,0.05091454637772957,0.05091454637772957,5484
UMPS,0.050904798416807825,0.050904798416807825,5485
RASSF5,0.05090308923143038,0.05090308923143038,5486
FPR3,0.05088987468701234,0.05088987468701234,5487
TSN,0.05087640648886245,0.05087640648886245,5488
NPAS3,0.05084101899722496,-0.05084101899722496,5489
STX7,0.05083295898369551,0.05083295898369551,5490
HSPA12B,0.05081197995965675,0.05081197995965675,5491
STRADB,0.050810458394813254,-0.050810458394813254,5492
MERTK,0.05080632582361188,-0.05080632582361188,5493
MAFF,0.050785290889893246,0.050785290889893246,5494
ANXA2,0.05078450863945121,0.05078450863945121,5495
NTRK2,0.05073961023703379,-0.05073961023703379,5496
ANKZF1,0.050728263710514546,0.050728263710514546,5497
METTL2B,0.05070219103744634,-0.05070219103744634,5498
TGFBRAP1,0.05067403339346028,0.05067403339346028,5499
ALDOA,0.050669632869807246,0.050669632869807246,5500
RHEBL1,0.05066768397823785,-0.05066768397823785,5501
DCST1,0.050654176105041554,-0.050654176105041554,5502
EIF4A3,0.05063414254496609,0.05063414254496609,5503
PEX12,0.05062907265974187,-0.05062907265974187,5504
LAGE3,0.05060615004447603,0.05060615004447603,5505
GPRC5D,0.050575902994843526,-0.050575902994843526,5506
GCNT3,0.050550253508321166,-0.050550253508321166,5507
TSEN54,0.050544037396963434,-0.050544037396963434,5508
EPHA6,0.05053547323192457,-0.05053547323192457,5509
ERCC3,0.050506336698169084,0.050506336698169084,5510
AKAP8,0.05050436465623996,0.05050436465623996,5511
CAP2,0.05049027827927692,0.05049027827927692,5512
SLC30A10,0.050476855498490444,0.050476855498490444,5513
ASPHD2,0.050431863534734674,0.050431863534734674,5514
EIF3L,0.05039764504588263,-0.05039764504588263,5515
SGPL1,0.050380440205070064,0.050380440205070064,5516
DIABLO,0.050364307149942264,-0.050364307149942264,5517
SMR3A,0.05036084435354526,-0.05036084435354526,5518
SRBD1,0.05035747799092734,0.05035747799092734,5519
CLCA1,0.05034442163328118,0.05034442163328118,5520
LSM4,0.050333263795700786,0.050333263795700786,5521
CD247,0.05032778982858963,0.05032778982858963,5522
CHRNG,0.050315529369409376,0.050315529369409376,5523
KCNIP3,0.050299021128198396,0.050299021128198396,5524
ALKBH5,0.05029701336377464,0.05029701336377464,5525
LDB1,0.050285665121269925,0.050285665121269925,5526
CLCN3,0.05025056184369662,0.05025056184369662,5527
MTPAP,0.050245407178959964,0.050245407178959964,5528
TFAP4,0.05024236711916924,0.05024236711916924,5529
SPAG8,0.05023642868422505,0.05023642868422505,5530
CRYGS,0.05023548627356356,-0.05023548627356356,5531
CCDC126,0.05022464300320387,0.05022464300320387,5532
CDK4,0.05022340328647743,0.05022340328647743,5533
RGS20,0.05021650226798774,0.05021650226798774,5534
PCDH10,0.05021190709094915,-0.05021190709094915,5535
IRF3,0.05021029641319455,-0.05021029641319455,5536
EIF4G2,0.05020615634650749,-0.05020615634650749,5537
KATNB1,0.05020393389959097,0.05020393389959097,5538
GABRD,0.050193226820859235,0.050193226820859235,5539
PRMT8,0.050187947418410386,-0.050187947418410386,5540
SLC5A2,0.050183752734604625,-0.050183752734604625,5541
ANKRD40,0.0501751531187234,0.0501751531187234,5542
GAL3ST1,0.05016890646653427,0.05016890646653427,5543
BPNT1,0.05014568942891938,-0.05014568942891938,5544
G6PC,0.05013975879278377,-0.05013975879278377,5545
SLAMF1,0.05013679583897654,0.05013679583897654,5546
DUS1L,0.05013432164548347,0.05013432164548347,5547
CHPF,0.050114872698239644,0.050114872698239644,5548
VPS36,0.05010919095123078,0.05010919095123078,5549
SS18L1,0.050106150072917854,0.050106150072917854,5550
CMA1,0.05010579600320532,0.05010579600320532,5551
KRTAP3-1,0.05008826967594095,-0.05008826967594095,5552
FFAR1,0.05007866893922709,0.05007866893922709,5553
C8orf58,0.050076470497205164,-0.050076470497205164,5554
ADAP2,0.050053301870699604,0.050053301870699604,5555
RHD,0.05005267978839986,0.05005267978839986,5556
PCNP,0.05004936100285099,-0.05004936100285099,5557
ZFYVE1,0.05004217524872092,-0.05004217524872092,5558
SLTM,0.05003940966544366,-0.05003940966544366,5559
STUB1,0.05002978503801345,-0.05002978503801345,5560
UBE2K,0.05002676367401847,0.05002676367401847,5561
PARVG,0.05002377750544803,-0.05002377750544803,5562
ACOT4,0.05001109174387401,0.05001109174387401,5563
ZNF629,0.05000688982533408,-0.05000688982533408,5564
SPSB1,0.05000499234881366,0.05000499234881366,5565
B3GNT6,0.04999568788895023,-0.04999568788895023,5566
MRPL11,0.04997996170936409,0.04997996170936409,5567
HTR3C,0.049974106296132505,-0.049974106296132505,5568
PDLIM2,0.04997234561914621,0.04997234561914621,5569
ACADL,0.04997142758592218,-0.04997142758592218,5570
NALCN,0.04997016943862657,0.04997016943862657,5571
COMMD9,0.049967307633929994,0.049967307633929994,5572
PTRH2,0.04995666620388526,0.04995666620388526,5573
PRR3,0.049937391077764307,0.049937391077764307,5574
PRDM4,0.049931933137596196,0.049931933137596196,5575
OTOF,0.04990669664797617,0.04990669664797617,5576
GSC,0.0499051501629248,0.0499051501629248,5577
CALM1,0.04989002836391843,-0.04989002836391843,5578
CXCL14,0.049839550246467884,0.049839550246467884,5579
EGLN3,0.04983465505886291,-0.04983465505886291,5580
PARD6A,0.04982628752914861,0.04982628752914861,5581
AGFG2,0.04982001172907134,0.04982001172907134,5582
PSMC4,0.04981833776886682,0.04981833776886682,5583
IFRD2,0.04981415290143033,0.04981415290143033,5584
HOMER3,0.04980501838924509,0.04980501838924509,5585
ACIN1,0.04980169339713718,0.04980169339713718,5586
LAD1,0.049730336434915305,0.049730336434915305,5587
ICAM3,0.049705455962045605,-0.049705455962045605,5588
APLNR,0.04970510839989656,0.04970510839989656,5589
AHCTF1,0.04968433440844546,0.04968433440844546,5590
DYNC1LI1,0.04967273378910341,0.04967273378910341,5591
DCLRE1A,0.04966663801775201,0.04966663801775201,5592
MRPS26,0.04966663165169253,-0.04966663165169253,5593
LYSMD2,0.04966621056687973,0.04966621056687973,5594
PPP1R12B,0.04966380761058264,-0.04966380761058264,5595
KLK2,0.04965331908090731,-0.04965331908090731,5596
WDR77,0.04963910221780656,-0.04963910221780656,5597
PDE8B,0.049625894589888885,-0.049625894589888885,5598
BOLA3,0.049620526056740374,-0.049620526056740374,5599
SLC16A11,0.049617524486066336,-0.049617524486066336,5600
ANKRD13A,0.049616673480520644,-0.049616673480520644,5601
HECTD1,0.04960705814942012,-0.04960705814942012,5602
FBXO27,0.04959572291621226,0.04959572291621226,5603
PKLR,0.04959340607768625,-0.04959340607768625,5604
FOXJ2,0.04957614643879877,-0.04957614643879877,5605
EWSR1,0.04957498208661001,-0.04957498208661001,5606
SLITRK6,0.04957494756119315,-0.04957494756119315,5607
FOXL1,0.04957224394624391,0.04957224394624391,5608
ZNF124,0.04956642334596001,-0.04956642334596001,5609
ZFAND5,0.04955866917418595,0.04955866917418595,5610
DECR1,0.04955866808657531,-0.04955866808657531,5611
IRF9,0.049526646424097584,0.049526646424097584,5612
GRM8,0.049518021566234326,-0.049518021566234326,5613
TSEN34,0.0494821378058049,0.0494821378058049,5614
PARP6,0.04947916621465835,-0.04947916621465835,5615
MTF2,0.04947516929862088,-0.04947516929862088,5616
PNRC2,0.04946894800867788,-0.04946894800867788,5617
PRKAB1,0.04945916668084349,-0.04945916668084349,5618
ADCY9,0.049453021346967836,-0.049453021346967836,5619
GLUD2,0.04943433736519922,-0.04943433736519922,5620
ANAPC2,0.049432883555904514,-0.049432883555904514,5621
AMOTL1,0.04942794721388441,0.04942794721388441,5622
DNMT3A,0.0494267520443937,0.0494267520443937,5623
CYCS,0.04942301594319298,-0.04942301594319298,5624
FSTL3,0.04941182821994399,-0.04941182821994399,5625
DCAKD,0.04940174262615331,0.04940174262615331,5626
PRPF38B,0.04939845202709737,0.04939845202709737,5627
ZNF491,0.049387470461662454,-0.049387470461662454,5628
STRBP,0.04936683298627517,0.04936683298627517,5629
TNFRSF1A,0.049337176781218475,0.049337176781218475,5630
WDR12,0.0493327137547684,-0.0493327137547684,5631
B3GALT4,0.049324857136784625,0.049324857136784625,5632
EIF1AD,0.04929304903925172,0.04929304903925172,5633
RPUSD2,0.04927352238792995,0.04927352238792995,5634
COASY,0.049261571273483844,0.049261571273483844,5635
EXOG,0.04925145960105409,0.04925145960105409,5636
ZNF578,0.049247945775990586,0.049247945775990586,5637
CTPS2,0.049237530709815173,0.049237530709815173,5638
HMOX2,0.049234807679555216,-0.049234807679555216,5639
ARFGAP1,0.04922148069460696,0.04922148069460696,5640
PPIL1,0.0492134599641228,0.0492134599641228,5641
CD6,0.04921267855066938,0.04921267855066938,5642
ABCD3,0.049204097077749046,0.049204097077749046,5643
MRPS18A,0.049195967654102,0.049195967654102,5644
SLC34A3,0.0491873776401788,0.0491873776401788,5645
RHBDD2,0.049184845848901246,-0.049184845848901246,5646
MUC4,0.049183137053965,0.049183137053965,5647
WFIKKN1,0.04918101114580781,-0.04918101114580781,5648
SULF2,0.04916646572323793,0.04916646572323793,5649
FCN1,0.04915831828753138,-0.04915831828753138,5650
FBLN2,0.04914895298202071,-0.04914895298202071,5651
POLR2H,0.049124695436342035,-0.049124695436342035,5652
ARHGEF10L,0.04911845522215625,0.04911845522215625,5653
ARMC1,0.04911330136507172,0.04911330136507172,5654
CCDC91,0.0491048893982893,0.0491048893982893,5655
U2AF1,0.049098651494959074,0.049098651494959074,5656
DPY30,0.0490939944916426,-0.0490939944916426,5657
LY6G5C,0.049088553890395945,0.049088553890395945,5658
ZNF746,0.049076700957387365,-0.049076700957387365,5659
LRFN3,0.04905218188503686,0.04905218188503686,5660
CAB39L,0.04904542500083004,-0.04904542500083004,5661
POLR3H,0.04904329895543441,-0.04904329895543441,5662
UCN,0.04903543627245747,-0.04903543627245747,5663
UBE2J1,0.049027051911681975,0.049027051911681975,5664
FREM1,0.04901180638262836,0.04901180638262836,5665
SACS,0.04900814835129324,-0.04900814835129324,5666
DAD1,0.048990255496332014,0.048990255496332014,5667
CYP4A11,0.04898606912278414,0.04898606912278414,5668
SERPING1,0.04898448833898006,-0.04898448833898006,5669
SOHLH2,0.048966342364400846,0.048966342364400846,5670
BTAF1,0.04896198301206822,0.04896198301206822,5671
RELA,0.04893839843636917,0.04893839843636917,5672
ANKMY2,0.04893223997419664,-0.04893223997419664,5673
DTL,0.04892972881385916,-0.04892972881385916,5674
MAGT1,0.04892781062018011,0.04892781062018011,5675
C2orf16,0.04892064636348357,-0.04892064636348357,5676
SCYL3,0.04889347009575913,-0.04889347009575913,5677
FAT3,0.04887226723483142,-0.04887226723483142,5678
TAF2,0.048866141497045844,0.048866141497045844,5679
SHMT1,0.04884606937343113,0.04884606937343113,5680
MRPS35,0.0488248236685598,-0.0488248236685598,5681
SSTR5,0.048815911445407756,0.048815911445407756,5682
HLA-F,0.04881187023137096,0.04881187023137096,5683
SLC25A5,0.0488038131456825,0.0488038131456825,5684
ASPA,0.04879884916000756,-0.04879884916000756,5685
PHPT1,0.04877274353234911,0.04877274353234911,5686
CNOT8,0.048768520495619305,-0.048768520495619305,5687
IL1RN,0.048743892670109416,-0.048743892670109416,5688
NUP88,0.048735566469086264,-0.048735566469086264,5689
MTFMT,0.048722379255612465,0.048722379255612465,5690
TMC5,0.04872037916047133,-0.04872037916047133,5691
SEC62,0.048711982908039166,-0.048711982908039166,5692
DAPK2,0.048704633730804775,0.048704633730804775,5693
DHRS1,0.04868993580084799,0.04868993580084799,5694
RTKN,0.048667666080856715,-0.048667666080856715,5695
PVRIG,0.04864375810278526,0.04864375810278526,5696
ZNF575,0.048640417039629145,0.048640417039629145,5697
DEFB123,0.04863058180723716,0.04863058180723716,5698
CSNK1D,0.048612767018900646,0.048612767018900646,5699
LYG1,0.04858139863116583,0.04858139863116583,5700
CPAMD8,0.048572731015227855,-0.048572731015227855,5701
SPOCK1,0.0485711429703097,-0.0485711429703097,5702
TAF1B,0.04855558177233204,-0.04855558177233204,5703
ST6GALNAC6,0.04853282631415302,-0.04853282631415302,5704
PGLS,0.048497182604480646,0.048497182604480646,5705
FGF12,0.04849217765269456,-0.04849217765269456,5706
BNIP2,0.04848090850581739,-0.04848090850581739,5707
NAGLU,0.048478697389956624,0.048478697389956624,5708
MOXD1,0.04847211951428013,0.04847211951428013,5709
PLOD1,0.048462041322932636,0.048462041322932636,5710
ATG9A,0.04846187846176996,0.04846187846176996,5711
FLOT1,0.048451568475791955,0.048451568475791955,5712
USP35,0.048450794473360696,-0.048450794473360696,5713
MGAT4A,0.048448756373913326,-0.048448756373913326,5714
PSMD11,0.04844573855832317,-0.04844573855832317,5715
PDK3,0.048432185384871415,0.048432185384871415,5716
CHD1,0.048388684166708794,0.048388684166708794,5717
SLC7A7,0.04838177178457371,0.04838177178457371,5718
JTB,0.04838116435039465,0.04838116435039465,5719
SERPINA6,0.04837215408813257,-0.04837215408813257,5720
TMEM109,0.04836910500674173,0.04836910500674173,5721
RASSF3,0.04835284317169619,-0.04835284317169619,5722
C14orf119,0.04835281962195028,0.04835281962195028,5723
LRRC45,0.048352048861985665,0.048352048861985665,5724
CLC,0.04834698396459687,0.04834698396459687,5725
TRIO,0.04833823202385332,0.04833823202385332,5726
GJD3,0.048330987108339926,0.048330987108339926,5727
RPL3L,0.04832932281815581,0.04832932281815581,5728
UGP2,0.04832899211247162,0.04832899211247162,5729
GPX2,0.04831734457997871,-0.04831734457997871,5730
RNF185,0.048311296682905215,-0.048311296682905215,5731
ACBD6,0.048308985900971484,0.048308985900971484,5732
CSGALNACT2,0.04828266872218609,-0.04828266872218609,5733
SMAP2,0.048253807638006595,-0.048253807638006595,5734
BRI3,0.04823974887366755,0.04823974887366755,5735
RET,0.04823247592864647,-0.04823247592864647,5736
ZNF616,0.0482261867101905,-0.0482261867101905,5737
RASSF6,0.048224416665752744,0.048224416665752744,5738
AP3D1,0.048217955956385575,0.048217955956385575,5739
GTF3C4,0.04821302281243492,-0.04821302281243492,5740
SHQ1,0.04820660814585069,-0.04820660814585069,5741
TSR2,0.04820520684939239,-0.04820520684939239,5742
NEDD9,0.048204526767646645,0.048204526767646645,5743
CNTN3,0.048196343332669825,0.048196343332669825,5744
EGLN2,0.048186563963079146,0.048186563963079146,5745
STAU2,0.048159959994900026,-0.048159959994900026,5746
IL23R,0.04814141142286178,-0.04814141142286178,5747
FAM117A,0.04813955896618044,0.04813955896618044,5748
NDUFA9,0.04813629712996209,-0.04813629712996209,5749
SUMO1,0.04813479476988228,-0.04813479476988228,5750
C1orf162,0.048115635050153746,-0.048115635050153746,5751
STK11,0.048100837753683796,-0.048100837753683796,5752
INSL5,0.04809496780552411,0.04809496780552411,5753
EXOSC7,0.048091775583671205,0.048091775583671205,5754
SUPT3H,0.04807798351125926,0.04807798351125926,5755
FUCA2,0.0480576929782773,0.0480576929782773,5756
RBM5,0.048038590397870014,0.048038590397870014,5757
PRDM5,0.04803737770059656,-0.04803737770059656,5758
SULF1,0.04803441419457708,0.04803441419457708,5759
GTF2IRD1,0.04803117931771243,-0.04803117931771243,5760
CSF2RA,0.0480240386162878,0.0480240386162878,5761
MICALL2,0.04801468632232049,-0.04801468632232049,5762
RNASEL,0.04801145196699477,0.04801145196699477,5763
BARD1,0.04800391910012538,-0.04800391910012538,5764
COPS6,0.048003106083626734,0.048003106083626734,5765
ACAP2,0.048002594336932006,-0.048002594336932006,5766
LRRC8D,0.048002130467798054,0.048002130467798054,5767
PRR12,0.047988801482131166,-0.047988801482131166,5768
C1QBP,0.0479576326723262,-0.0479576326723262,5769
GPM6B,0.047914555384085684,-0.047914555384085684,5770
PRTFDC1,0.047905500995696515,0.047905500995696515,5771
AHNAK,0.04789398910132173,-0.04789398910132173,5772
PSMB9,0.04788843514949693,0.04788843514949693,5773
PAPOLA,0.04787604357743696,-0.04787604357743696,5774
WDR92,0.047875770043906564,0.047875770043906564,5775
ITM2B,0.04787221770671128,-0.04787221770671128,5776
MAN1A2,0.0478525130135258,-0.0478525130135258,5777
ZNF135,0.04785231230754341,0.04785231230754341,5778
SYN3,0.04784867006599256,-0.04784867006599256,5779
ACBD3,0.04783244558141256,-0.04783244558141256,5780
NUDT14,0.04782934379206943,-0.04782934379206943,5781
CAPS2,0.04782157360487775,0.04782157360487775,5782
ADAT2,0.04780804323732864,-0.04780804323732864,5783
ATG4C,0.047804685655537436,-0.047804685655537436,5784
NCAPH,0.04779642330080098,-0.04779642330080098,5785
CHRNA1,0.047790516342073264,0.047790516342073264,5786
ZFY,0.047783424017672674,0.047783424017672674,5787
PCNT,0.04777002343641483,0.04777002343641483,5788
PDLIM7,0.047766426043095875,-0.047766426043095875,5789
BTNL2,0.04776428508414032,0.04776428508414032,5790
TBCE,0.04775091753416123,-0.04775091753416123,5791
CST11,0.047699278574488954,0.047699278574488954,5792
CRYGC,0.047683389294886344,0.047683389294886344,5793
PRRG4,0.047678790739821765,0.047678790739821765,5794
SYTL2,0.04767312482711765,0.04767312482711765,5795
MRPL42,0.0476719089839671,-0.0476719089839671,5796
CYP27B1,0.04765472328546345,0.04765472328546345,5797
VAMP8,0.04765243159956251,-0.04765243159956251,5798
ZNF366,0.047639481978476214,0.047639481978476214,5799
PSME3,0.04762336043049917,0.04762336043049917,5800
RNF2,0.04760798850316003,0.04760798850316003,5801
CRY2,0.04760730414806727,-0.04760730414806727,5802
MMP8,0.04760565358257639,-0.04760565358257639,5803
CNIH4,0.04759684170440248,0.04759684170440248,5804
SCGB1D1,0.04756056922248397,0.04756056922248397,5805
SH3BP1,0.0475519471877855,0.0475519471877855,5806
TPPP,0.0475220270725139,-0.0475220270725139,5807
ZNF26,0.047494731024646034,0.047494731024646034,5808
EXT1,0.04749391574415679,0.04749391574415679,5809
SASH3,0.04749389112430286,0.04749389112430286,5810
SLC22A24,0.047482624533136175,-0.047482624533136175,5811
KLHDC3,0.047479959203777844,-0.047479959203777844,5812
CCDC125,0.0474703185864369,-0.0474703185864369,5813
GSDMD,0.047443480724497965,-0.047443480724497965,5814
NOS1AP,0.04743912037693834,-0.04743912037693834,5815
VWDE,0.04743557136348012,0.04743557136348012,5816
SLC22A5,0.04743473522434558,-0.04743473522434558,5817
ATP9A,0.047429811514945026,0.047429811514945026,5818
BBS10,0.04742739115067822,-0.04742739115067822,5819
GRK5,0.04740359306076051,0.04740359306076051,5820
SMAD6,0.04739406692308909,-0.04739406692308909,5821
TACC2,0.04738075319100348,0.04738075319100348,5822
ADAMTS7,0.04737356849527511,-0.04737356849527511,5823
F7,0.0473573174553668,-0.0473573174553668,5824
PARP15,0.047354651074314955,0.047354651074314955,5825
SNN,0.04735352256942062,-0.04735352256942062,5826
ASB13,0.04734804502268214,-0.04734804502268214,5827
MAP3K2,0.047338769478633774,-0.047338769478633774,5828
ARL6IP4,0.04732069612167458,-0.04732069612167458,5829
C1QB,0.0473027678178673,-0.0473027678178673,5830
GMIP,0.04729936901637905,0.04729936901637905,5831
GTPBP3,0.047295211572640126,-0.047295211572640126,5832
SLC35D1,0.047281731192249966,-0.047281731192249966,5833
RNF7,0.0472778791463251,-0.0472778791463251,5834
CBLN3,0.047276588937197966,-0.047276588937197966,5835
ZNF512B,0.047275145212828856,0.047275145212828856,5836
MGAM,0.0472690765504448,-0.0472690765504448,5837
IKZF5,0.04725774285421409,0.04725774285421409,5838
DNAJB1,0.04725708064339453,0.04725708064339453,5839
CHST13,0.04725391741450064,-0.04725391741450064,5840
CYHR1,0.04724843020517999,-0.04724843020517999,5841
CACNG8,0.047239674398643926,-0.047239674398643926,5842
NTF3,0.047234447532999164,-0.047234447532999164,5843
SLC25A43,0.047233424327344134,-0.047233424327344134,5844
GABPB2,0.0472325737470526,-0.0472325737470526,5845
ANKRA2,0.047229433898521904,-0.047229433898521904,5846
CDX1,0.04720656969916633,0.04720656969916633,5847
MRPL39,0.047203605055200146,0.047203605055200146,5848
VTA1,0.04719168288531161,0.04719168288531161,5849
PLTP,0.04718393702207803,-0.04718393702207803,5850
RFC3,0.047178367180240696,0.047178367180240696,5851
IGFBP3,0.04716307301351282,-0.04716307301351282,5852
ZNF618,0.047158214937820804,-0.047158214937820804,5853
PNPLA3,0.04712901786408715,-0.04712901786408715,5854
NUB1,0.04711331119665406,-0.04711331119665406,5855
ALPP,0.047101650630871884,-0.047101650630871884,5856
HEXA,0.04706148834136768,0.04706148834136768,5857
TNFRSF17,0.04705630815242843,0.04705630815242843,5858
PROCA1,0.04702597973597285,0.04702597973597285,5859
NDUFA2,0.04702203768653342,-0.04702203768653342,5860
SLC20A2,0.04697834779078544,-0.04697834779078544,5861
INHBC,0.046976301073576296,0.046976301073576296,5862
NUP54,0.04696436698574986,-0.04696436698574986,5863
OGFRL1,0.04693925836024576,0.04693925836024576,5864
ZWILCH,0.046911166788034406,-0.046911166788034406,5865
GSTM4,0.046869542794509125,-0.046869542794509125,5866
IFI27L1,0.046867943158589054,-0.046867943158589054,5867
MPP2,0.04686711057226426,0.04686711057226426,5868
IFIT5,0.04686657762569692,-0.04686657762569692,5869
MBIP,0.04686427257999867,0.04686427257999867,5870
CYB5R4,0.046861925645016615,-0.046861925645016615,5871
NAALAD2,0.04685487465628622,-0.04685487465628622,5872
ANK2,0.046852840546484205,-0.046852840546484205,5873
VPS28,0.04682523636174307,0.04682523636174307,5874
HMMR,0.04680182418349959,0.04680182418349959,5875
NGDN,0.04680073665653442,0.04680073665653442,5876
SYT2,0.04679336681440445,-0.04679336681440445,5877
TNS4,0.04678728720844042,-0.04678728720844042,5878
SQLE,0.04677551993458841,0.04677551993458841,5879
ITPA,0.046771302248395825,-0.046771302248395825,5880
ATG4A,0.04675268317201681,-0.04675268317201681,5881
ZRANB2,0.04673998616145262,-0.04673998616145262,5882
STAP2,0.04673286510356182,0.04673286510356182,5883
PTK2,0.04673262694106293,-0.04673262694106293,5884
LDHD,0.04673015015160476,0.04673015015160476,5885
GOLGA2,0.04672223635986292,0.04672223635986292,5886
TMCO1,0.046713674311207765,-0.046713674311207765,5887
SSR3,0.0467051850357442,-0.0467051850357442,5888
TOP1MT,0.04667709612745942,-0.04667709612745942,5889
CYP3A4,0.04667602388740184,0.04667602388740184,5890
ECD,0.046657601075749844,-0.046657601075749844,5891
NDUFA5,0.04665359661479887,-0.04665359661479887,5892
ZNF257,0.04663240652383053,-0.04663240652383053,5893
FLRT3,0.04663201715513964,0.04663201715513964,5894
RRM1,0.04662155597231512,0.04662155597231512,5895
ZNF557,0.04661693933797581,0.04661693933797581,5896
PLCD3,0.04660693672070177,-0.04660693672070177,5897
TRIM8,0.04660647777313158,0.04660647777313158,5898
WDR64,0.04659143837851511,0.04659143837851511,5899
NAV3,0.046591345046199134,0.046591345046199134,5900
DIRAS3,0.04658740174467729,0.04658740174467729,5901
CEP250,0.04657247229107514,0.04657247229107514,5902
KSR1,0.04652655041946471,0.04652655041946471,5903
ARHGAP1,0.046519547219571626,-0.046519547219571626,5904
ZDHHC17,0.04651724306965397,-0.04651724306965397,5905
TP53TG5,0.04651119990806212,-0.04651119990806212,5906
SLC41A2,0.04650295808614271,-0.04650295808614271,5907
GALNT1,0.04650157606988853,0.04650157606988853,5908
CDK9,0.04649024353109214,-0.04649024353109214,5909
TRIM27,0.0464825040449905,0.0464825040449905,5910
NR2E3,0.04647956066296956,0.04647956066296956,5911
CSNK2A1,0.0464607647975216,0.0464607647975216,5912
SCAMP3,0.04645115123358653,-0.04645115123358653,5913
WIPF2,0.04644178579546604,0.04644178579546604,5914
ZNF461,0.04643950823021327,-0.04643950823021327,5915
TEX13B,0.046431125935605694,-0.046431125935605694,5916
TNNI1,0.046411833238842536,0.046411833238842536,5917
FAF1,0.04640258580079221,-0.04640258580079221,5918
IFI44L,0.046400261889218565,-0.046400261889218565,5919
POLE4,0.04637682139161722,0.04637682139161722,5920
TMEM80,0.046374517899612215,0.046374517899612215,5921
IDS,0.04636083645127793,0.04636083645127793,5922
ANGPT1,0.046350789876120735,0.046350789876120735,5923
GYG1,0.04634043988872473,0.04634043988872473,5924
MC1R,0.04633676147322123,-0.04633676147322123,5925
DEF8,0.04633599011467624,0.04633599011467624,5926
MAPK3,0.04631829263027558,0.04631829263027558,5927
ISCA2,0.04631248310291049,0.04631248310291049,5928
IGDCC4,0.04630641693405916,0.04630641693405916,5929
ZNF823,0.04630444967732532,-0.04630444967732532,5930
NEU4,0.046295323980736235,-0.046295323980736235,5931
SLC25A30,0.046286090888249316,0.046286090888249316,5932
ST7L,0.04628330149350732,0.04628330149350732,5933
KLF5,0.04628194492411161,0.04628194492411161,5934
GSTO1,0.04627676754707937,0.04627676754707937,5935
APOC2,0.046276490223389644,-0.046276490223389644,5936
DEGS1,0.04624049598924804,-0.04624049598924804,5937
SIPA1,0.04623911323168644,-0.04623911323168644,5938
COMMD7,0.0462375975691943,0.0462375975691943,5939
CCNH,0.04623710602191661,-0.04623710602191661,5940
CTDSPL,0.046234270343245766,-0.046234270343245766,5941
CCDC43,0.04623242722974726,-0.04623242722974726,5942
ESPN,0.04623170679675096,0.04623170679675096,5943
POMC,0.04620923932976226,0.04620923932976226,5944
MXI1,0.04619881736176102,0.04619881736176102,5945
DIP2B,0.04619789739805689,-0.04619789739805689,5946
MAML1,0.04619266214920136,-0.04619266214920136,5947
PLVAP,0.04617802225281758,0.04617802225281758,5948
HAP1,0.046170745709434274,-0.046170745709434274,5949
NCBP1,0.04616923159248724,0.04616923159248724,5950
ACP1,0.04614785125955801,-0.04614785125955801,5951
GFI1,0.04613577029932355,0.04613577029932355,5952
NXF1,0.046132154589038375,-0.046132154589038375,5953
ZNF143,0.04606198513153188,0.04606198513153188,5954
BTN1A1,0.04605641125029191,0.04605641125029191,5955
TRIM17,0.04604799913270723,0.04604799913270723,5956
TMEM70,0.0460467623465038,-0.0460467623465038,5957
TAF10,0.046046556003832353,-0.046046556003832353,5958
CANT1,0.04604193693372573,0.04604193693372573,5959
SPTAN1,0.04603485920793438,-0.04603485920793438,5960
CIRBP,0.046034715577672095,-0.046034715577672095,5961
MKLN1,0.046032904568264234,-0.046032904568264234,5962
PPP1R9A,0.04603240297215899,0.04603240297215899,5963
MUL1,0.04602587237804343,0.04602587237804343,5964
KRTCAP2,0.046006370805293254,-0.046006370805293254,5965
CKAP2L,0.04600377528136528,-0.04600377528136528,5966
NEDD4L,0.04599938512286507,0.04599938512286507,5967
ZBED4,0.04598535746052025,-0.04598535746052025,5968
LSM14A,0.045971230158731675,0.045971230158731675,5969
RHBDL3,0.04595192977689376,0.04595192977689376,5970
CMBL,0.045949375002508744,-0.045949375002508744,5971
PECR,0.04591320694926748,0.04591320694926748,5972
ARPC3,0.04591268324224872,0.04591268324224872,5973
CAMK2N1,0.045893334478840975,-0.045893334478840975,5974
GPX5,0.04589140570338291,-0.04589140570338291,5975
AZIN1,0.04588540184945269,0.04588540184945269,5976
SCRN2,0.04585802367693992,-0.04585802367693992,5977
ATRN,0.04583928387588423,0.04583928387588423,5978
POLB,0.04583182073427525,0.04583182073427525,5979
RUFY1,0.0457933645732857,-0.0457933645732857,5980
DNAL4,0.04578284638695169,-0.04578284638695169,5981
SPA17,0.04576847094445617,-0.04576847094445617,5982
FLVCR2,0.04575992439989544,0.04575992439989544,5983
ARHGEF1,0.04572300719080191,-0.04572300719080191,5984
CACNA1S,0.0457191110923388,0.0457191110923388,5985
BCL2L11,0.04571720452412071,-0.04571720452412071,5986
PBX2,0.04568310627100966,-0.04568310627100966,5987
SLC35A1,0.045675311510063245,0.045675311510063245,5988
CD63,0.045652094373047084,-0.045652094373047084,5989
CSTA,0.045649987444922296,-0.045649987444922296,5990
LAT2,0.04564796637778034,-0.04564796637778034,5991
MPO,0.045643103397212934,-0.045643103397212934,5992
SH2D3A,0.04564228782191236,-0.04564228782191236,5993
PADI3,0.0456337344161016,0.0456337344161016,5994
PCMTD2,0.04562590448095182,-0.04562590448095182,5995
MBNL1,0.04562106954845593,0.04562106954845593,5996
ETNK1,0.04561899403791013,-0.04561899403791013,5997
SH3YL1,0.045545389223211205,0.045545389223211205,5998
RASGRP2,0.04553539336001239,0.04553539336001239,5999
CCNB1IP1,0.04552695464338942,0.04552695464338942,6000
E2F1,0.045523795767851136,0.045523795767851136,6001
NPTN,0.04552293588827086,-0.04552293588827086,6002
OTUD7B,0.045484577722785774,-0.045484577722785774,6003
LMAN2L,0.04547476628149477,-0.04547476628149477,6004
PGLYRP4,0.04547078421815031,0.04547078421815031,6005
CLIP1,0.04546378952689875,0.04546378952689875,6006
MRPL37,0.04546329420076992,0.04546329420076992,6007
NPM3,0.04546025190275138,-0.04546025190275138,6008
TRAPPC1,0.04545237956643356,0.04545237956643356,6009
SIPA1L1,0.04544894114702918,0.04544894114702918,6010
NAPB,0.04543615780646007,0.04543615780646007,6011
PSG9,0.04542687578638252,-0.04542687578638252,6012
FBXO9,0.04541062578692848,0.04541062578692848,6013
UBE2D4,0.04540711459870641,-0.04540711459870641,6014
GSPT2,0.04539300601530644,-0.04539300601530644,6015
CADPS,0.04538975666827035,0.04538975666827035,6016
AGPS,0.04538955250783765,-0.04538955250783765,6017
JAKMIP1,0.04538343169094339,0.04538343169094339,6018
RAB20,0.045383424594558755,-0.045383424594558755,6019
IL20RB,0.04537289692430375,-0.04537289692430375,6020
MAG,0.045372699437274025,0.045372699437274025,6021
ADK,0.04536841262033316,0.04536841262033316,6022
GSTZ1,0.045367189999270065,0.045367189999270065,6023
ZNF577,0.04536458744157562,-0.04536458744157562,6024
PTGER3,0.04535903116877277,-0.04535903116877277,6025
GH2,0.04532314820061483,-0.04532314820061483,6026
PDE7A,0.04530729710502722,0.04530729710502722,6027
GTF2H1,0.04530258884507587,0.04530258884507587,6028
ABCG5,0.045293973870194515,0.045293973870194515,6029
SSBP3,0.045292054760916585,0.045292054760916585,6030
EFCAB2,0.04528853034010035,0.04528853034010035,6031
CGRRF1,0.045286996459136857,0.045286996459136857,6032
ALG6,0.04528385981643815,-0.04528385981643815,6033
LHFPL2,0.045264821993349226,0.045264821993349226,6034
SLC2A5,0.04525810995251296,0.04525810995251296,6035
SGCA,0.04522943308882379,-0.04522943308882379,6036
ATF4,0.04522728174677162,0.04522728174677162,6037
OR2C1,0.04521472159881507,-0.04521472159881507,6038
CCDC12,0.04520306744556944,-0.04520306744556944,6039
UBFD1,0.04514893320010926,-0.04514893320010926,6040
ZNF239,0.04514509060518767,-0.04514509060518767,6041
FOLH1,0.045133768863002535,-0.045133768863002535,6042
ZC3H3,0.04510026211974103,-0.04510026211974103,6043
CSAD,0.045091033972981066,-0.045091033972981066,6044
UBQLNL,0.04508480244643168,0.04508480244643168,6045
GINS3,0.04508057344321175,0.04508057344321175,6046
EXTL2,0.04507928578362302,0.04507928578362302,6047
GPR174,0.04507316084961028,0.04507316084961028,6048
SH3GL2,0.0450684242538318,0.0450684242538318,6049
ABTB1,0.04505694993449914,0.04505694993449914,6050
VPS16,0.045054662928111645,-0.045054662928111645,6051
CEP350,0.045049521951671084,-0.045049521951671084,6052
PREB,0.045040965926297,-0.045040965926297,6053
SASH1,0.045024861501244434,-0.045024861501244434,6054
PODN,0.04502289244084489,-0.04502289244084489,6055
CCDC85B,0.04500915442916277,-0.04500915442916277,6056
NBN,0.04500550185179074,-0.04500550185179074,6057
TIMP3,0.04498765844052875,-0.04498765844052875,6058
SERPINI2,0.044987382837853564,0.044987382837853564,6059
CSTL1,0.04497903922672401,0.04497903922672401,6060
DIAPH3,0.04496053636004628,-0.04496053636004628,6061
IL6,0.04493326770302793,-0.04493326770302793,6062
KCNK12,0.04493258671090054,0.04493258671090054,6063
TNXB,0.044922695815179346,0.044922695815179346,6064
ELOVL4,0.04491686731153003,0.04491686731153003,6065
CCNF,0.04489415502606304,0.04489415502606304,6066
ECH1,0.04487483416820986,-0.04487483416820986,6067
UPP2,0.044866542618014975,0.044866542618014975,6068
KCNJ15,0.0448465495731828,-0.0448465495731828,6069
MAT2B,0.04483308258996515,0.04483308258996515,6070
SRP19,0.04483282196441094,-0.04483282196441094,6071
TMEM63B,0.044828073685552396,-0.044828073685552396,6072
NEIL2,0.0448227213261783,0.0448227213261783,6073
DPPA2,0.04480943203849345,0.04480943203849345,6074
TIGD5,0.044804797216090285,0.044804797216090285,6075
CEP164,0.04479281996712725,0.04479281996712725,6076
HTR4,0.04475468243666016,0.04475468243666016,6077
ATP6V1D,0.044752220943133136,0.044752220943133136,6078
RHPN1,0.04474341935897591,0.04474341935897591,6079
RAB21,0.044740109959066146,-0.044740109959066146,6080
CAPRIN1,0.044740073729915175,-0.044740073729915175,6081
HMGN4,0.04472526845117531,0.04472526845117531,6082
TFCP2,0.04469372336837134,0.04469372336837134,6083
GCHFR,0.04469308571234844,-0.04469308571234844,6084
TPCN2,0.04466625759353391,0.04466625759353391,6085
RDH12,0.044665466016239205,0.044665466016239205,6086
WNK1,0.044646517265702707,0.044646517265702707,6087
EXOC2,0.044632776515495395,0.044632776515495395,6088
ANGEL2,0.04461512050680549,-0.04461512050680549,6089
BCS1L,0.044606881812745816,-0.044606881812745816,6090
LRRC6,0.04456963504460306,-0.04456963504460306,6091
XYLT2,0.044565760732137805,-0.044565760732137805,6092
PECAM1,0.044522620984505185,-0.044522620984505185,6093
SPEF1,0.044508549244457796,-0.044508549244457796,6094
TBC1D17,0.044470732426226456,0.044470732426226456,6095
SUMF1,0.044466892106763314,0.044466892106763314,6096
TLE6,0.04445347125515265,0.04445347125515265,6097
FECH,0.044444145974164836,0.044444145974164836,6098
TMEM219,0.04442620583209289,0.04442620583209289,6099
MAD2L2,0.044415662981178224,0.044415662981178224,6100
HNRNPH1,0.04438635559281702,0.04438635559281702,6101
SPON1,0.04438278729637543,-0.04438278729637543,6102
AKR1B1,0.04437818222868052,-0.04437818222868052,6103
TNFAIP1,0.044373700449688566,-0.044373700449688566,6104
SCP2,0.044365613272522066,-0.044365613272522066,6105
COL5A2,0.04432464885760949,0.04432464885760949,6106
RAB36,0.044321154906685964,-0.044321154906685964,6107
GSTM2,0.044301872370903536,-0.044301872370903536,6108
NUDT13,0.04429781098001955,0.04429781098001955,6109
FN1,0.04429583419814463,0.04429583419814463,6110
TRIM10,0.044293822487462234,-0.044293822487462234,6111
CPNE7,0.04429092546182679,-0.04429092546182679,6112
RBM33,0.044290699562093444,-0.044290699562093444,6113
PPTC7,0.04429010063842706,0.04429010063842706,6114
GDPD3,0.04427643274261601,-0.04427643274261601,6115
CDC27,0.04426681885515034,-0.04426681885515034,6116
C1orf112,0.04426656064610034,0.04426656064610034,6117
FBXO11,0.044255790887118555,0.044255790887118555,6118
TNNT1,0.0442470404237301,-0.0442470404237301,6119
HRC,0.04421433148844198,-0.04421433148844198,6120
GADD45GIP1,0.044205722104361314,0.044205722104361314,6121
MCRS1,0.04419604206720266,0.04419604206720266,6122
FOXP3,0.04419265650722327,0.04419265650722327,6123
APEX1,0.04418043102668103,0.04418043102668103,6124
STMN2,0.04416740190254972,-0.04416740190254972,6125
GGA1,0.04415591581524529,-0.04415591581524529,6126
METTL7B,0.04415199022716335,0.04415199022716335,6127
FOXJ3,0.04414261161052588,-0.04414261161052588,6128
SCN3B,0.0441373231127929,-0.0441373231127929,6129
CNNM2,0.04413398616921095,0.04413398616921095,6130
FERMT2,0.04412808201618535,-0.04412808201618535,6131
ITM2A,0.04412438391594411,0.04412438391594411,6132
TAF6,0.04411485383257456,0.04411485383257456,6133
GSDMB,0.04411446138662186,0.04411446138662186,6134
MORN5,0.044107438425814445,-0.044107438425814445,6135
MED1,0.04408726442666101,-0.04408726442666101,6136
PIWIL2,0.044083406143459285,-0.044083406143459285,6137
UGT2A3,0.04407198522307895,0.04407198522307895,6138
N4BP1,0.044054381392137076,0.044054381392137076,6139
KIAA2013,0.044045781472125206,0.044045781472125206,6140
LMBR1L,0.044042173234176224,-0.044042173234176224,6141
DR1,0.044041459130775513,0.044041459130775513,6142
GLYCTK,0.04403870285624125,-0.04403870285624125,6143
AHDC1,0.044038222994135685,0.044038222994135685,6144
NFATC4,0.044034670729239854,0.044034670729239854,6145
CD38,0.04403205597200811,-0.04403205597200811,6146
TRIP13,0.04401445946362362,-0.04401445946362362,6147
GPS2,0.04400095453067056,-0.04400095453067056,6148
SETMAR,0.043998494518769755,-0.043998494518769755,6149
BSG,0.04399288819360973,0.04399288819360973,6150
SLC4A3,0.043988394649034084,0.043988394649034084,6151
CXCL11,0.04398536565619834,0.04398536565619834,6152
ARHGAP9,0.043984759274911384,0.043984759274911384,6153
WDR70,0.04398128961117939,-0.04398128961117939,6154
PBK,0.04395936398791883,-0.04395936398791883,6155
DCTN3,0.04394317642998376,0.04394317642998376,6156
ZNF57,0.04393923633208553,0.04393923633208553,6157
WIPI2,0.043936152573944294,-0.043936152573944294,6158
USP18,0.043923960426178354,0.043923960426178354,6159
SEC24C,0.04392310646837699,-0.04392310646837699,6160
CCDC113,0.043921611671144965,0.043921611671144965,6161
SIVA1,0.04390680930886454,0.04390680930886454,6162
ADCY3,0.043891466850733016,-0.043891466850733016,6163
RIPPLY2,0.043878790068393944,-0.043878790068393944,6164
GRIA3,0.04387383500414972,0.04387383500414972,6165
PDHA1,0.04386871233076719,0.04386871233076719,6166
WDR25,0.04385748281873885,-0.04385748281873885,6167
DNAL1,0.04385581356581622,0.04385581356581622,6168
MARK2,0.04380064990727013,-0.04380064990727013,6169
PITPNM2,0.04379644070325459,0.04379644070325459,6170
PRDM1,0.0437913889639206,-0.0437913889639206,6171
NPHS2,0.04377258885977247,-0.04377258885977247,6172
SLC22A1,0.043770028969113986,-0.043770028969113986,6173
MTMR12,0.043759198496548544,0.043759198496548544,6174
KIN,0.04374768086224297,0.04374768086224297,6175
HEATR6,0.043740229998480686,0.043740229998480686,6176
SYT5,0.04373817961817558,-0.04373817961817558,6177
MMP9,0.043728540380864434,0.043728540380864434,6178
EIF2S3,0.043724914591656366,0.043724914591656366,6179
DQX1,0.04372405967717515,-0.04372405967717515,6180
PDE6A,0.043714618203111504,-0.043714618203111504,6181
SCG5,0.04371191169854886,-0.04371191169854886,6182
HUS1,0.0437059553849446,0.0437059553849446,6183
CIZ1,0.04369369270813988,0.04369369270813988,6184
SLC25A10,0.043689590316860226,-0.043689590316860226,6185
PGBD4,0.04367996989459537,-0.04367996989459537,6186
DDX3Y,0.04367332205885171,-0.04367332205885171,6187
UBQLN4,0.04365554066228202,-0.04365554066228202,6188
UMODL1,0.04365379199024418,0.04365379199024418,6189
MPI,0.04363150972654303,-0.04363150972654303,6190
GOT1,0.04360928433233976,0.04360928433233976,6191
NEUROG3,0.0436035164117458,-0.0436035164117458,6192
XAGE3,0.04360140173818698,-0.04360140173818698,6193
SERBP1,0.04360008333163807,0.04360008333163807,6194
TRAF3IP3,0.04359101410240894,0.04359101410240894,6195
IRF6,0.043589406681139906,-0.043589406681139906,6196
TTL,0.0435637341100612,-0.0435637341100612,6197
OR8G1,0.04356223710282066,0.04356223710282066,6198
NMUR2,0.04356168893492583,-0.04356168893492583,6199
KLF15,0.04354527632923229,0.04354527632923229,6200
CYTIP,0.0435421124354842,0.0435421124354842,6201
ABI1,0.04353687411746002,-0.04353687411746002,6202
SPG21,0.04352649227697073,-0.04352649227697073,6203
UBQLN2,0.04352375989404119,0.04352375989404119,6204
VDAC2,0.04349818105424381,0.04349818105424381,6205
C3orf38,0.04345443988921431,0.04345443988921431,6206
SLC34A1,0.04344706942277007,0.04344706942277007,6207
RFFL,0.04342979348886745,-0.04342979348886745,6208
C22orf23,0.043424302486516575,-0.043424302486516575,6209
TATDN2,0.04340971447760618,0.04340971447760618,6210
PDCL,0.0434003523906138,-0.0434003523906138,6211
DDX41,0.04339611362901869,-0.04339611362901869,6212
MAPK8,0.04339477702567429,0.04339477702567429,6213
SLC13A3,0.043387230153976906,0.043387230153976906,6214
NUP62,0.04337613290903634,0.04337613290903634,6215
CD209,0.04336254093216945,0.04336254093216945,6216
P4HTM,0.043358321007159036,-0.043358321007159036,6217
HNRNPH3,0.04335564731385097,0.04335564731385097,6218
ACSF3,0.043341981521187095,-0.043341981521187095,6219
SDHC,0.04333455525792345,0.04333455525792345,6220
BLMH,0.04332969514902127,-0.04332969514902127,6221
TRPV5,0.04332587898005753,0.04332587898005753,6222
DHCR24,0.04331921540855451,-0.04331921540855451,6223
TRIP11,0.04330640107702574,-0.04330640107702574,6224
GPR37L1,0.043296890561317844,-0.043296890561317844,6225
SDR39U1,0.0432940654033418,-0.0432940654033418,6226
SGPP1,0.04328345190296459,0.04328345190296459,6227
OSBPL5,0.04327814931906124,0.04327814931906124,6228
KCNMB1,0.04327805117711319,0.04327805117711319,6229
PFN1,0.04326611299155276,0.04326611299155276,6230
MRPL44,0.04325968294326266,-0.04325968294326266,6231
C6orf47,0.04325327748075296,0.04325327748075296,6232
OR8B8,0.04323980820564083,0.04323980820564083,6233
MTA1,0.04323821513890814,0.04323821513890814,6234
INO80E,0.04323131778724392,0.04323131778724392,6235
CD80,0.04322644729776788,0.04322644729776788,6236
SH2D1B,0.043210063408505556,-0.043210063408505556,6237
CSNK1G3,0.04319029116179498,0.04319029116179498,6238
SCN7A,0.043188320005514196,-0.043188320005514196,6239
DDB2,0.043181991877693955,-0.043181991877693955,6240
ZDHHC5,0.04316225726466277,-0.04316225726466277,6241
CPEB4,0.043160008232961164,0.043160008232961164,6242
RGSL1,0.04314701408210357,-0.04314701408210357,6243
MRPL2,0.04312353968849329,0.04312353968849329,6244
TGM7,0.04311677701418466,0.04311677701418466,6245
PAPLN,0.043088277408709776,0.043088277408709776,6246
GPATCH3,0.043082381661996814,-0.043082381661996814,6247
MS4A6A,0.04307194984904676,0.04307194984904676,6248
RPL22,0.04305498250587095,-0.04305498250587095,6249
ZNF354A,0.04304676744617574,0.04304676744617574,6250
TMC7,0.04304573885771341,0.04304573885771341,6251
SLC28A2,0.04304154037875557,-0.04304154037875557,6252
CSN1S1,0.04303758929617689,-0.04303758929617689,6253
RIMS2,0.04303338902880804,-0.04303338902880804,6254
ANKRD23,0.043020471192542965,0.043020471192542965,6255
ACAN,0.04302001653787719,-0.04302001653787719,6256
CDH11,0.04301116451626842,0.04301116451626842,6257
NRSN1,0.04299079294682682,-0.04299079294682682,6258
YTHDF2,0.04296043387171015,0.04296043387171015,6259
NT5E,0.04292956310529731,-0.04292956310529731,6260
ALS2CL,0.04292417601834552,-0.04292417601834552,6261
THUMPD2,0.04292405462697739,-0.04292405462697739,6262
ZNF592,0.04290541863759649,0.04290541863759649,6263
OSGEP,0.042898235758095885,-0.042898235758095885,6264
BHLHE22,0.042880221661674135,-0.042880221661674135,6265
TCEA1,0.04287779295665261,0.04287779295665261,6266
MRPL40,0.04286795224777643,0.04286795224777643,6267
BUB1,0.04286479493858946,0.04286479493858946,6268
CCDC149,0.042841026312114616,-0.042841026312114616,6269
TMC8,0.042825463266538064,0.042825463266538064,6270
ADNP2,0.042819134448577774,-0.042819134448577774,6271
SLC25A24,0.04281907513667804,-0.04281907513667804,6272
SELL,0.04280634989937906,0.04280634989937906,6273
RNF138,0.04280005140447426,0.04280005140447426,6274
LRIG2,0.04279641190019766,-0.04279641190019766,6275
WDR19,0.04278280359150935,0.04278280359150935,6276
ZNF516,0.04277239553877019,0.04277239553877019,6277
FANCB,0.042749258274461355,-0.042749258274461355,6278
SLC16A6,0.04273507810088078,-0.04273507810088078,6279
ECE1,0.04272951019126093,-0.04272951019126093,6280
SF3B3,0.04272806825988783,-0.04272806825988783,6281
SFMBT1,0.04269864379466531,0.04269864379466531,6282
TMPO,0.04269756779989211,0.04269756779989211,6283
EIF1AX,0.042695602181146985,-0.042695602181146985,6284
BMX,0.04267000643194515,0.04267000643194515,6285
CHSY1,0.04263821059859521,0.04263821059859521,6286
FGD5,0.04262985890162221,-0.04262985890162221,6287
NT5C1A,0.04260217641714264,0.04260217641714264,6288
ZNF253,0.04259253687100449,0.04259253687100449,6289
IL11,0.04257016323136111,0.04257016323136111,6290
INTS4,0.042540298797808775,-0.042540298797808775,6291
CD7,0.04253172886554065,-0.04253172886554065,6292
HEATR1,0.04252853501039474,0.04252853501039474,6293
CCNY,0.04252277202053168,-0.04252277202053168,6294
RBM28,0.042501072015756966,0.042501072015756966,6295
ADD3,0.04248715106371654,-0.04248715106371654,6296
TNF,0.04248654474025926,0.04248654474025926,6297
MALL,0.04248184508114759,-0.04248184508114759,6298
EPN3,0.04247437259005247,-0.04247437259005247,6299
CSGALNACT1,0.042471699184506,-0.042471699184506,6300
STAB2,0.04245393271525126,0.04245393271525126,6301
STARD13,0.04244772002663361,0.04244772002663361,6302
TTPAL,0.04244156845310087,-0.04244156845310087,6303
MRPL20,0.04242946021684079,-0.04242946021684079,6304
SLC29A2,0.042429206858559575,-0.042429206858559575,6305
TRIM65,0.04241983398265507,-0.04241983398265507,6306
TLX3,0.04240692093207032,0.04240692093207032,6307
ASPH,0.042404570124195774,0.042404570124195774,6308
CFI,0.042402894294961455,0.042402894294961455,6309
FDPS,0.04240110700372997,-0.04240110700372997,6310
SVOPL,0.04238713532100735,0.04238713532100735,6311
ABCC2,0.04238690877030886,-0.04238690877030886,6312
XRN2,0.04238492813577109,0.04238492813577109,6313
SIRT4,0.042363629383015494,-0.042363629383015494,6314
CCL21,0.04236285696131922,-0.04236285696131922,6315
TMEM25,0.04232966772656658,-0.04232966772656658,6316
AK3,0.04230655864898621,-0.04230655864898621,6317
ARMCX5,0.042299144260755046,-0.042299144260755046,6318
MAP3K15,0.04229589808895849,-0.04229589808895849,6319
SLC26A11,0.042283461859923585,-0.042283461859923585,6320
PEA15,0.04227287620388811,0.04227287620388811,6321
RCOR1,0.04226228792855024,-0.04226228792855024,6322
IQGAP3,0.04225682126283564,0.04225682126283564,6323
ASCL1,0.042224578895215095,-0.042224578895215095,6324
NFS1,0.042176861239567376,-0.042176861239567376,6325
GPATCH1,0.04215976938561766,-0.04215976938561766,6326
PDPK1,0.04215901830650945,-0.04215901830650945,6327
NIPSNAP3B,0.04215575215963578,-0.04215575215963578,6328
AMD1,0.04214248125008671,-0.04214248125008671,6329
TEKT1,0.04213981405484953,-0.04213981405484953,6330
BAIAP2L2,0.04213677043966702,-0.04213677043966702,6331
LPAR1,0.04211116922588717,-0.04211116922588717,6332
DAXX,0.042102691510363506,-0.042102691510363506,6333
SAR1B,0.04209919230211151,0.04209919230211151,6334
ARHGEF12,0.04208971532330738,0.04208971532330738,6335
CCHCR1,0.042085612440387145,-0.042085612440387145,6336
SHKBP1,0.042085458152414594,0.042085458152414594,6337
HOXD10,0.042072940422570836,0.042072940422570836,6338
MPND,0.042071398172361475,0.042071398172361475,6339
PRDX4,0.04206977807002047,0.04206977807002047,6340
APBA2,0.04203795820726404,-0.04203795820726404,6341
RAB3GAP2,0.0419990977777396,0.0419990977777396,6342
LIG4,0.04199872961461664,-0.04199872961461664,6343
B4GALNT4,0.04198806644520148,0.04198806644520148,6344
AKAP13,0.04198437605468879,-0.04198437605468879,6345
POLE3,0.041959800289372295,0.041959800289372295,6346
IER2,0.0419499861087039,-0.0419499861087039,6347
SEC31A,0.041931966674829776,0.041931966674829776,6348
ZNF555,0.0419244825910485,-0.0419244825910485,6349
TIMM23,0.04192062589007412,-0.04192062589007412,6350
RHOT2,0.04191991856677011,-0.04191991856677011,6351
CUTA,0.04191341681248486,0.04191341681248486,6352
MBD2,0.04191129848562529,0.04191129848562529,6353
TBC1D13,0.04190360036585829,-0.04190360036585829,6354
TNFRSF10A,0.041852644278638405,-0.041852644278638405,6355
CCDC14,0.04183673825653582,-0.04183673825653582,6356
STEAP1,0.041831288096592145,0.041831288096592145,6357
GBP4,0.04182231909139256,-0.04182231909139256,6358
VTI1A,0.04181970738492858,0.04181970738492858,6359
YPEL3,0.041806090013359554,-0.041806090013359554,6360
FCRL4,0.041798662652365925,0.041798662652365925,6361
REV1,0.04177808047919568,0.04177808047919568,6362
CAB39,0.04176197230504757,-0.04176197230504757,6363
MAP3K3,0.04176093813775093,0.04176093813775093,6364
SEC23B,0.041743083605516866,0.041743083605516866,6365
CUTC,0.04174169497471461,0.04174169497471461,6366
HCLS1,0.04172852363575444,0.04172852363575444,6367
CD9,0.04171812214321158,-0.04171812214321158,6368
NPR2,0.041717848088192615,0.041717848088192615,6369
ZNF221,0.04171065470345054,0.04171065470345054,6370
SLC22A6,0.041708345791310705,-0.041708345791310705,6371
PLXNB1,0.041683207420574284,-0.041683207420574284,6372
SCN8A,0.04167279856307967,-0.04167279856307967,6373
NKIRAS2,0.04167005487320374,0.04167005487320374,6374
PLXDC2,0.041644015845985954,-0.041644015845985954,6375
MMRN2,0.04163797274571426,0.04163797274571426,6376
PI4K2A,0.04163263039688791,-0.04163263039688791,6377
GNRH2,0.041625032531054,0.041625032531054,6378
JRK,0.04159580991055049,0.04159580991055049,6379
UPK1A,0.04159499537245335,0.04159499537245335,6380
TMPRSS5,0.04159089146360427,0.04159089146360427,6381
LSAMP,0.04158162075587878,-0.04158162075587878,6382
GAR1,0.041576314272533374,0.041576314272533374,6383
CTDSP2,0.041565665043865975,-0.041565665043865975,6384
HIVEP1,0.041562718916908374,0.041562718916908374,6385
MYEF2,0.04155339143714391,-0.04155339143714391,6386
LYZL1,0.0415471830364279,0.0415471830364279,6387
LRPAP1,0.041534746580347934,-0.041534746580347934,6388
FOLR2,0.04152429421910446,0.04152429421910446,6389
CSTB,0.0415230440560572,0.0415230440560572,6390
RBM12,0.04151934684739696,-0.04151934684739696,6391
C4orf46,0.04151561177864713,-0.04151561177864713,6392
FHL1,0.04151398835902495,-0.04151398835902495,6393
ACADVL,0.04150823403437217,0.04150823403437217,6394
RFK,0.0414972395627604,-0.0414972395627604,6395
RBM24,0.04149161291182613,-0.04149161291182613,6396
MCCC2,0.04148705532701985,0.04148705532701985,6397
NDUFAF2,0.04148311500654561,0.04148311500654561,6398
HMBOX1,0.04147651748639461,0.04147651748639461,6399
COTL1,0.04147628727289112,0.04147628727289112,6400
APOOL,0.04146925735774288,-0.04146925735774288,6401
LRRC19,0.041466060500153445,0.041466060500153445,6402
TTC30B,0.0414647764204261,0.0414647764204261,6403
ZMAT1,0.04146123702398454,0.04146123702398454,6404
NFYB,0.041457551112570365,0.041457551112570365,6405
RRAGB,0.04145440069789794,-0.04145440069789794,6406
CRHR1,0.041452749937383654,-0.041452749937383654,6407
F5,0.0414464653694988,0.0414464653694988,6408
FUS,0.041417692359106154,0.041417692359106154,6409
TMEM134,0.041410496660673604,-0.041410496660673604,6410
ABCC10,0.041403204995380985,0.041403204995380985,6411
GLRX5,0.041382311437647076,-0.041382311437647076,6412
YWHAE,0.04136891580221866,0.04136891580221866,6413
CEACAM4,0.04136551943550716,0.04136551943550716,6414
ARHGDIB,0.041365167764935235,-0.041365167764935235,6415
CREM,0.04136190271508593,-0.04136190271508593,6416
PIGB,0.04134400102048158,-0.04134400102048158,6417
SLC7A13,0.04130113404812648,-0.04130113404812648,6418
KCNH6,0.04129230417902482,0.04129230417902482,6419
PARP9,0.04127729287076208,-0.04127729287076208,6420
FGFR4,0.04127675055529562,-0.04127675055529562,6421
POLK,0.04126416768799381,-0.04126416768799381,6422
GAMT,0.041251601750029676,-0.041251601750029676,6423
RAB31,0.04123680777240729,0.04123680777240729,6424
OR2C3,0.0412225298998279,0.0412225298998279,6425
FAM8A1,0.041215474366471876,-0.041215474366471876,6426
EPOR,0.04120266484586498,-0.04120266484586498,6427
TPM4,0.041194930925878254,0.041194930925878254,6428
MAEA,0.041188649741391414,0.041188649741391414,6429
OTC,0.04118521498140139,0.04118521498140139,6430
CBX3,0.04117873571735885,-0.04117873571735885,6431
SRI,0.041172124333052215,-0.041172124333052215,6432
TNK2,0.04117147204087966,0.04117147204087966,6433
FGD6,0.0411707483933703,-0.0411707483933703,6434
MCTS1,0.041157631014657164,-0.041157631014657164,6435
CMTM6,0.0411498027395542,-0.0411498027395542,6436
GPR78,0.04114720299123286,-0.04114720299123286,6437
MAPK11,0.041126452643532645,-0.041126452643532645,6438
ZNF671,0.041117056118446065,-0.041117056118446065,6439
CORO2B,0.04111427182306062,-0.04111427182306062,6440
ALG2,0.04111417409230276,0.04111417409230276,6441
ZNF114,0.04111049092611019,0.04111049092611019,6442
POLD2,0.04109055248380141,-0.04109055248380141,6443
CXCR3,0.041084503344645536,0.041084503344645536,6444
CKAP5,0.041084292291505994,-0.041084292291505994,6445
FRY,0.041082426168196254,0.041082426168196254,6446
CD300LG,0.041061679549359915,-0.041061679549359915,6447
SLITRK2,0.041056678711798196,0.041056678711798196,6448
KCTD10,0.04103499819007515,-0.04103499819007515,6449
PDZK1,0.041034959521299964,-0.041034959521299964,6450
C3orf20,0.04103213919366705,-0.04103213919366705,6451
KCNJ8,0.041028982233273954,-0.041028982233273954,6452
HEATR3,0.04102184156060334,-0.04102184156060334,6453
BRI3BP,0.041019905001930916,0.041019905001930916,6454
UTP20,0.04099069756458811,-0.04099069756458811,6455
GZMB,0.04097814221975524,0.04097814221975524,6456
HSD11B1,0.040966952974445386,-0.040966952974445386,6457
RASL11B,0.04096265113665709,-0.04096265113665709,6458
BRD8,0.040959558448130214,-0.040959558448130214,6459
CRISP2,0.04095740100619186,-0.04095740100619186,6460
TRUB2,0.04094576953298166,-0.04094576953298166,6461
RPL26L1,0.04093125737869009,-0.04093125737869009,6462
SEC11A,0.04087391112461914,-0.04087391112461914,6463
ZNF572,0.04086868466313334,0.04086868466313334,6464
EP300,0.04086544267286457,0.04086544267286457,6465
DLGAP5,0.04085736585282435,0.04085736585282435,6466
GRIPAP1,0.040847411517188216,0.040847411517188216,6467
RASGRF1,0.040844525932446106,-0.040844525932446106,6468
SHANK3,0.04084219836456328,0.04084219836456328,6469
GABRA1,0.04083697527416842,-0.04083697527416842,6470
CRMP1,0.04083284516916328,0.04083284516916328,6471
MAPK1IP1L,0.04083166425656291,0.04083166425656291,6472
ENTPD1,0.040826792144036825,0.040826792144036825,6473
KAT5,0.04080865257551185,0.04080865257551185,6474
FGD2,0.04079793931651147,-0.04079793931651147,6475
TLR10,0.04078874410800097,0.04078874410800097,6476
SETBP1,0.04078679976202603,0.04078679976202603,6477
KANK1,0.04076943157641389,-0.04076943157641389,6478
CACNG5,0.040764861785656845,-0.040764861785656845,6479
PIK3CB,0.040758592345998816,0.040758592345998816,6480
SDF4,0.040745563773869994,-0.040745563773869994,6481
C8A,0.04073153487641827,-0.04073153487641827,6482
AMZ2,0.040731153920251194,0.040731153920251194,6483
PML,0.0407187166117692,0.0407187166117692,6484
SLC5A9,0.04069608554929421,-0.04069608554929421,6485
DHRS12,0.04069276038638729,0.04069276038638729,6486
RPS11,0.040668151651881576,0.040668151651881576,6487
POLM,0.040665949225115496,0.040665949225115496,6488
CLN6,0.04065068841663729,0.04065068841663729,6489
PIAS1,0.04065062677286097,-0.04065062677286097,6490
DEFB119,0.040645948369821785,0.040645948369821785,6491
SERINC1,0.040645708322455974,-0.040645708322455974,6492
LMAN1,0.04063555599095156,-0.04063555599095156,6493
C16orf87,0.04063218884539036,-0.04063218884539036,6494
NCR3,0.040614858962909305,0.040614858962909305,6495
APOL5,0.040602407017824214,-0.040602407017824214,6496
AMHR2,0.040585751758065815,-0.040585751758065815,6497
GPC3,0.04057051589948834,0.04057051589948834,6498
CASK,0.04057037592877965,-0.04057037592877965,6499
TMEM19,0.040568568824267875,0.040568568824267875,6500
C5orf46,0.04055047699459528,-0.04055047699459528,6501
TXNDC9,0.04053644693459144,-0.04053644693459144,6502
IL17RC,0.04053592418193338,-0.04053592418193338,6503
PARS2,0.04052573892554332,0.04052573892554332,6504
TCP11L1,0.04051716717355802,0.04051716717355802,6505
GYG2,0.040512275515466226,-0.040512275515466226,6506
ANXA7,0.040510046535925034,0.040510046535925034,6507
AVEN,0.04050279176044902,0.04050279176044902,6508
MRPS36,0.04048449307908605,0.04048449307908605,6509
CHRNB3,0.04048330082106212,0.04048330082106212,6510
ZNF775,0.040468848772671186,0.040468848772671186,6511
PPA2,0.040463532057864314,-0.040463532057864314,6512
TRPV2,0.04045984270335156,-0.04045984270335156,6513
JRKL,0.04044248911743665,0.04044248911743665,6514
TIMP2,0.040441859910488515,-0.040441859910488515,6515
CD34,0.04043532366362489,-0.04043532366362489,6516
ALDH6A1,0.04043519463121298,0.04043519463121298,6517
LGALS8,0.04041780409112784,0.04041780409112784,6518
ACTR5,0.04041657619827862,-0.04041657619827862,6519
SMPD3,0.04040409413209375,0.04040409413209375,6520
TFB1M,0.04039743295653226,-0.04039743295653226,6521
RPL14,0.040393330257646215,-0.040393330257646215,6522
SLC10A1,0.040392626108671933,-0.040392626108671933,6523
RIOK1,0.040392561161495574,0.040392561161495574,6524
BAZ2B,0.040389819570547526,0.040389819570547526,6525
EFHC2,0.04038332189795599,-0.04038332189795599,6526
TEKT2,0.04036912814252907,-0.04036912814252907,6527
COX8A,0.04036630386291054,0.04036630386291054,6528
CARD10,0.04036316628949635,0.04036316628949635,6529
KREMEN1,0.040357717583599975,0.040357717583599975,6530
NME4,0.04035061583227133,-0.04035061583227133,6531
ESPL1,0.040322632284613545,-0.040322632284613545,6532
ZNF438,0.040309326730386216,0.040309326730386216,6533
ZNF382,0.040298363774150484,0.040298363774150484,6534
CCDC134,0.04027374873384329,-0.04027374873384329,6535
RCAN3,0.040251322270672775,0.040251322270672775,6536
PSMD2,0.04024761644224284,-0.04024761644224284,6537
DGCR2,0.04023819163093713,-0.04023819163093713,6538
FCGR2A,0.04023522182341245,0.04023522182341245,6539
PSMC3,0.0402251151095503,0.0402251151095503,6540
RPS23,0.04021816009938757,-0.04021816009938757,6541
TRAP1,0.04019795278650189,0.04019795278650189,6542
RPL10,0.04019300980171186,0.04019300980171186,6543
UBQLN1,0.04012976042400552,0.04012976042400552,6544
ZNF8,0.0401283058433323,-0.0401283058433323,6545
SOS2,0.04010524737476002,-0.04010524737476002,6546
TH,0.04009311415677978,-0.04009311415677978,6547
SLC6A15,0.04008473686866854,-0.04008473686866854,6548
PDCL2,0.04008469748369009,-0.04008469748369009,6549
DCUN1D3,0.04005484217088025,-0.04005484217088025,6550
MRM1,0.0400496963288644,-0.0400496963288644,6551
PHF23,0.04004257023542579,0.04004257023542579,6552
MEGF11,0.04002999259986221,-0.04002999259986221,6553
ABLIM3,0.04002688624592323,-0.04002688624592323,6554
GCLM,0.04002411343395217,-0.04002411343395217,6555
RPL39L,0.040019092703481376,-0.040019092703481376,6556
CHST4,0.04001705956154265,0.04001705956154265,6557
CACNG7,0.04000532957549792,-0.04000532957549792,6558
LSM2,0.03997839146444869,0.03997839146444869,6559
ZNF501,0.03997834956980598,-0.03997834956980598,6560
C9,0.03997750424790512,0.03997750424790512,6561
PUM2,0.039970507497275154,-0.039970507497275154,6562
COMT,0.03996910670197521,-0.03996910670197521,6563
SGCZ,0.03994678552298631,-0.03994678552298631,6564
MARCO,0.03993912000129099,0.03993912000129099,6565
PRND,0.0399352355681404,-0.0399352355681404,6566
CTBP1,0.0399278730240548,0.0399278730240548,6567
NLE1,0.03992371415798598,-0.03992371415798598,6568
CAPN10,0.03992329635856896,-0.03992329635856896,6569
RASA1,0.03991879999186092,0.03991879999186092,6570
APBA3,0.039904579733475096,0.039904579733475096,6571
TAF12,0.03989920804975642,-0.03989920804975642,6572
TNS1,0.03988337854319617,0.03988337854319617,6573
EBI3,0.039883360092849166,-0.039883360092849166,6574
POMGNT1,0.03986865457023438,-0.03986865457023438,6575
ERCC1,0.0398569176032368,0.0398569176032368,6576
MYO1A,0.039848543155622314,-0.039848543155622314,6577
ADI1,0.039848540704238065,0.039848540704238065,6578
GJD2,0.03984711375752533,0.03984711375752533,6579
SLC22A12,0.039846141421458994,-0.039846141421458994,6580
INO80B,0.039845279905415434,0.039845279905415434,6581
NDUFA7,0.03984494588760621,0.03984494588760621,6582
ALOX12B,0.03983524433290656,-0.03983524433290656,6583
PA2G4,0.039826847748027104,0.039826847748027104,6584
AKAP9,0.03981649178780974,0.03981649178780974,6585
AGRN,0.039806378795696026,0.039806378795696026,6586
DAGLA,0.03980122951114634,0.03980122951114634,6587
MRRF,0.03979268749628295,-0.03979268749628295,6588
DCUN1D1,0.039792220291537825,0.039792220291537825,6589
PRSS22,0.039764997460392235,0.039764997460392235,6590
NBPF3,0.03976125993204401,-0.03976125993204401,6591
LUZP1,0.03974605625765284,-0.03974605625765284,6592
STRN4,0.03974564233392861,-0.03974564233392861,6593
LXN,0.03969165782130355,0.03969165782130355,6594
MRPS17,0.03969114188631569,0.03969114188631569,6595
PSMD10,0.03967968955537815,0.03967968955537815,6596
ISOC2,0.039678108204346633,0.039678108204346633,6597
OTUD3,0.039643740892002115,-0.039643740892002115,6598
AP2B1,0.03962469169900844,-0.03962469169900844,6599
SS18,0.03962117169592347,0.03962117169592347,6600
TK1,0.03961262189320701,0.03961262189320701,6601
TMEM101,0.03960954168111525,-0.03960954168111525,6602
TSG101,0.03960751050413589,0.03960751050413589,6603
ITGB7,0.03960742852516078,0.03960742852516078,6604
MC5R,0.039598749986667035,0.039598749986667035,6605
AGGF1,0.03959102067480007,-0.03959102067480007,6606
FBXL13,0.03956552979198264,0.03956552979198264,6607
NCAPG,0.0395616545669537,0.0395616545669537,6608
TAS2R50,0.03955501450529327,0.03955501450529327,6609
CYP24A1,0.039547251937429105,-0.039547251937429105,6610
ADD1,0.03952549112702735,-0.03952549112702735,6611
ICMT,0.039510520228361795,0.039510520228361795,6612
SNAP29,0.039501020112340385,0.039501020112340385,6613
SCCPDH,0.03948910896954886,0.03948910896954886,6614
DGKH,0.03947728248712217,-0.03947728248712217,6615
TNFRSF21,0.03946515387679133,0.03946515387679133,6616
NLRC4,0.03946473179261443,-0.03946473179261443,6617
DERL2,0.03945791939636303,-0.03945791939636303,6618
RRAGD,0.03944284725738008,-0.03944284725738008,6619
CHST5,0.03943815478818592,-0.03943815478818592,6620
HPCAL1,0.03943535161615418,0.03943535161615418,6621
GLP2R,0.03942094064257411,0.03942094064257411,6622
TTC27,0.0393838650400726,-0.0393838650400726,6623
NMT1,0.03935475340372847,0.03935475340372847,6624
DBP,0.03935068662189344,0.03935068662189344,6625
TJAP1,0.039325270422807417,0.039325270422807417,6626
WNT8A,0.03932379244144843,0.03932379244144843,6627
RBKS,0.0393069866015657,-0.0393069866015657,6628
ZNF574,0.039306868530015894,0.039306868530015894,6629
SNTB1,0.03929800533095827,-0.03929800533095827,6630
TRIP10,0.03929591988086333,-0.03929591988086333,6631
TMOD3,0.03928891883253474,0.03928891883253474,6632
JUNB,0.03928708122541059,-0.03928708122541059,6633
HK1,0.039278361637768114,-0.039278361637768114,6634
CLEC14A,0.03927791059542565,-0.03927791059542565,6635
PGM2,0.03926911711722652,0.03926911711722652,6636
PPP3CA,0.03926371160465582,-0.03926371160465582,6637
MRFAP1L1,0.039259031156446335,-0.039259031156446335,6638
DISC1,0.039246629646633155,-0.039246629646633155,6639
MPHOSPH6,0.03923650904753866,-0.03923650904753866,6640
GCLC,0.03921955606359086,0.03921955606359086,6641
ANAPC4,0.039207320232688005,-0.039207320232688005,6642
PDE6D,0.03918445270309446,-0.03918445270309446,6643
UST,0.039166389129329814,0.039166389129329814,6644
GDI1,0.03916524307823376,0.03916524307823376,6645
DHRS2,0.03916234252054165,-0.03916234252054165,6646
PLEK,0.03915006555360793,0.03915006555360793,6647
ENPP6,0.039114764206370584,0.039114764206370584,6648
FAM120A,0.03911142981256412,-0.03911142981256412,6649
GINS1,0.03910799797982266,-0.03910799797982266,6650
PPP2R2D,0.039102887856462154,-0.039102887856462154,6651
ADAMTS19,0.03909888406537265,-0.03909888406537265,6652
RPN1,0.0390949492303706,0.0390949492303706,6653
TAS1R1,0.03908347756055601,0.03908347756055601,6654
TACR2,0.039065065102801305,-0.039065065102801305,6655
LEMD3,0.03906350990166032,-0.03906350990166032,6656
GRIK3,0.039063260825768435,-0.039063260825768435,6657
FRMD5,0.03904145907596042,0.03904145907596042,6658
HGS,0.03902985396917115,-0.03902985396917115,6659
IREB2,0.03901539226532062,0.03901539226532062,6660
DNAJC17,0.03901443096205527,-0.03901443096205527,6661
NOP16,0.03900817380122681,-0.03900817380122681,6662
BTN2A2,0.039005862991507864,-0.039005862991507864,6663
ZNF462,0.03900034275061525,0.03900034275061525,6664
PADI4,0.038988642451470226,-0.038988642451470226,6665
MRGPRX4,0.03898015015436546,0.03898015015436546,6666
EIF4ENIF1,0.03897739509734189,0.03897739509734189,6667
CNNM3,0.03893005205999256,-0.03893005205999256,6668
SNX5,0.038929114150809956,-0.038929114150809956,6669
SLC9A1,0.03891969075799769,0.03891969075799769,6670
RNF20,0.03891369725928073,0.03891369725928073,6671
OAT,0.03890748005955669,-0.03890748005955669,6672
ZYX,0.038898446697132015,0.038898446697132015,6673
SLIT1,0.03887475709485014,-0.03887475709485014,6674
RARB,0.0388361036713338,0.0388361036713338,6675
CTNNBL1,0.03882179681408883,0.03882179681408883,6676
TGIF1,0.038815483945796425,0.038815483945796425,6677
POLR1B,0.0388109142384955,-0.0388109142384955,6678
SLC26A8,0.03879794691117397,0.03879794691117397,6679
ATF1,0.038790895590689906,0.038790895590689906,6680
MCTP1,0.038766852827941185,-0.038766852827941185,6681
PPP2R2A,0.03876288280136795,-0.03876288280136795,6682
RAB40C,0.038732232762106834,-0.038732232762106834,6683
WDR41,0.03872659148176909,-0.03872659148176909,6684
RNF166,0.038703018515600235,-0.038703018515600235,6685
UBE2H,0.038702942029246755,-0.038702942029246755,6686
AFTPH,0.03869923434382496,-0.03869923434382496,6687
ZNF331,0.038690664272723115,-0.038690664272723115,6688
RBBP9,0.0386653221846204,-0.0386653221846204,6689
SERPINH1,0.038643911313659574,-0.038643911313659574,6690
CRYAA,0.03863237232938395,-0.03863237232938395,6691
PINK1,0.03861680442701994,-0.03861680442701994,6692
SYNGR2,0.03859334628031486,0.03859334628031486,6693
APOE,0.03858137679971353,0.03858137679971353,6694
RGL2,0.03857622654802335,-0.03857622654802335,6695
NDUFA1,0.038570930593883154,0.038570930593883154,6696
LIG3,0.03856029690990734,0.03856029690990734,6697
CLDND1,0.03856000988418942,0.03856000988418942,6698
PRM2,0.038549625030105256,-0.038549625030105256,6699
SLC39A5,0.038518001946192704,-0.038518001946192704,6700
P2RX2,0.038513385659804694,-0.038513385659804694,6701
MORF4L1,0.038495775676717,0.038495775676717,6702
TAP2,0.03848707202797553,0.03848707202797553,6703
CABYR,0.03848674269150509,-0.03848674269150509,6704
PIWIL4,0.0384674931132761,0.0384674931132761,6705
FAM71F1,0.03845894689362699,-0.03845894689362699,6706
HERC6,0.038455956146206144,0.038455956146206144,6707
EDEM1,0.03844657527550812,-0.03844657527550812,6708
GCC1,0.03842106565689683,-0.03842106565689683,6709
BBS12,0.038391330303845096,0.038391330303845096,6710
PIH1D2,0.03839117479842838,-0.03839117479842838,6711
NCL,0.038347144427275714,0.038347144427275714,6712
GALNT11,0.03834267652506116,0.03834267652506116,6713
MTCP1,0.03834029938229553,-0.03834029938229553,6714
NCOA3,0.03833388353430839,-0.03833388353430839,6715
CIB1,0.03832440418217406,0.03832440418217406,6716
TBKBP1,0.03832005818576623,0.03832005818576623,6717
PLA2G6,0.03828965753897439,0.03828965753897439,6718
POU6F2,0.03828864271121234,0.03828864271121234,6719
ITGB2,0.038283727743594204,-0.038283727743594204,6720
BLVRA,0.038261426272468625,-0.038261426272468625,6721
ZNF232,0.03824756753178652,0.03824756753178652,6722
SPHK1,0.03824280486812639,0.03824280486812639,6723
MED26,0.038240639403704556,0.038240639403704556,6724
SAP30BP,0.03823627965710312,0.03823627965710312,6725
UIMC1,0.03823343015644759,-0.03823343015644759,6726
ZNF223,0.038212926412914835,0.038212926412914835,6727
RPL10L,0.038212851516214445,0.038212851516214445,6728
GTPBP4,0.03821045318800472,-0.03821045318800472,6729
BCKDHA,0.03819540031712675,0.03819540031712675,6730
SLC30A5,0.038189422195981045,-0.038189422195981045,6731
TFEC,0.03815341512359316,-0.03815341512359316,6732
KRT4,0.0381495922244513,-0.0381495922244513,6733
CEBPA,0.038134561767915534,-0.038134561767915534,6734
TALDO1,0.03812787350910607,0.03812787350910607,6735
NCAPD2,0.038127504463826914,0.038127504463826914,6736
SP5,0.03812566117470293,0.03812566117470293,6737
LEAP2,0.03812471431031273,-0.03812471431031273,6738
ACTL7A,0.03812027781306778,-0.03812027781306778,6739
USP11,0.03811227485258547,-0.03811227485258547,6740
NFKBIA,0.03810011386477057,-0.03810011386477057,6741
NHP2,0.03809090224359697,-0.03809090224359697,6742
ARHGAP21,0.038087650580301585,-0.038087650580301585,6743
RMND5A,0.0380771647626038,0.0380771647626038,6744
CDX2,0.03807222935392785,0.03807222935392785,6745
MOSPD3,0.03806084938913855,-0.03806084938913855,6746
ZNF607,0.03805678376284363,0.03805678376284363,6747
CLDN15,0.038048893677772054,0.038048893677772054,6748
UVRAG,0.03804282543768893,-0.03804282543768893,6749
U2AF2,0.03801863513011441,0.03801863513011441,6750
ALG12,0.038012465198812774,0.038012465198812774,6751
PRAME,0.03800142241042514,0.03800142241042514,6752
MRPL12,0.03797686151831831,0.03797686151831831,6753
PTGIR,0.037967009893358786,0.037967009893358786,6754
S100A13,0.03796107686196374,0.03796107686196374,6755
ZNF211,0.03795220218837315,-0.03795220218837315,6756
ANKRD2,0.03794974485329482,-0.03794974485329482,6757
MYOD1,0.037945184790806864,0.037945184790806864,6758
C15orf40,0.037944275277402184,0.037944275277402184,6759
TBC1D20,0.03793839658923868,0.03793839658923868,6760
MTAP,0.03793788104489454,0.03793788104489454,6761
DPP3,0.03787535280981047,-0.03787535280981047,6762
CNKSR2,0.037857837317371044,-0.037857837317371044,6763
SENP5,0.03785437807274889,0.03785437807274889,6764
LSM1,0.03784747639201994,0.03784747639201994,6765
COQ7,0.03783608409973616,-0.03783608409973616,6766
PMM2,0.037834977933091075,-0.037834977933091075,6767
ASXL2,0.037829154595713954,0.037829154595713954,6768
UNC5C,0.03782410547786629,-0.03782410547786629,6769
SRFBP1,0.03781860417868251,0.03781860417868251,6770
ZNF157,0.037813548434576655,-0.037813548434576655,6771
POU1F1,0.03781328535551282,-0.03781328535551282,6772
ELAC2,0.037804038250863994,-0.037804038250863994,6773
GADD45B,0.03776167625141929,-0.03776167625141929,6774
PABPC1,0.03775242837641589,-0.03775242837641589,6775
RGS3,0.03773949127956146,-0.03773949127956146,6776
SH3GLB1,0.037735665010327386,-0.037735665010327386,6777
GFOD2,0.03772683664273605,0.03772683664273605,6778
ITGAE,0.037724963787077424,-0.037724963787077424,6779
ACADS,0.03772357132966845,0.03772357132966845,6780
EFTUD2,0.037707029463253154,0.037707029463253154,6781
NFE2L1,0.037673510454171055,-0.037673510454171055,6782
SEC31B,0.03766329974210904,-0.03766329974210904,6783
RTBDN,0.037658409118721925,0.037658409118721925,6784
CARD11,0.03764335136351051,-0.03764335136351051,6785
C15orf39,0.037634868397249444,-0.037634868397249444,6786
MRPS2,0.03763344952978693,-0.03763344952978693,6787
SMG5,0.03763165662082347,-0.03763165662082347,6788
AIFM1,0.03762225707292439,-0.03762225707292439,6789
SOCS1,0.03762053061142405,-0.03762053061142405,6790
POLRMT,0.037619511306827814,-0.037619511306827814,6791
CLCF1,0.03757220468496236,0.03757220468496236,6792
NUMA1,0.03756590426096595,-0.03756590426096595,6793
TRIP6,0.03756284321024867,0.03756284321024867,6794
TNIP1,0.03753130162422822,0.03753130162422822,6795
CDC5L,0.03752202637919013,-0.03752202637919013,6796
GMPR2,0.03751542950215695,-0.03751542950215695,6797
GML,0.037515302804594704,-0.037515302804594704,6798
HOXA6,0.037512624467490846,0.037512624467490846,6799
GPR137,0.037509272984210675,0.037509272984210675,6800
PIK3R5,0.03750428338782997,0.03750428338782997,6801
NSMCE1,0.03749489684059424,-0.03749489684059424,6802
AGL,0.03748607131286309,-0.03748607131286309,6803
MGST3,0.0374660442516025,-0.0374660442516025,6804
SPNS1,0.03742357574910366,0.03742357574910366,6805
ZNF580,0.03741069879604492,0.03741069879604492,6806
C1QTNF7,0.03737076646805594,0.03737076646805594,6807
CRYZL1,0.03736179870492929,-0.03736179870492929,6808
PPP1R11,0.03735821629005016,0.03735821629005016,6809
ACVR2A,0.03735193181090883,-0.03735193181090883,6810
RASAL3,0.037341275028223826,0.037341275028223826,6811
PRRT3,0.037336749089333696,-0.037336749089333696,6812
SCN9A,0.037325556630868374,-0.037325556630868374,6813
VNN3,0.03731291045571927,-0.03731291045571927,6814
R3HDM2,0.03726793002166398,0.03726793002166398,6815
ATP1B3,0.037267081744414766,0.037267081744414766,6816
NUP93,0.03726369601346606,-0.03726369601346606,6817
NR1H2,0.03726337955581054,-0.03726337955581054,6818
MED31,0.03725238451379304,-0.03725238451379304,6819
KERA,0.03724486227210194,-0.03724486227210194,6820
GSDMC,0.037239537836303745,0.037239537836303745,6821
HOPX,0.037236127459686026,-0.037236127459686026,6822
LDLRAD3,0.03723454750049413,-0.03723454750049413,6823
DNAI2,0.03722412292831477,-0.03722412292831477,6824
UTRN,0.03721511451208818,-0.03721511451208818,6825
STK39,0.03721108743459176,0.03721108743459176,6826
GSTM5,0.03720444986728457,-0.03720444986728457,6827
CYGB,0.03719554749041335,0.03719554749041335,6828
ESAM,0.03719189940759137,-0.03719189940759137,6829
ELAVL1,0.037181222197919694,0.037181222197919694,6830
ARID4B,0.03715638162215134,-0.03715638162215134,6831
MGMT,0.0371563802477422,-0.0371563802477422,6832
PRRX2,0.03715260996772159,0.03715260996772159,6833
SLC25A46,0.037139798611642925,-0.037139798611642925,6834
FARS2,0.03713689679782309,0.03713689679782309,6835
DDX19B,0.03712439827287411,0.03712439827287411,6836
BACE2,0.03712308597249711,0.03712308597249711,6837
ARRDC1,0.0371184884551618,0.0371184884551618,6838
COG5,0.0371158845291059,0.0371158845291059,6839
MTR,0.03709631726251549,0.03709631726251549,6840
ARID3A,0.037091354965896516,0.037091354965896516,6841
GPRC6A,0.037083203968337954,-0.037083203968337954,6842
SGMS1,0.037061841485547205,0.037061841485547205,6843
BEST4,0.037054162427180785,0.037054162427180785,6844
CTSS,0.03705176162611101,-0.03705176162611101,6845
AHCYL2,0.037027603341664814,-0.037027603341664814,6846
PGD,0.03701005928290288,0.03701005928290288,6847
ZNF214,0.03699485630837251,-0.03699485630837251,6848
CCDC138,0.03699404567478455,0.03699404567478455,6849
CENPB,0.036993020844333965,0.036993020844333965,6850
TOP2B,0.036991059089693565,-0.036991059089693565,6851
TAOK2,0.03699018018894438,-0.03699018018894438,6852
IQCE,0.03698984626067979,0.03698984626067979,6853
HSD3B2,0.03698309824854255,-0.03698309824854255,6854
LIPT1,0.036974349383640755,-0.036974349383640755,6855
ATF6B,0.03697285609939434,0.03697285609939434,6856
TWF2,0.03696973420787829,-0.03696973420787829,6857
YWHAB,0.03696485296687352,-0.03696485296687352,6858
MYBBP1A,0.03695437505734822,-0.03695437505734822,6859
CYB5R3,0.03694238815920146,-0.03694238815920146,6860
GFRA3,0.03688818268994936,0.03688818268994936,6861
TNFRSF14,0.03688730505975239,0.03688730505975239,6862
UEVLD,0.036880503703234604,-0.036880503703234604,6863
ETS2,0.03687728991267385,-0.03687728991267385,6864
RPA2,0.03685878885018008,-0.03685878885018008,6865
ILDR1,0.03685200710179189,-0.03685200710179189,6866
KLK15,0.03685076402297834,-0.03685076402297834,6867
USP40,0.03684874584759161,0.03684874584759161,6868
ZC3HC1,0.03684226609420994,0.03684226609420994,6869
EVX1,0.036826068372379756,-0.036826068372379756,6870
FIBP,0.03681752823848272,0.03681752823848272,6871
RPL29,0.03681560222446398,0.03681560222446398,6872
RXRB,0.03678445986593959,0.03678445986593959,6873
PAPPA,0.03678156068181639,0.03678156068181639,6874
TRUB1,0.036776787972248516,0.036776787972248516,6875
SETD1A,0.03677638500742958,0.03677638500742958,6876
VCAN,0.036764948478281614,0.036764948478281614,6877
TERF2IP,0.036759450065315454,0.036759450065315454,6878
CNIH3,0.036714263279795545,-0.036714263279795545,6879
ABL1,0.03668949162532528,-0.03668949162532528,6880
UQCRC2,0.036685973412068786,-0.036685973412068786,6881
UTP18,0.036684216925153834,0.036684216925153834,6882
MAP1LC3B,0.03668012559673769,0.03668012559673769,6883
FEM1C,0.03666880553968832,-0.03666880553968832,6884
FUT11,0.03665189965690191,0.03665189965690191,6885
CAPG,0.036641755420194926,-0.036641755420194926,6886
PNPT1,0.03662723918707588,-0.03662723918707588,6887
SUGT1,0.036619597478631416,0.036619597478631416,6888
TMEM92,0.036617300301936155,-0.036617300301936155,6889
ZKSCAN4,0.036594118308734803,0.036594118308734803,6890
NUMB,0.03658638172382867,0.03658638172382867,6891
PKD2L2,0.0365685590555772,0.0365685590555772,6892
TARDBP,0.036533685575645146,-0.036533685575645146,6893
SSBP1,0.03652938403833822,0.03652938403833822,6894
SESN3,0.03652623180743422,0.03652623180743422,6895
RAD23A,0.036518436517405946,0.036518436517405946,6896
TAS2R40,0.036515539256969126,0.036515539256969126,6897
TUBGCP2,0.036508420503883414,0.036508420503883414,6898
ZBTB40,0.0364916481065666,-0.0364916481065666,6899
IL17A,0.036477119111647256,-0.036477119111647256,6900
MYO15A,0.03645804456811689,0.03645804456811689,6901
MUTYH,0.036424962587746135,-0.036424962587746135,6902
C4BPB,0.03641503375406593,-0.03641503375406593,6903
AQP8,0.03641136177716628,0.03641136177716628,6904
RAB3GAP1,0.036403991100935104,0.036403991100935104,6905
CRLF2,0.03639171665237017,0.03639171665237017,6906
TRIP12,0.036382857556934906,0.036382857556934906,6907
HERC5,0.03637344644265884,-0.03637344644265884,6908
RPL41,0.0363689165427576,-0.0363689165427576,6909
UBL5,0.03636762322561661,0.03636762322561661,6910
CCDC6,0.036362612861150306,0.036362612861150306,6911
VIPR2,0.036347782672532025,0.036347782672532025,6912
GPR156,0.0363439493138063,0.0363439493138063,6913
RIN1,0.03634049979497085,-0.03634049979497085,6914
ISCA1,0.0363401608019201,-0.0363401608019201,6915
FRMD8,0.03633288015359142,0.03633288015359142,6916
MAGEB2,0.03631784821692405,-0.03631784821692405,6917
LAMB3,0.036317038544210783,0.036317038544210783,6918
FOXL2,0.036308333605852346,0.036308333605852346,6919
ERH,0.036296799725670695,0.036296799725670695,6920
ZMYM3,0.036287893689696066,0.036287893689696066,6921
ZNF583,0.03627131022963267,0.03627131022963267,6922
POFUT1,0.036255923273862706,0.036255923273862706,6923
DDAH1,0.03624378248225539,0.03624378248225539,6924
VTI1B,0.036216730386494964,0.036216730386494964,6925
NDOR1,0.03621032552860548,-0.03621032552860548,6926
NXT1,0.036197085714560304,0.036197085714560304,6927
RIBC2,0.0361950596014422,-0.0361950596014422,6928
MYRIP,0.03615713068039426,-0.03615713068039426,6929
HMGB4,0.03615164902234339,0.03615164902234339,6930
SV2B,0.03613130269964319,-0.03613130269964319,6931
MRGPRX3,0.0361186878059509,0.0361186878059509,6932
RBCK1,0.0361176597376836,0.0361176597376836,6933
BTBD2,0.03608717293461442,-0.03608717293461442,6934
UHMK1,0.036081689599087176,0.036081689599087176,6935
HRH4,0.03606900545448116,-0.03606900545448116,6936
ZNRF2,0.036065438523818674,-0.036065438523818674,6937
MED24,0.03606384106709333,-0.03606384106709333,6938
VGLL1,0.0360633738089385,0.0360633738089385,6939
ADAD2,0.0360508581340897,0.0360508581340897,6940
SLC27A4,0.036050748779155456,-0.036050748779155456,6941
KANK3,0.036049014325238986,0.036049014325238986,6942
ITIH3,0.036028289813307995,0.036028289813307995,6943
PDCD6,0.036023997382201786,0.036023997382201786,6944
DNAJB12,0.03597032538736078,-0.03597032538736078,6945
ETV7,0.03595967755612925,0.03595967755612925,6946
TRIM5,0.035955743918987336,-0.035955743918987336,6947
MND1,0.03594882166389797,-0.03594882166389797,6948
LYN,0.03593902844861067,0.03593902844861067,6949
KLHL10,0.035938876424987484,-0.035938876424987484,6950
OFD1,0.03591516494758917,0.03591516494758917,6951
RRS1,0.035913643173220745,0.035913643173220745,6952
PHLDB1,0.035909063989623145,0.035909063989623145,6953
MID2,0.035896507118062575,-0.035896507118062575,6954
RNF181,0.035893372557224905,-0.035893372557224905,6955
MOG,0.03588921133420227,0.03588921133420227,6956
ZNF280A,0.03586837547145237,0.03586837547145237,6957
SLC25A44,0.03586715266791625,0.03586715266791625,6958
CHRNA3,0.03585585655335137,0.03585585655335137,6959
ALKBH3,0.03582164369903354,-0.03582164369903354,6960
MANBAL,0.03581938840581706,-0.03581938840581706,6961
DCP1B,0.03581774966964796,-0.03581774966964796,6962
UPRT,0.03581680423477689,-0.03581680423477689,6963
MTG1,0.03581639755582065,0.03581639755582065,6964
MAGOHB,0.03580623449421303,-0.03580623449421303,6965
COX5B,0.03579229795532231,0.03579229795532231,6966
SYCP3,0.035783199331672316,0.035783199331672316,6967
ZC3H7B,0.03577762085249853,-0.03577762085249853,6968
ITSN2,0.03577609503077931,-0.03577609503077931,6969
ZNF559,0.03574927370249602,-0.03574927370249602,6970
ATP6V1H,0.035746365141553216,0.035746365141553216,6971
MAP1A,0.03573620553794511,0.03573620553794511,6972
POLR1D,0.03573345710787189,-0.03573345710787189,6973
RGS6,0.035730824544773145,0.035730824544773145,6974
MYT1,0.035725046443460036,-0.035725046443460036,6975
GNAS,0.035714207914924204,-0.035714207914924204,6976
FIGNL1,0.03569674050243752,0.03569674050243752,6977
PCBP1,0.03569619445857751,0.03569619445857751,6978
FBXO17,0.03569511953896267,-0.03569511953896267,6979
ANXA5,0.03569476533597239,0.03569476533597239,6980
NDUFAF1,0.035694271826247084,-0.035694271826247084,6981
PAQR4,0.03568196813404445,0.03568196813404445,6982
SIDT2,0.03567064710453567,-0.03567064710453567,6983
PANX1,0.03566849995040263,0.03566849995040263,6984
LZTFL1,0.0356682619774312,0.0356682619774312,6985
KLF2,0.035660253346150236,0.035660253346150236,6986
TIMM8B,0.03565576599314097,-0.03565576599314097,6987
ZCCHC2,0.035647945220666104,0.035647945220666104,6988
PTPRF,0.035642181052437966,-0.035642181052437966,6989
COG7,0.03562913398574529,-0.03562913398574529,6990
ST18,0.035621361044173655,0.035621361044173655,6991
ARTN,0.0356053295990842,-0.0356053295990842,6992
B4GALNT2,0.03558777794516063,0.03558777794516063,6993
GLCCI1,0.035579760903074,-0.035579760903074,6994
UBN1,0.03557851593193087,-0.03557851593193087,6995
CHD8,0.03557311734181109,0.03557311734181109,6996
UBR7,0.03556684965496173,-0.03556684965496173,6997
CHMP7,0.035556935235445154,0.035556935235445154,6998
OTOR,0.03555420205123165,0.03555420205123165,6999
ARIH1,0.03553371533373155,-0.03553371533373155,7000
RPS14,0.035526675109136985,0.035526675109136985,7001
EXOC1,0.03552342962877549,-0.03552342962877549,7002
MTRR,0.03550395264685314,0.03550395264685314,7003
SEC14L4,0.03549990079646251,-0.03549990079646251,7004
ELAVL3,0.03549432945247541,0.03549432945247541,7005
KRTAP17-1,0.03547769612981562,0.03547769612981562,7006
AZU1,0.03545783387693156,-0.03545783387693156,7007
ETFB,0.03545162011207319,0.03545162011207319,7008
CYP8B1,0.0354502083173776,-0.0354502083173776,7009
TRIM25,0.03544729116702024,-0.03544729116702024,7010
MYCT1,0.03543480798218114,0.03543480798218114,7011
TMEM54,0.03540478524240459,0.03540478524240459,7012
CERK,0.03540131744876385,0.03540131744876385,7013
AP3S1,0.03539676640527251,-0.03539676640527251,7014
ADAM11,0.03539644836356936,0.03539644836356936,7015
METRNL,0.03538648674206765,-0.03538648674206765,7016
RPAP2,0.03537403154524113,-0.03537403154524113,7017
BLNK,0.03535915696542926,0.03535915696542926,7018
SPIN2B,0.0353478256056849,-0.0353478256056849,7019
EPB42,0.03534042990918294,-0.03534042990918294,7020
PDPN,0.03529919950473374,0.03529919950473374,7021
KRT18,0.035296410170222045,-0.035296410170222045,7022
NONO,0.035296406558387436,0.035296406558387436,7023
NUP98,0.035288577159660654,0.035288577159660654,7024
CSE1L,0.03528757556122606,-0.03528757556122606,7025
MRFAP1,0.03528369517433308,-0.03528369517433308,7026
LTA,0.03528254201597518,-0.03528254201597518,7027
PCNA,0.035274559697193675,0.035274559697193675,7028
APOM,0.03527120698484418,-0.03527120698484418,7029
DVL3,0.03526628440986284,-0.03526628440986284,7030
HOXA3,0.03526356614006409,0.03526356614006409,7031
ASL,0.03524543531703788,-0.03524543531703788,7032
PPP1R15B,0.03521735664803155,0.03521735664803155,7033
GNL3,0.035209706624777085,-0.035209706624777085,7034
KCNAB1,0.03519526061716717,-0.03519526061716717,7035
TMEM165,0.03515481992547467,-0.03515481992547467,7036
EIF1AY,0.035146561373166886,0.035146561373166886,7037
VCP,0.035143771237593414,-0.035143771237593414,7038
CYP2A6,0.03514052374674503,0.03514052374674503,7039
PLS1,0.035132584883853124,-0.035132584883853124,7040
CD3E,0.03512991035718679,0.03512991035718679,7041
SAMD8,0.03511358503927275,-0.03511358503927275,7042
CCNB2,0.03511178091225703,0.03511178091225703,7043
NR5A1,0.03510931888183267,-0.03510931888183267,7044
AQP10,0.035100659767049035,0.035100659767049035,7045
NDUFA11,0.03509174192969787,0.03509174192969787,7046
MDN1,0.03508768186840888,0.03508768186840888,7047
USH1C,0.03508436076556786,-0.03508436076556786,7048
MS4A12,0.035073859830508924,-0.035073859830508924,7049
DNASE2B,0.03507126492505514,-0.03507126492505514,7050
TMEM176B,0.035067321274867044,-0.035067321274867044,7051
KLHL20,0.035064370503450834,-0.035064370503450834,7052
MORC1,0.03503903647437534,-0.03503903647437534,7053
PLA2G3,0.035037690537432116,-0.035037690537432116,7054
MRPL51,0.035007502260560146,-0.035007502260560146,7055
KLHL18,0.035006183592503924,-0.035006183592503924,7056
PPP2R5E,0.034990883414961364,0.034990883414961364,7057
LAMP1,0.034976849446850436,0.034976849446850436,7058
ILF2,0.034971216850192555,0.034971216850192555,7059
OR8D1,0.03496536628277175,0.03496536628277175,7060
HAT1,0.034947052592048965,-0.034947052592048965,7061
ABL2,0.034943711023750074,-0.034943711023750074,7062
ASH1L,0.03493863535486602,0.03493863535486602,7063
CLEC5A,0.0349369235643014,0.0349369235643014,7064
ZNF526,0.03493101254295772,0.03493101254295772,7065
FGFBP3,0.03492812455234401,0.03492812455234401,7066
EIF4H,0.03492033024061663,0.03492033024061663,7067
SDR16C5,0.03491582547044791,-0.03491582547044791,7068
CYSLTR2,0.03490324644680473,0.03490324644680473,7069
MPHOSPH10,0.03489415080974522,-0.03489415080974522,7070
PRKCZ,0.034877491691131746,-0.034877491691131746,7071
SLC35E1,0.034864847199176346,0.034864847199176346,7072
EIF3H,0.034843263220739155,0.034843263220739155,7073
METAP2,0.0348389716179913,0.0348389716179913,7074
SH3BGR,0.034829322707385445,0.034829322707385445,7075
SSU72,0.03482224947908042,0.03482224947908042,7076
SNCG,0.03481261552890971,0.03481261552890971,7077
RHOG,0.03478576378731465,0.03478576378731465,7078
LMBR1,0.03477296910840953,0.03477296910840953,7079
AP1G1,0.03477259348806489,-0.03477259348806489,7080
TASP1,0.03477151280287567,0.03477151280287567,7081
PRKACA,0.03476932880403364,-0.03476932880403364,7082
ADAMTSL1,0.03476014108645315,-0.03476014108645315,7083
HTR1A,0.03474989672785269,0.03474989672785269,7084
ING4,0.03474305709473282,-0.03474305709473282,7085
TMEM127,0.03473999520572264,-0.03473999520572264,7086
STBD1,0.034730021521550074,-0.034730021521550074,7087
AGTR1,0.034719922021341464,0.034719922021341464,7088
JAGN1,0.034716170028948605,-0.034716170028948605,7089
SLC16A7,0.03471310958981,0.03471310958981,7090
P2RX1,0.0347103461458934,0.0347103461458934,7091
NOC2L,0.0347085654096165,-0.0347085654096165,7092
ZSCAN16,0.03470599519270405,0.03470599519270405,7093
PHC3,0.034704663359779626,0.034704663359779626,7094
SLC43A1,0.034695889559480136,0.034695889559480136,7095
NOC4L,0.034695213769651664,0.034695213769651664,7096
CYP1A1,0.0346767146692852,-0.0346767146692852,7097
SETDB1,0.034668199109885056,-0.034668199109885056,7098
LGI4,0.03466395275028433,-0.03466395275028433,7099
ARHGEF17,0.03465951341614637,-0.03465951341614637,7100
GTF3A,0.034644852558028225,-0.034644852558028225,7101
TUBE1,0.03463563506970291,0.03463563506970291,7102
MORC2,0.03463392379122188,0.03463392379122188,7103
POU3F1,0.03462480693897135,-0.03462480693897135,7104
TRIM66,0.034617201898923894,0.034617201898923894,7105
FBXW8,0.03461637521893622,0.03461637521893622,7106
FKBP4,0.034608661623772866,0.034608661623772866,7107
ALG3,0.0346046163049013,0.0346046163049013,7108
SOCS4,0.03459575962699081,0.03459575962699081,7109
DNASE1L3,0.034584712791176864,0.034584712791176864,7110
RWDD2A,0.03456645628986821,-0.03456645628986821,7111
MED13L,0.03455070059925805,0.03455070059925805,7112
MTX1,0.03452611750510697,0.03452611750510697,7113
GPR87,0.034484412896747633,-0.034484412896747633,7114
SCGN,0.03446386506460758,0.03446386506460758,7115
BATF3,0.03445831276981318,-0.03445831276981318,7116
GRSF1,0.03445422242135066,-0.03445422242135066,7117
HLA-B,0.03444998987695582,-0.03444998987695582,7118
PTPRG,0.03444538512128173,-0.03444538512128173,7119
NEK9,0.03443968516584901,0.03443968516584901,7120
FN3K,0.03441610976324709,0.03441610976324709,7121
OR6A2,0.03439222986720443,0.03439222986720443,7122
TXNIP,0.03438823374672518,0.03438823374672518,7123
ZNF703,0.034359542335118204,0.034359542335118204,7124
ATP7A,0.0343571944792858,0.0343571944792858,7125
KRTAP5-9,0.03435597359112989,0.03435597359112989,7126
RAB10,0.03433533721176185,0.03433533721176185,7127
PTPN9,0.03432339858377857,-0.03432339858377857,7128
CREB3L3,0.03431886412716825,-0.03431886412716825,7129
TOLLIP,0.03431461645528522,0.03431461645528522,7130
PLA2G7,0.034313741487746234,0.034313741487746234,7131
AGPAT1,0.03430120781861396,-0.03430120781861396,7132
TTC8,0.03429777643152924,0.03429777643152924,7133
CDK2,0.03427002541406071,-0.03427002541406071,7134
HELZ,0.034256462240919314,0.034256462240919314,7135
ENAM,0.0342556417798517,0.0342556417798517,7136
ANXA4,0.03424430419747864,0.03424430419747864,7137
ZFP41,0.03424215725593231,0.03424215725593231,7138
PCDHB4,0.03423974554168035,-0.03423974554168035,7139
C1orf43,0.034232454663080725,0.034232454663080725,7140
TTC14,0.034228477664672456,-0.034228477664672456,7141
ZNF710,0.034204481319083054,-0.034204481319083054,7142
EPB41L3,0.034180442775309426,0.034180442775309426,7143
TOB1,0.034177570931149565,0.034177570931149565,7144
TMEM45B,0.03414935052522645,0.03414935052522645,7145
REEP3,0.03414540696952369,-0.03414540696952369,7146
CLTA,0.034139859432681136,0.034139859432681136,7147
ZNF595,0.0341123243451994,0.0341123243451994,7148
TLR3,0.03409762632746818,-0.03409762632746818,7149
FMR1,0.03405600697251039,0.03405600697251039,7150
YLPM1,0.03404387001686329,0.03404387001686329,7151
DHX16,0.03402800629368417,0.03402800629368417,7152
NES,0.03402362300459782,0.03402362300459782,7153
SNX22,0.03401889959380148,-0.03401889959380148,7154
HNRNPA0,0.034017622347410376,-0.034017622347410376,7155
CLTC,0.03401133152167141,0.03401133152167141,7156
GPR21,0.03400451855739627,0.03400451855739627,7157
LRIG1,0.0339937643664582,-0.0339937643664582,7158
CAPN8,0.03396973319646149,0.03396973319646149,7159
GALNS,0.03396190660898922,-0.03396190660898922,7160
STK3,0.033927246819489394,0.033927246819489394,7161
DCP2,0.033919587773620134,0.033919587773620134,7162
SART1,0.03391105048262583,0.03391105048262583,7163
MRAS,0.03388964252502175,0.03388964252502175,7164
PDGFRA,0.033887555132699775,-0.033887555132699775,7165
CSNK1E,0.03381840515299033,0.03381840515299033,7166
HSD11B2,0.03381357637511573,0.03381357637511573,7167
SDC3,0.033809796847841495,0.033809796847841495,7168
HDHD3,0.03380008070039055,-0.03380008070039055,7169
MRPS9,0.03379929220639529,0.03379929220639529,7170
TAS2R1,0.03378625974716877,-0.03378625974716877,7171
TPD52L2,0.03378622972711084,0.03378622972711084,7172
APAF1,0.03377690323399116,-0.03377690323399116,7173
TACSTD2,0.033769913149588306,-0.033769913149588306,7174
VAPB,0.033739282708099984,-0.033739282708099984,7175
ZMYM2,0.03373891723729214,-0.03373891723729214,7176
TIMM22,0.03373596663795346,-0.03373596663795346,7177
CHRNB2,0.03372799719587775,0.03372799719587775,7178
PLCL1,0.033727410867004814,-0.033727410867004814,7179
PID1,0.0337205901461439,0.0337205901461439,7180
DDX46,0.03371381607739787,-0.03371381607739787,7181
ANAPC11,0.033705237010537036,0.033705237010537036,7182
DRD1,0.03370058633613496,-0.03370058633613496,7183
IFNA5,0.033670140338445134,0.033670140338445134,7184
C14orf132,0.033667587891565265,0.033667587891565265,7185
FAM167B,0.033666195098878804,0.033666195098878804,7186
AP3M1,0.03365689052516872,-0.03365689052516872,7187
WWTR1,0.03362910209927394,0.03362910209927394,7188
MUSK,0.033608114365734215,-0.033608114365734215,7189
ELMOD3,0.033596167747553196,-0.033596167747553196,7190
MAT1A,0.03358480211019222,0.03358480211019222,7191
C5orf15,0.03356954505624683,0.03356954505624683,7192
SOD1,0.0335585426132948,-0.0335585426132948,7193
RPUSD1,0.03355174773402054,0.03355174773402054,7194
ABHD4,0.033543815581768464,0.033543815581768464,7195
MTF1,0.03347359268384428,-0.03347359268384428,7196
MBD1,0.03346443036066621,0.03346443036066621,7197
MAPK14,0.03346252582016583,-0.03346252582016583,7198
FIP1L1,0.03343768205697231,0.03343768205697231,7199
BRWD3,0.033431377196824895,0.033431377196824895,7200
CPSF3,0.03342270583579833,-0.03342270583579833,7201
ZNF425,0.03340097472029188,0.03340097472029188,7202
TMED10,0.03340045604033162,0.03340045604033162,7203
ZNRF1,0.03338990271520931,0.03338990271520931,7204
DHX57,0.03335818320680638,-0.03335818320680638,7205
ATIC,0.03328291857766639,0.03328291857766639,7206
COX6B2,0.033264277184234775,0.033264277184234775,7207
PDE7B,0.03326390989920699,-0.03326390989920699,7208
COG4,0.03326227044520092,0.03326227044520092,7209
DYNLT1,0.03325408044847654,0.03325408044847654,7210
MRPL38,0.03324795932484028,-0.03324795932484028,7211
DIP2C,0.03323766963607818,-0.03323766963607818,7212
ASB14,0.033235762431812435,-0.033235762431812435,7213
ENDOG,0.0332236515603632,-0.0332236515603632,7214
PMPCB,0.03321252526488108,-0.03321252526488108,7215
STK19,0.033206745390951815,-0.033206745390951815,7216
LY6G6F,0.033198924705280713,0.033198924705280713,7217
AIM2,0.03319868553169475,-0.03319868553169475,7218
ANXA10,0.033191609878138496,0.033191609878138496,7219
TRA2A,0.03317992083726992,-0.03317992083726992,7220
UPF1,0.03317602402005515,-0.03317602402005515,7221
OVOL2,0.03315206869333887,0.03315206869333887,7222
CLCN1,0.0331443863030956,0.0331443863030956,7223
ATAD3A,0.03313913554953194,-0.03313913554953194,7224
ADAM17,0.03313821862593111,0.03313821862593111,7225
SAT1,0.033136907360596074,0.033136907360596074,7226
CSNK2A2,0.033134700894187956,-0.033134700894187956,7227
PELI3,0.03312937892924801,-0.03312937892924801,7228
ATXN7,0.03312159240562284,0.03312159240562284,7229
SESN2,0.033121022993517615,-0.033121022993517615,7230
ALOXE3,0.03311450992290688,0.03311450992290688,7231
PTGS2,0.033114135940826545,-0.033114135940826545,7232
ARHGEF18,0.03311261213046799,-0.03311261213046799,7233
ZNF431,0.033078766152016485,-0.033078766152016485,7234
DPEP2,0.03306654307542365,-0.03306654307542365,7235
MAGED1,0.03305382032949959,-0.03305382032949959,7236
DYNC1LI2,0.03305275273960656,0.03305275273960656,7237
HYAL3,0.03304850985399577,0.03304850985399577,7238
C2orf83,0.0330326876735628,-0.0330326876735628,7239
GPR89B,0.03303208061379256,-0.03303208061379256,7240
FASTKD1,0.03302687708327844,0.03302687708327844,7241
GPR52,0.03301644962970793,0.03301644962970793,7242
PPP2R1A,0.033011146643001386,0.033011146643001386,7243
SNRPF,0.033005742526098475,-0.033005742526098475,7244
CHD6,0.03297750680506593,-0.03297750680506593,7245
PDE10A,0.032966979560118057,0.032966979560118057,7246
IL10RB,0.032960058210322905,0.032960058210322905,7247
GNB5,0.03295519723937686,0.03295519723937686,7248
C11orf21,0.0329503189090904,0.0329503189090904,7249
PTPN23,0.03293549523096956,0.03293549523096956,7250
MAST1,0.03292014791940829,-0.03292014791940829,7251
TBRG4,0.032912625752984474,0.032912625752984474,7252
RUSC2,0.03288850538790001,0.03288850538790001,7253
KIF11,0.0328845490571397,-0.0328845490571397,7254
TMBIM6,0.03287852281116565,-0.03287852281116565,7255
BCO2,0.03287216104882652,-0.03287216104882652,7256
SYDE1,0.032867988173721864,-0.032867988173721864,7257
MTRF1,0.03286743799861628,-0.03286743799861628,7258
ARPC1A,0.03284875662459732,-0.03284875662459732,7259
DSN1,0.032831832506254266,-0.032831832506254266,7260
TRIM2,0.032825000980889876,-0.032825000980889876,7261
GNG11,0.03280604023600002,-0.03280604023600002,7262
RCN2,0.03279287884820786,-0.03279287884820786,7263
TOP3A,0.032747926459034904,-0.032747926459034904,7264
SNCB,0.03274384927192892,-0.03274384927192892,7265
BFAR,0.032741281142438766,-0.032741281142438766,7266
PTGIS,0.03273733762420613,-0.03273733762420613,7267
ENPP7,0.03273392831405325,0.03273392831405325,7268
MATR3,0.032720397361380625,0.032720397361380625,7269
TBC1D19,0.032702125932406394,-0.032702125932406394,7270
POMP,0.03270137466863534,0.03270137466863534,7271
ZNF548,0.03268891529371201,0.03268891529371201,7272
CCDC87,0.032650106626695125,-0.032650106626695125,7273
TCTE3,0.03263459979031354,0.03263459979031354,7274
C22orf31,0.03261697960298265,0.03261697960298265,7275
ST6GAL1,0.032615582630287666,-0.032615582630287666,7276
CDC23,0.032592330058383655,-0.032592330058383655,7277
NDUFV3,0.03257800406518405,0.03257800406518405,7278
CCL22,0.03252804519966638,0.03252804519966638,7279
CNOT7,0.032503794000174564,0.032503794000174564,7280
DDX20,0.03250081695305476,-0.03250081695305476,7281
YPEL1,0.03249799118014043,-0.03249799118014043,7282
EPN1,0.03248742686137511,0.03248742686137511,7283
PPP1R8,0.03248481889747628,-0.03248481889747628,7284
SETD3,0.03246461424884251,0.03246461424884251,7285
C3orf22,0.03245278821056004,-0.03245278821056004,7286
SLC3A1,0.032445119710301215,-0.032445119710301215,7287
NOVA2,0.03242631972029842,-0.03242631972029842,7288
PSMA2,0.03241452567685696,-0.03241452567685696,7289
ZBTB41,0.03239342966373908,-0.03239342966373908,7290
PIK3C3,0.032391150772618414,-0.032391150772618414,7291
RNPEP,0.03239102412497189,-0.03239102412497189,7292
ACRV1,0.032390256763623726,0.032390256763623726,7293
HDAC1,0.03238725637189797,-0.03238725637189797,7294
TREML1,0.032385199566186164,0.032385199566186164,7295
RPS21,0.03238381016676612,-0.03238381016676612,7296
COX7A2,0.03235520693275881,-0.03235520693275881,7297
EHBP1L1,0.032348174234835776,0.032348174234835776,7298
NOSIP,0.0323436767193282,-0.0323436767193282,7299
CLDN2,0.032319236652738385,0.032319236652738385,7300
CCDC42,0.03231289421374749,0.03231289421374749,7301
ENY2,0.03227713872664461,-0.03227713872664461,7302
AVP,0.03227100968472763,-0.03227100968472763,7303
TOR1AIP2,0.032268527531861525,0.032268527531861525,7304
RTN3,0.03226257679926831,-0.03226257679926831,7305
TMEM175,0.03224876017495435,0.03224876017495435,7306
ZNF449,0.03223578018985182,-0.03223578018985182,7307
SLC6A4,0.03223001259997374,0.03223001259997374,7308
PPP3CB,0.03222861380458363,-0.03222861380458363,7309
STARD8,0.032226139965052546,-0.032226139965052546,7310
OPRD1,0.03221873030902552,-0.03221873030902552,7311
NAT14,0.03220344348245209,0.03220344348245209,7312
TFDP2,0.03220175822701175,-0.03220175822701175,7313
KCTD6,0.032196903723262116,-0.032196903723262116,7314
EBP,0.03219299551802887,0.03219299551802887,7315
ZNF219,0.032192883319097865,-0.032192883319097865,7316
TMEM61,0.03219195588299052,0.03219195588299052,7317
PDSS2,0.03217769178744108,0.03217769178744108,7318
GCC2,0.03216206247588732,-0.03216206247588732,7319
CAP1,0.032157022204351314,0.032157022204351314,7320
MSL3,0.03215071350549059,0.03215071350549059,7321
FAM162A,0.03214914999198064,0.03214914999198064,7322
R3HDML,0.03214021656429486,-0.03214021656429486,7323
PHRF1,0.03213952727661472,0.03213952727661472,7324
KDELR2,0.03212879718471545,-0.03212879718471545,7325
FTH1,0.032122796044823314,-0.032122796044823314,7326
SSX2IP,0.0321189478003975,0.0321189478003975,7327
LONRF3,0.03211760216910971,0.03211760216910971,7328
KCNAB2,0.03210418866789957,-0.03210418866789957,7329
ALG13,0.032087978399322065,0.032087978399322065,7330
CHAT,0.03208782594249057,0.03208782594249057,7331
GJC2,0.032085890290820276,0.032085890290820276,7332
RFX4,0.032080998680751906,-0.032080998680751906,7333
TP53BP2,0.03205791925824085,0.03205791925824085,7334
SLC7A6OS,0.03204889194712662,0.03204889194712662,7335
DAG1,0.03203040345443667,0.03203040345443667,7336
GUCA1A,0.03202787957344612,-0.03202787957344612,7337
CRADD,0.032025376038988564,-0.032025376038988564,7338
SLC24A4,0.03202435125524992,-0.03202435125524992,7339
WDR26,0.03200698036682161,-0.03200698036682161,7340
PCBP2,0.03200458680522693,0.03200458680522693,7341
SLC28A1,0.03199271678914492,0.03199271678914492,7342
DECR2,0.03198936846825651,-0.03198936846825651,7343
APLP2,0.031988203091994065,0.031988203091994065,7344
COL4A1,0.03198532665404494,0.03198532665404494,7345
GRPEL1,0.031957923377645206,-0.031957923377645206,7346
C1R,0.03193227653005296,0.03193227653005296,7347
TRIM42,0.03192880010430474,0.03192880010430474,7348
AGAP3,0.031915568873165455,-0.031915568873165455,7349
GTF3C6,0.03190932750233019,0.03190932750233019,7350
IL31RA,0.03189318313382014,0.03189318313382014,7351
C6orf89,0.03189169128946215,-0.03189169128946215,7352
NME7,0.03188382161128854,-0.03188382161128854,7353
CEP135,0.03187960240818909,0.03187960240818909,7354
SFRP4,0.03187891670157098,0.03187891670157098,7355
BNIP3L,0.03187668726861536,-0.03187668726861536,7356
ABCF3,0.031867845187197555,-0.031867845187197555,7357
SULT2A1,0.031851797147096766,-0.031851797147096766,7358
RPS25,0.03182179984443604,0.03182179984443604,7359
USP32,0.03182120916785099,0.03182120916785099,7360
ROMO1,0.03180682231844188,-0.03180682231844188,7361
GRAMD1A,0.031790344840199145,-0.031790344840199145,7362
AADACL2,0.03174644111821198,0.03174644111821198,7363
CD24,0.03173491117653258,0.03173491117653258,7364
SOCS3,0.03173055981456246,0.03173055981456246,7365
TIAL1,0.031718291042836196,0.031718291042836196,7366
RPS7,0.03171425985727016,-0.03171425985727016,7367
CHRDL2,0.0317043497890913,-0.0317043497890913,7368
PDGFRL,0.03167934175475699,-0.03167934175475699,7369
TBCEL,0.031668747853857086,0.031668747853857086,7370
SIPA1L2,0.03165284129436045,-0.03165284129436045,7371
LLGL1,0.031647259891155494,0.031647259891155494,7372
KPTN,0.03160715334654674,0.03160715334654674,7373
GLRX,0.03160681977766108,0.03160681977766108,7374
DGCR6L,0.03157612193880783,0.03157612193880783,7375
SCFD1,0.03157067752461857,0.03157067752461857,7376
ITPKA,0.03156911720864219,0.03156911720864219,7377
NPPA,0.03156660032125141,-0.03156660032125141,7378
RGS2,0.03155661734828413,-0.03155661734828413,7379
SRGN,0.03155036598610214,-0.03155036598610214,7380
PAQR8,0.0315355406565658,0.0315355406565658,7381
GNG2,0.03153389130949988,0.03153389130949988,7382
KLK11,0.03152843073912808,-0.03152843073912808,7383
KRT9,0.0315124613209542,0.0315124613209542,7384
GPR50,0.03151105127963728,-0.03151105127963728,7385
RPRD1A,0.03150790422695054,0.03150790422695054,7386
ERG,0.03149975971561366,-0.03149975971561366,7387
PTPRT,0.031492953692556974,0.031492953692556974,7388
SPOCD1,0.031451038308074136,-0.031451038308074136,7389
HAGH,0.03144139765897674,0.03144139765897674,7390
FRK,0.031427528675694066,-0.031427528675694066,7391
PACSIN3,0.03142656465210221,0.03142656465210221,7392
NOTCH2,0.03141999042550457,-0.03141999042550457,7393
SACM1L,0.03141771120257803,0.03141771120257803,7394
SLC6A18,0.031409924397052424,-0.031409924397052424,7395
C12orf65,0.0314048811068873,0.0314048811068873,7396
CXCL10,0.03138518206563299,-0.03138518206563299,7397
ADAM21,0.031377416926682354,-0.031377416926682354,7398
OR7A17,0.03136856350205828,0.03136856350205828,7399
CORO6,0.031348210866982425,-0.031348210866982425,7400
ZNF524,0.0313320660207546,-0.0313320660207546,7401
PRCP,0.03133079742197133,-0.03133079742197133,7402
ZPBP,0.03132583468229183,-0.03132583468229183,7403
INA,0.03132260025359589,-0.03132260025359589,7404
FRMD1,0.03131468609500362,-0.03131468609500362,7405
RNMT,0.03131103776456582,0.03131103776456582,7406
DHRSX,0.031274912260713716,-0.031274912260713716,7407
MRGPRX2,0.03126982666310366,0.03126982666310366,7408
PITPNM1,0.03125765291476824,0.03125765291476824,7409
MAP3K11,0.031246344699215122,-0.031246344699215122,7410
PFDN2,0.031225513360313237,0.031225513360313237,7411
KCTD18,0.031206288923789342,0.031206288923789342,7412
KLHDC9,0.0312032053120277,-0.0312032053120277,7413
STK40,0.031201517781836486,-0.031201517781836486,7414
TMPRSS6,0.03118366268832307,0.03118366268832307,7415
FBXO3,0.03117873408352792,-0.03117873408352792,7416
ARHGAP23,0.031177453157674787,-0.031177453157674787,7417
UBE2Q1,0.0311605421427043,0.0311605421427043,7418
CAMK2N2,0.031158397494745926,0.031158397494745926,7419
XRCC6,0.031157512208935905,-0.031157512208935905,7420
SPN,0.031156775722694673,0.031156775722694673,7421
CLPP,0.03114753865705106,-0.03114753865705106,7422
COLEC10,0.031130237661109613,0.031130237661109613,7423
LYPD4,0.031127556108372634,-0.031127556108372634,7424
KIF19,0.031115893505418216,-0.031115893505418216,7425
DYNLL2,0.031115076832516513,-0.031115076832516513,7426
CASP14,0.031093811533017303,0.031093811533017303,7427
CRTC2,0.03107697431039405,-0.03107697431039405,7428
RBM3,0.031070583365992572,-0.031070583365992572,7429
OLFML2B,0.031066005364975675,-0.031066005364975675,7430
PSMD3,0.031054487483642937,0.031054487483642937,7431
AACS,0.03104751797737994,-0.03104751797737994,7432
MS4A5,0.031023072999627626,-0.031023072999627626,7433
ACACA,0.03102041469502381,-0.03102041469502381,7434
UBR2,0.03101491577063574,0.03101491577063574,7435
RBM38,0.031009281252119825,0.031009281252119825,7436
MYLK2,0.03100427290978958,0.03100427290978958,7437
COLQ,0.030969490572102534,0.030969490572102534,7438
IFIT3,0.030965110687021173,0.030965110687021173,7439
STX11,0.03093816158595387,0.03093816158595387,7440
FAM76A,0.03091908306977704,-0.03091908306977704,7441
SNX2,0.030904374345236112,0.030904374345236112,7442
NOL7,0.030888524385792954,0.030888524385792954,7443
TMEM119,0.030887849584778058,-0.030887849584778058,7444
SCARF2,0.030885289217258936,0.030885289217258936,7445
HIP1,0.030876767351853057,-0.030876767351853057,7446
MCM3AP,0.030842803700504514,0.030842803700504514,7447
STARD7,0.030841334849904152,0.030841334849904152,7448
KLHL6,0.03083662960753448,0.03083662960753448,7449
PVALB,0.03082935737616533,0.03082935737616533,7450
CAPN9,0.030829134015741794,0.030829134015741794,7451
RHO,0.030829123141634482,0.030829123141634482,7452
CD46,0.030827712209126047,0.030827712209126047,7453
ATP6V0A2,0.03082689087320859,0.03082689087320859,7454
AFF4,0.03082427837338942,-0.03082427837338942,7455
PSMD1,0.030815101594009537,-0.030815101594009537,7456
ZNF622,0.03079182008710122,-0.03079182008710122,7457
RBM41,0.030779670743255237,-0.030779670743255237,7458
EHD1,0.030779506182754386,-0.030779506182754386,7459
RBP5,0.030774059829951926,0.030774059829951926,7460
TPST2,0.03077002682249592,0.03077002682249592,7461
TMPRSS11E,0.030746275865202104,-0.030746275865202104,7462
LRRFIP2,0.03072285775950079,0.03072285775950079,7463
BPGM,0.030707396468040746,0.030707396468040746,7464
ARHGEF3,0.030687242322138004,0.030687242322138004,7465
KIR3DL1,0.030684928324874152,-0.030684928324874152,7466
MORF4L2,0.030678950209281724,0.030678950209281724,7467
ME3,0.030657006572816486,-0.030657006572816486,7468
PORCN,0.030656095178492614,0.030656095178492614,7469
KDELR1,0.03064998208418863,0.03064998208418863,7470
LRP3,0.030644780116455526,-0.030644780116455526,7471
MASP1,0.030637316870247722,0.030637316870247722,7472
NDUFS1,0.030634019528695475,0.030634019528695475,7473
YIF1A,0.030612100075530828,-0.030612100075530828,7474
SLC6A2,0.030585859164189516,0.030585859164189516,7475
CNOT6,0.030574184375979908,0.030574184375979908,7476
MTNR1B,0.030564554904872893,-0.030564554904872893,7477
FADD,0.030563395023042367,-0.030563395023042367,7478
COL8A2,0.030559965033229428,-0.030559965033229428,7479
OR51B2,0.0305578131506544,-0.0305578131506544,7480
YY1,0.030551112949789683,-0.030551112949789683,7481
GYPC,0.030543279566851395,-0.030543279566851395,7482
GINS2,0.030526288989701153,0.030526288989701153,7483
POLQ,0.030522794716044997,-0.030522794716044997,7484
ENO3,0.03051890647125097,0.03051890647125097,7485
TRAM1L1,0.030504884306600484,0.030504884306600484,7486
C11orf16,0.030500499870721096,-0.030500499870721096,7487
SSBP4,0.030490213545299457,-0.030490213545299457,7488
MAPK8IP2,0.030489691193601447,0.030489691193601447,7489
RPL15,0.030487639555682497,-0.030487639555682497,7490
SLC25A12,0.03043446563317104,-0.03043446563317104,7491
U2AF1L4,0.030423170676036435,0.030423170676036435,7492
PCDH7,0.030410004309567026,-0.030410004309567026,7493
RFC4,0.03040377565142036,-0.03040377565142036,7494
IKBKG,0.030372886440882905,-0.030372886440882905,7495
EPB41L5,0.030344949048255146,0.030344949048255146,7496
SF3B5,0.030340044027639505,-0.030340044027639505,7497
RS1,0.03033273317720901,0.03033273317720901,7498
RFC1,0.030322651329841483,0.030322651329841483,7499
TOP2A,0.030320020863971568,0.030320020863971568,7500
SETDB2,0.03031554402010326,0.03031554402010326,7501
GRB10,0.03031242411725512,0.03031242411725512,7502
B2M,0.03028284135665843,-0.03028284135665843,7503
KLHL32,0.030280563001184552,0.030280563001184552,7504
TSPYL4,0.030274942861840255,0.030274942861840255,7505
DUSP13,0.030266948470813626,0.030266948470813626,7506
INTS3,0.03026117627618146,0.03026117627618146,7507
KIF3B,0.030260765402056893,0.030260765402056893,7508
UBL3,0.030252097108694788,-0.030252097108694788,7509
INTS7,0.030243422036206745,0.030243422036206745,7510
COX6A2,0.030239029278415076,0.030239029278415076,7511
PPM1J,0.03022941809343276,-0.03022941809343276,7512
SLC12A1,0.030215509639026424,0.030215509639026424,7513
TUBA1C,0.030202091663496796,-0.030202091663496796,7514
DLL4,0.030182972941975927,0.030182972941975927,7515
BRD4,0.030181918957227785,0.030181918957227785,7516
SMARCA2,0.030173325178580044,0.030173325178580044,7517
TTC5,0.03017185609220497,0.03017185609220497,7518
SSBP2,0.03017017253390257,-0.03017017253390257,7519
ZNF230,0.030150707801732794,0.030150707801732794,7520
DUS3L,0.03014615849226148,0.03014615849226148,7521
AGBL1,0.030145257373984095,-0.030145257373984095,7522
XAF1,0.03014255278404617,0.03014255278404617,7523
PRSS23,0.030121809874929604,-0.030121809874929604,7524
AP4M1,0.03011135830311261,0.03011135830311261,7525
FBXO40,0.030100529177827993,0.030100529177827993,7526
LRRC1,0.030088905829632834,-0.030088905829632834,7527
ZGPAT,0.03008754148204239,0.03008754148204239,7528
TM4SF4,0.030080226171354568,0.030080226171354568,7529
HSPA9,0.030057914899632044,-0.030057914899632044,7530
COPZ2,0.0300573064370604,0.0300573064370604,7531
ARFGEF2,0.030052819630170674,0.030052819630170674,7532
PRKAA1,0.03004574055058472,0.03004574055058472,7533
GABRG3,0.030041501160225987,0.030041501160225987,7534
FAM53B,0.030018065057576242,0.030018065057576242,7535
SOD2,0.03001375952766963,-0.03001375952766963,7536
STT3B,0.030007040322419742,-0.030007040322419742,7537
ABHD10,0.029994547998681016,-0.029994547998681016,7538
POU2F2,0.029993073490541602,0.029993073490541602,7539
DIS3L2,0.029965021465761344,0.029965021465761344,7540
DNMT3L,0.029964489414761174,-0.029964489414761174,7541
MYO1D,0.02995897553164351,-0.02995897553164351,7542
GADD45G,0.029946961002314493,-0.029946961002314493,7543
ST8SIA4,0.029919388614775624,-0.029919388614775624,7544
MYO15B,0.029907058774953012,0.029907058774953012,7545
PYGM,0.029904015684024964,-0.029904015684024964,7546
WNT9B,0.02990073721833434,0.02990073721833434,7547
COG2,0.029889397409372964,0.029889397409372964,7548
ARX,0.029875740999211323,-0.029875740999211323,7549
LMNA,0.029865357195940873,0.029865357195940873,7550
MAN1C1,0.029859771546922983,0.029859771546922983,7551
NFE2,0.029852126192536105,0.029852126192536105,7552
CHMP1A,0.029850777137419075,-0.029850777137419075,7553
DYRK4,0.029839289379804738,-0.029839289379804738,7554
HDAC3,0.029828281456327908,-0.029828281456327908,7555
C1orf226,0.029801115654504114,-0.029801115654504114,7556
TAC3,0.029798996250268845,0.029798996250268845,7557
FANCG,0.029793082339661714,-0.029793082339661714,7558
COL6A2,0.029750433273379607,-0.029750433273379607,7559
TEX101,0.029749683826737622,0.029749683826737622,7560
PHF1,0.029740187872026033,0.029740187872026033,7561
VWA3A,0.029721968183796472,-0.029721968183796472,7562
COL11A2,0.029705555459136737,-0.029705555459136737,7563
ZKSCAN3,0.029688291805399485,-0.029688291805399485,7564
PARP1,0.029688068640905164,0.029688068640905164,7565
CHD3,0.029660814243240036,-0.029660814243240036,7566
TNFAIP3,0.029656967426837814,-0.029656967426837814,7567
MYH14,0.029642093592519618,-0.029642093592519618,7568
ACTR3,0.02963406885473699,-0.02963406885473699,7569
CD163L1,0.02963297565095915,-0.02963297565095915,7570
ZNF92,0.029611277681389877,0.029611277681389877,7571
ENAH,0.029610669453090495,-0.029610669453090495,7572
SUCLA2,0.029605246582724995,0.029605246582724995,7573
ITGA7,0.02959755570264201,0.02959755570264201,7574
PLEKHG5,0.029584970446786398,-0.029584970446786398,7575
SCO2,0.02957657925915217,-0.02957657925915217,7576
NKX3-1,0.029562171883077207,-0.029562171883077207,7577
TKTL2,0.029549361930635728,-0.029549361930635728,7578
PFDN5,0.029530153671241,0.029530153671241,7579
PACSIN2,0.029518261908263784,-0.029518261908263784,7580
KIF23,0.029493549793536113,-0.029493549793536113,7581
DENND2C,0.029487374426782936,0.029487374426782936,7582
TM9SF3,0.029483961561545598,-0.029483961561545598,7583
TBXA2R,0.029469760045520918,0.029469760045520918,7584
HLA-DOB,0.029465851347878824,-0.029465851347878824,7585
BIRC2,0.029458779860645642,-0.029458779860645642,7586
ART4,0.029451831230304353,-0.029451831230304353,7587
TYROBP,0.029445232456705203,0.029445232456705203,7588
PUM1,0.02943537316342631,-0.02943537316342631,7589
ITPK1,0.02943449812733887,-0.02943449812733887,7590
CCDC114,0.02943419201822587,0.02943419201822587,7591
NDUFB5,0.029426584229633474,0.029426584229633474,7592
COL6A3,0.029410923779037736,-0.029410923779037736,7593
DNER,0.029402941994757098,-0.029402941994757098,7594
KLB,0.029397670204917233,-0.029397670204917233,7595
CKB,0.02937438098290626,-0.02937438098290626,7596
CHODL,0.02933899896232118,0.02933899896232118,7597
RNF125,0.029315553946738092,0.029315553946738092,7598
SRXN1,0.02930442610189517,0.02930442610189517,7599
GRIP2,0.029299131372287058,0.029299131372287058,7600
ALDH1A1,0.029298891125425365,0.029298891125425365,7601
MTDH,0.02928549870943489,0.02928549870943489,7602
ZNF304,0.029260986961453402,0.029260986961453402,7603
SURF1,0.029238057885758215,0.029238057885758215,7604
RALGDS,0.029226328656459,-0.029226328656459,7605
TFPI,0.029225926792405797,-0.029225926792405797,7606
RFXANK,0.029213033566953178,0.029213033566953178,7607
HIRA,0.029179963186555986,-0.029179963186555986,7608
CYP4B1,0.029175591991758218,-0.029175591991758218,7609
RAET1E,0.029173362231079025,0.029173362231079025,7610
MRPS28,0.02916786616507707,0.02916786616507707,7611
API5,0.029152480076657116,0.029152480076657116,7612
AIP,0.029129446519108357,-0.029129446519108357,7613
SCT,0.029129158753355196,-0.029129158753355196,7614
IGFBP7,0.029127757336594944,0.029127757336594944,7615
XPO1,0.029117431880989943,0.029117431880989943,7616
COPB1,0.02910384858370694,0.02910384858370694,7617
PLCE1,0.02909609199331659,0.02909609199331659,7618
SET,0.029092846493240263,-0.029092846493240263,7619
MLF2,0.02909103892282661,-0.02909103892282661,7620
MSTN,0.029089542442128375,0.029089542442128375,7621
IDO1,0.02908636553567329,0.02908636553567329,7622
SPNS3,0.029073385961514188,-0.029073385961514188,7623
KCTD21,0.029049922550041195,0.029049922550041195,7624
AVL9,0.02903782706953363,-0.02903782706953363,7625
SLC9A7,0.02902638411716877,-0.02902638411716877,7626
DNLZ,0.028993844131544405,-0.028993844131544405,7627
ZBTB9,0.02899230019088191,0.02899230019088191,7628
SLC25A17,0.028990369782706332,0.028990369782706332,7629
SLC38A6,0.02898647755839027,0.02898647755839027,7630
MED8,0.028978154516256436,-0.028978154516256436,7631
NDN,0.02895285713613256,0.02895285713613256,7632
ASAP2,0.028913726732373565,-0.028913726732373565,7633
HLA-A,0.028911705723047024,-0.028911705723047024,7634
MMP14,0.028907869627589185,0.028907869627589185,7635
IRGC,0.028903538012482584,-0.028903538012482584,7636
ZNF155,0.028890486291437506,-0.028890486291437506,7637
CPXM2,0.028862842869516715,0.028862842869516715,7638
SIT1,0.028856988111692006,0.028856988111692006,7639
LNX2,0.028852043238494086,-0.028852043238494086,7640
POLR2C,0.028837413003691758,-0.028837413003691758,7641
CES2,0.02882045177578469,0.02882045177578469,7642
PARP10,0.028793388851363174,-0.028793388851363174,7643
MAP4K1,0.028792870624979445,-0.028792870624979445,7644
MC2R,0.02879197602667965,-0.02879197602667965,7645
CNDP2,0.02877865984152204,0.02877865984152204,7646
PLXNA1,0.02876065522524553,0.02876065522524553,7647
CYP11B1,0.028747988815777833,-0.028747988815777833,7648
PHB,0.0287470918956036,0.0287470918956036,7649
TTC31,0.028741936912176764,0.028741936912176764,7650
TBC1D14,0.02873302151591324,-0.02873302151591324,7651
SLC32A1,0.02872720004079652,-0.02872720004079652,7652
PELP1,0.02872032486993952,0.02872032486993952,7653
LSM12,0.028693585962433314,-0.028693585962433314,7654
HDAC7,0.028691502373680972,-0.028691502373680972,7655
TNFSF10,0.028679333161090996,0.028679333161090996,7656
RANGRF,0.02867862034569968,0.02867862034569968,7657
FKBP2,0.02867526133323533,0.02867526133323533,7658
CXXC1,0.028670359086418833,0.028670359086418833,7659
GTF2I,0.028666319053605487,0.028666319053605487,7660
PSMD14,0.028660178590091484,0.028660178590091484,7661
CMIP,0.0286592194992011,0.0286592194992011,7662
GTF2E1,0.028656688884766416,0.028656688884766416,7663
MTMR1,0.028628567610385038,-0.028628567610385038,7664
TMEM44,0.028624591828349203,0.028624591828349203,7665
SLC6A20,0.028613336579029893,-0.028613336579029893,7666
MAP7D1,0.028607116762147534,0.028607116762147534,7667
SLC45A2,0.02856910759207086,-0.02856910759207086,7668
CBS,0.02856768521625799,0.02856768521625799,7669
GNG7,0.028566644468886494,-0.028566644468886494,7670
SPINK7,0.02856389297408988,-0.02856389297408988,7671
LRRC15,0.028560739020284987,0.028560739020284987,7672
GTF2B,0.028541233346516703,-0.028541233346516703,7673
JAG1,0.02851641919411078,-0.02851641919411078,7674
EHBP1,0.028511681399758994,-0.028511681399758994,7675
SLC12A5,0.028504544825827233,-0.028504544825827233,7676
CD300A,0.028493748771872954,-0.028493748771872954,7677
MAP3K6,0.02846182898361954,-0.02846182898361954,7678
SHISA4,0.028451163899607012,-0.028451163899607012,7679
SAC3D1,0.028449241551619826,0.028449241551619826,7680
SNCA,0.028440467503770446,0.028440467503770446,7681
TXNDC15,0.028426344907459444,-0.028426344907459444,7682
RRM2,0.02841636635951059,0.02841636635951059,7683
TIE1,0.028397817736423574,0.028397817736423574,7684
PRDM11,0.02838837573241821,0.02838837573241821,7685
KLHL9,0.028374259362063455,-0.028374259362063455,7686
SART3,0.028360306209729496,0.028360306209729496,7687
KIF21B,0.02834514802819657,0.02834514802819657,7688
PCGF5,0.02834273807301177,0.02834273807301177,7689
CAPN1,0.028342340183864768,-0.028342340183864768,7690
PICALM,0.028335242778743892,0.028335242778743892,7691
N4BP2L2,0.02832620661672889,-0.02832620661672889,7692
JAK3,0.028323941788769853,-0.028323941788769853,7693
PCDH8,0.028316997368897815,-0.028316997368897815,7694
ARPC1B,0.028309468994287833,0.028309468994287833,7695
PRPF3,0.028268955997018484,-0.028268955997018484,7696
CCDC102A,0.028255938095896337,0.028255938095896337,7697
GPBP1L1,0.028241180528890845,0.028241180528890845,7698
AGXT2,0.028237875273976584,0.028237875273976584,7699
GUCY1A2,0.028234436318932077,0.028234436318932077,7700
GPR55,0.028232274840885314,0.028232274840885314,7701
PAOX,0.02823010927833881,0.02823010927833881,7702
PDHB,0.028225769528721543,0.028225769528721543,7703
SLC25A32,0.02822334290913273,-0.02822334290913273,7704
MRPL14,0.02822005704520601,0.02822005704520601,7705
NOL6,0.028213208755469565,-0.028213208755469565,7706
C16orf70,0.02821110235859755,0.02821110235859755,7707
TMEM161B,0.02820468831493586,-0.02820468831493586,7708
CD3G,0.028201553539308942,0.028201553539308942,7709
ASTN2,0.028199764685643586,0.028199764685643586,7710
DDX27,0.028161537787627484,-0.028161537787627484,7711
GPR15,0.028148662520738485,-0.028148662520738485,7712
TBC1D23,0.02811389771236276,0.02811389771236276,7713
PABPC5,0.02810858595081503,0.02810858595081503,7714
EPB41L4B,0.028107313731120638,0.028107313731120638,7715
ZFAND3,0.028106872129915812,0.028106872129915812,7716
FPR1,0.028104728938107424,-0.028104728938107424,7717
DUSP15,0.028101212847735316,-0.028101212847735316,7718
ITLN1,0.028091342824883892,0.028091342824883892,7719
ZNF497,0.028088548794458226,0.028088548794458226,7720
FGG,0.028077021982382867,0.028077021982382867,7721
SERINC3,0.02807605663771709,-0.02807605663771709,7722
AQP1,0.02806547164176789,-0.02806547164176789,7723
HUWE1,0.028054284969001815,0.028054284969001815,7724
CUBN,0.028053415511862037,-0.028053415511862037,7725
NOS2,0.028038662623637755,0.028038662623637755,7726
NCAPH2,0.028032417909599844,0.028032417909599844,7727
GLI2,0.02803068001615031,0.02803068001615031,7728
RWDD2B,0.028030584018597135,-0.028030584018597135,7729
GNB2,0.028013655063357346,0.028013655063357346,7730
MAP2K2,0.02799645164151969,0.02799645164151969,7731
NDUFB11,0.02799512926328574,0.02799512926328574,7732
LPXN,0.02798179693737714,0.02798179693737714,7733
ZNF652,0.027961546340275353,0.027961546340275353,7734
NUDT5,0.027932482498053253,-0.027932482498053253,7735
FLCN,0.027932344588976612,0.027932344588976612,7736
PRKCB,0.02793165791320557,0.02793165791320557,7737
TMC2,0.027931461200874155,-0.027931461200874155,7738
CLSPN,0.027926363687246724,0.027926363687246724,7739
SSTR4,0.0279174856425469,0.0279174856425469,7740
DSC2,0.027912146469435205,0.027912146469435205,7741
KCNB2,0.027903757115315883,-0.027903757115315883,7742
PLA2G2F,0.027877087566887393,-0.027877087566887393,7743
LRP10,0.027875032225997572,0.027875032225997572,7744
GPR160,0.027874948101172987,-0.027874948101172987,7745
SNW1,0.027867603312968798,0.027867603312968798,7746
POGK,0.02785967736879962,0.02785967736879962,7747
SAAL1,0.027848745976024127,-0.027848745976024127,7748
RPS19,0.02782997804052075,0.02782997804052075,7749
UBE3B,0.027814593156000506,0.027814593156000506,7750
PRMT7,0.027813372713642707,0.027813372713642707,7751
ATP13A1,0.027804846149964046,0.027804846149964046,7752
CDRT1,0.027793293821822437,-0.027793293821822437,7753
ZNF326,0.027782911715831856,0.027782911715831856,7754
YBX1,0.027781660655472294,0.027781660655472294,7755
LLGL2,0.02777693905199838,-0.02777693905199838,7756
SF3A2,0.027773492830972687,0.027773492830972687,7757
GYPB,0.02774769556375129,0.02774769556375129,7758
ZBTB8OS,0.027747439862447175,-0.027747439862447175,7759
GGCX,0.02774050131403395,-0.02774050131403395,7760
DTD1,0.027733594435030803,0.027733594435030803,7761
SLC37A2,0.027733276576458788,0.027733276576458788,7762
CDCA2,0.02773273528235847,0.02773273528235847,7763
GZF1,0.027723884719788715,0.027723884719788715,7764
LCLAT1,0.027713561436073657,-0.027713561436073657,7765
ZBTB39,0.0277116377599461,0.0277116377599461,7766
TXK,0.02770818955889096,-0.02770818955889096,7767
NT5DC3,0.027695621548239464,0.027695621548239464,7768
FUCA1,0.02764933215074185,-0.02764933215074185,7769
FGFRL1,0.027633118883063783,0.027633118883063783,7770
TSNARE1,0.027616661478559238,-0.027616661478559238,7771
DENND2A,0.027611500848112588,-0.027611500848112588,7772
TBX19,0.027596088740830225,0.027596088740830225,7773
ELP3,0.027595719635230713,0.027595719635230713,7774
ONECUT1,0.02759426455200966,0.02759426455200966,7775
ZNF668,0.027590842610323286,0.027590842610323286,7776
TSPAN1,0.027582752281712242,0.027582752281712242,7777
DDX23,0.02754098885294973,-0.02754098885294973,7778
CCND3,0.027519854317488168,0.027519854317488168,7779
OPN4,0.02750583456692183,-0.02750583456692183,7780
GOLGA4,0.027503134157180944,-0.027503134157180944,7781
LITAF,0.0274984683850048,-0.0274984683850048,7782
MREG,0.027496085756236004,-0.027496085756236004,7783
PITRM1,0.027488769093023054,0.027488769093023054,7784
TDRD1,0.02748710338186217,0.02748710338186217,7785
PTPN2,0.02748028790253116,0.02748028790253116,7786
RABEP1,0.02746718284596676,-0.02746718284596676,7787
SNAPC5,0.027466935107393887,0.027466935107393887,7788
NISCH,0.027463298434756325,-0.027463298434756325,7789
NCKAP1,0.027458250639372205,-0.027458250639372205,7790
NFKBIB,0.027447487371845214,0.027447487371845214,7791
LMAN2,0.027437053035732205,0.027437053035732205,7792
ARGLU1,0.027426927055898123,0.027426927055898123,7793
FEZ2,0.027420422323499383,0.027420422323499383,7794
ACVR1C,0.027406894467215552,0.027406894467215552,7795
CABLES1,0.027369921443139076,0.027369921443139076,7796
CEBPB,0.02734307350235694,-0.02734307350235694,7797
SPATA22,0.027317668467788794,0.027317668467788794,7798
TCTA,0.027310138273652987,-0.027310138273652987,7799
SNRNP70,0.027291464915949942,0.027291464915949942,7800
NPAS2,0.02729094579900579,0.02729094579900579,7801
PAX4,0.027288291750542336,-0.027288291750542336,7802
ZNF394,0.02726314821175429,0.02726314821175429,7803
ZNF550,0.02724957779792242,-0.02724957779792242,7804
NXPH3,0.02724898194632879,0.02724898194632879,7805
GREM2,0.027231617143324147,0.027231617143324147,7806
ATP8B1,0.02722210314358035,0.02722210314358035,7807
PTPN1,0.027195389710738604,-0.027195389710738604,7808
UGT1A6,0.027192755810119585,0.027192755810119585,7809
FAM151A,0.027181142031945528,0.027181142031945528,7810
SLC5A11,0.02717538077849663,0.02717538077849663,7811
GRIN1,0.027172323825533223,-0.027172323825533223,7812
ANO2,0.027164140379165227,-0.027164140379165227,7813
KIAA0319,0.027144118017440457,-0.027144118017440457,7814
ODF1,0.02713519949312533,-0.02713519949312533,7815
SLITRK3,0.027125960370583208,0.027125960370583208,7816
CXCR5,0.027123272214462948,0.027123272214462948,7817
UXT,0.02711953580700461,0.02711953580700461,7818
UBAC1,0.02710185353279194,0.02710185353279194,7819
RBM18,0.027084851015497947,-0.027084851015497947,7820
CALM3,0.027079360057404602,0.027079360057404602,7821
CARTPT,0.027078045900193148,0.027078045900193148,7822
FGFR1,0.027073753253508158,-0.027073753253508158,7823
LRP1B,0.027065878630621466,0.027065878630621466,7824
IL1R1,0.027055995042775227,0.027055995042775227,7825
PRMT1,0.027031775700684036,-0.027031775700684036,7826
EDC3,0.027031488651783345,0.027031488651783345,7827
ACSM1,0.027026191826821377,-0.027026191826821377,7828
TCTEX1D2,0.027022309754617616,-0.027022309754617616,7829
CPXM1,0.02701600727496672,-0.02701600727496672,7830
ZNF696,0.02700785128977287,0.02700785128977287,7831
BAZ1B,0.026998280163319288,-0.026998280163319288,7832
PDRG1,0.026997551081472882,0.026997551081472882,7833
ACOT12,0.026978778093825036,-0.026978778093825036,7834
CABIN1,0.026976163274746452,-0.026976163274746452,7835
FKBP10,0.026966691156143432,0.026966691156143432,7836
WDR75,0.026966227500984954,-0.026966227500984954,7837
BRSK2,0.02696515090638521,-0.02696515090638521,7838
LHX6,0.02696133161225199,-0.02696133161225199,7839
HSPH1,0.026940480449333826,0.026940480449333826,7840
CCDC54,0.026939955548976335,-0.026939955548976335,7841
ABCB11,0.02693785758753463,0.02693785758753463,7842
TMEM59L,0.026932475807658438,-0.026932475807658438,7843
DYNC2LI1,0.026928515226943835,-0.026928515226943835,7844
SCFD2,0.0269248258036436,-0.0269248258036436,7845
NQO1,0.026902910609499456,0.026902910609499456,7846
BRS3,0.02689921257336057,-0.02689921257336057,7847
DHRS13,0.026883861069982744,0.026883861069982744,7848
HAND1,0.02687737612273675,-0.02687737612273675,7849
PSD3,0.026855314549150636,-0.026855314549150636,7850
TMPRSS4,0.026825201249354093,0.026825201249354093,7851
HPCA,0.026807030661549824,-0.026807030661549824,7852
PIGV,0.026805744716477016,-0.026805744716477016,7853
GTSE1,0.026804884776860216,0.026804884776860216,7854
CACNA2D1,0.026803788713800736,0.026803788713800736,7855
GALR3,0.02679905478412973,0.02679905478412973,7856
STK25,0.026796274031457797,0.026796274031457797,7857
AQR,0.026794505032325278,-0.026794505032325278,7858
DDX19A,0.026793156651082093,-0.026793156651082093,7859
ALDH1L2,0.026790850188195776,0.026790850188195776,7860
TBC1D15,0.02675738678941821,-0.02675738678941821,7861
RERE,0.026756346775182453,-0.026756346775182453,7862
PPM1G,0.026750668234484052,0.026750668234484052,7863
GPR17,0.026747566668018096,0.026747566668018096,7864
HSPA1L,0.026735875514444514,0.026735875514444514,7865
LENG1,0.026718976315898743,0.026718976315898743,7866
MRPL9,0.02671149172239732,0.02671149172239732,7867
PRPF8,0.026687035671977125,-0.026687035671977125,7868
G3BP2,0.026683780187524184,-0.026683780187524184,7869
FOSL2,0.026678925329260958,0.026678925329260958,7870
NUP160,0.02667430776041718,-0.02667430776041718,7871
OPRL1,0.026670508119625944,-0.026670508119625944,7872
CAPSL,0.026657415605450943,-0.026657415605450943,7873
STARD5,0.02664697775523605,0.02664697775523605,7874
PRPS1,0.026617403419485503,0.026617403419485503,7875
PLD3,0.026614678407538277,-0.026614678407538277,7876
EGR2,0.026606823139505614,-0.026606823139505614,7877
XKR8,0.026597960042031837,0.026597960042031837,7878
GSR,0.026543396145497826,0.026543396145497826,7879
TAF7,0.026540550374939978,0.026540550374939978,7880
YPEL5,0.02652680407790027,0.02652680407790027,7881
SOX15,0.0265225311190733,-0.0265225311190733,7882
DDX11,0.026517531889086426,-0.026517531889086426,7883
POP5,0.02651498081332082,0.02651498081332082,7884
BARHL1,0.026508923519037865,0.026508923519037865,7885
VCAM1,0.026498553560204592,0.026498553560204592,7886
ST3GAL2,0.0264901410967434,0.0264901410967434,7887
RBMS1,0.02647604788493551,-0.02647604788493551,7888
GPR37,0.026475189608467294,0.026475189608467294,7889
HNRNPU,0.026474144277657763,-0.026474144277657763,7890
PLSCR2,0.026452590715194433,-0.026452590715194433,7891
NPNT,0.026417086356845403,0.026417086356845403,7892
VWA5B2,0.026415871588241525,0.026415871588241525,7893
MNDA,0.026405322806402478,-0.026405322806402478,7894
BZW1,0.02640179063905083,0.02640179063905083,7895
UBE2G2,0.026391085542377825,0.026391085542377825,7896
EXPH5,0.02637305700669114,-0.02637305700669114,7897
IL17RB,0.02636522351568261,-0.02636522351568261,7898
PEX13,0.026358296766620225,0.026358296766620225,7899
ACTR1B,0.026336848641826054,0.026336848641826054,7900
MNT,0.026317830700188685,-0.026317830700188685,7901
N6AMT1,0.026315899070944622,-0.026315899070944622,7902
KHDRBS1,0.02631519202369262,0.02631519202369262,7903
NUBPL,0.026304959273456698,0.026304959273456698,7904
LRRC57,0.026297419141442333,0.026297419141442333,7905
TMEM86B,0.026291676272250195,-0.026291676272250195,7906
CCR9,0.02628959216717287,-0.02628959216717287,7907
CCT4,0.026279508895965312,0.026279508895965312,7908
SYT4,0.026275168192485664,0.026275168192485664,7909
A1CF,0.026273519822723756,0.026273519822723756,7910
ARIH2,0.026267626119357027,-0.026267626119357027,7911
ADAMTSL2,0.026257735223861208,-0.026257735223861208,7912
SEPHS1,0.026253211521017287,0.026253211521017287,7913
KHK,0.026223610282584183,-0.026223610282584183,7914
STXBP1,0.026223547367218387,-0.026223547367218387,7915
ALAS1,0.026222977140413165,0.026222977140413165,7916
ANKFY1,0.026218251899770652,-0.026218251899770652,7917
EIF3J,0.0262104010847848,0.0262104010847848,7918
SFPQ,0.026167220702295615,0.026167220702295615,7919
TDRD3,0.026163477666659427,-0.026163477666659427,7920
PITX3,0.026147451616979123,-0.026147451616979123,7921
EPHX1,0.02614122427663888,-0.02614122427663888,7922
HHAT,0.026118416674944,0.026118416674944,7923
PLXNB3,0.026110463045900194,-0.026110463045900194,7924
CPN2,0.026108036350233472,-0.026108036350233472,7925
PROC,0.02610434344279678,0.02610434344279678,7926
CHMP6,0.026103220205172258,-0.026103220205172258,7927
DDX24,0.026089700679736032,0.026089700679736032,7928
CENPK,0.026085930799812435,0.026085930799812435,7929
HLA-DMB,0.026078976624798335,-0.026078976624798335,7930
TNFSF13,0.026056576422047503,0.026056576422047503,7931
HDAC6,0.02605535962934911,-0.02605535962934911,7932
SHROOM1,0.026055319404002297,-0.026055319404002297,7933
PLA2G15,0.026045685456704007,0.026045685456704007,7934
ARFGAP3,0.02603874005194414,-0.02603874005194414,7935
RPN2,0.02603091728907587,0.02603091728907587,7936
COX4I1,0.026027927717617447,-0.026027927717617447,7937
SLC47A2,0.025988819390111446,-0.025988819390111446,7938
PTCD3,0.02598124680532627,0.02598124680532627,7939
MOV10,0.0259767875009722,-0.0259767875009722,7940
ZNF554,0.025966923829719914,0.025966923829719914,7941
NDRG4,0.025954931116353903,-0.025954931116353903,7942
IGLL1,0.02594616120230775,0.02594616120230775,7943
GPHN,0.02594249025146564,-0.02594249025146564,7944
AADAT,0.025940862007201766,-0.025940862007201766,7945
CMTM8,0.02593976426414849,0.02593976426414849,7946
KCTD12,0.02593764287400539,0.02593764287400539,7947
DLG4,0.02593267323761701,0.02593267323761701,7948
KCNIP4,0.02592762256859179,0.02592762256859179,7949
ZNF681,0.025918585817147257,-0.025918585817147257,7950
ZNF417,0.025912088650947247,0.025912088650947247,7951
LRP6,0.025908629393879418,0.025908629393879418,7952
MIP,0.02590621044455036,-0.02590621044455036,7953
TLL1,0.02590527865255823,0.02590527865255823,7954
HNRNPR,0.025884841729538186,0.025884841729538186,7955
LSM7,0.02588245778326293,-0.02588245778326293,7956
EFHC1,0.0258811103205609,0.0258811103205609,7957
MYH9,0.025877339432074507,-0.025877339432074507,7958
SMNDC1,0.025867362261744496,-0.025867362261744496,7959
TMEM167B,0.025864334524964703,0.025864334524964703,7960
HSCB,0.02586012837262419,0.02586012837262419,7961
P2RY2,0.025860018160173224,-0.025860018160173224,7962
RAB33A,0.02585870989991483,0.02585870989991483,7963
TIGD3,0.02585818547708553,0.02585818547708553,7964
ARPC5,0.025856081638782384,0.025856081638782384,7965
PTPRN,0.025842737830586385,0.025842737830586385,7966
DHODH,0.025822929026834703,-0.025822929026834703,7967
SNRPD2,0.02582046793001958,0.02582046793001958,7968
SLC5A7,0.025798699863560138,0.025798699863560138,7969
SLC1A7,0.025769387300626487,0.025769387300626487,7970
PRDM8,0.025764821300883457,0.025764821300883457,7971
ZNF506,0.025764096999943118,-0.025764096999943118,7972
AMOTL2,0.025744518525323647,0.025744518525323647,7973
MYH6,0.025719822464539615,0.025719822464539615,7974
ADIPOR1,0.025711582233689793,-0.025711582233689793,7975
PSMB3,0.025699948012470025,-0.025699948012470025,7976
MGAT2,0.025691511761493355,-0.025691511761493355,7977
THTPA,0.025684679210064433,0.025684679210064433,7978
TMEM216,0.025678632551647394,-0.025678632551647394,7979
ASB3,0.025672580818610884,-0.025672580818610884,7980
SEMA4B,0.025646905297792885,-0.025646905297792885,7981
PEX16,0.02564087285806787,-0.02564087285806787,7982
FAM187B,0.02562848786877346,-0.02562848786877346,7983
SRP9,0.025621148220263033,0.025621148220263033,7984
KLK10,0.02560876734753332,0.02560876734753332,7985
CAMKK1,0.025606940669032855,-0.025606940669032855,7986
CCDC120,0.025577983911117663,0.025577983911117663,7987
TRAPPC9,0.025575719711041327,-0.025575719711041327,7988
PDAP1,0.02557569985940526,0.02557569985940526,7989
DLGAP2,0.02555671874084212,-0.02555671874084212,7990
ADCY4,0.025556057876284972,-0.025556057876284972,7991
PROX1,0.02555112441648933,0.02555112441648933,7992
SPOP,0.025549954980700403,0.025549954980700403,7993
POLR2B,0.025537843450085546,-0.025537843450085546,7994
DNASE1,0.025529969810203394,0.025529969810203394,7995
ZIM2,0.02551697105245356,-0.02551697105245356,7996
DUSP6,0.02551402743060581,0.02551402743060581,7997
ZNF337,0.025507768386724056,-0.025507768386724056,7998
SLC24A3,0.025491192567740916,0.025491192567740916,7999
MRPS25,0.025486724576636484,0.025486724576636484,8000
CLPTM1L,0.025482973034976344,-0.025482973034976344,8001
SYT6,0.025476561663931113,-0.025476561663931113,8002
FAM3C,0.025471873581743017,-0.025471873581743017,8003
TPD52L3,0.025465960881462184,0.025465960881462184,8004
RBM4,0.025447723568842878,-0.025447723568842878,8005
SNTG2,0.025430472657076184,0.025430472657076184,8006
CAMK2G,0.025428206408849654,0.025428206408849654,8007
TES,0.02542813789360626,0.02542813789360626,8008
SAMD3,0.02542069082262024,0.02542069082262024,8009
PRDM2,0.025406765559302193,0.025406765559302193,8010
HARS2,0.025406678675899706,0.025406678675899706,8011
PSMB2,0.025404446083584043,0.025404446083584043,8012
PAPSS1,0.02540077546279688,0.02540077546279688,8013
XPOT,0.025398932273491378,-0.025398932273491378,8014
IL4R,0.025390265492338804,-0.025390265492338804,8015
RASSF1,0.025384078152428616,-0.025384078152428616,8016
DKK1,0.02534559287330382,-0.02534559287330382,8017
ADCY8,0.02534268174674674,-0.02534268174674674,8018
RPL34,0.025340371664331746,-0.025340371664331746,8019
ATP13A4,0.02534016450843722,0.02534016450843722,8020
GPR61,0.02532759803547558,0.02532759803547558,8021
CUL5,0.02532281983600641,-0.02532281983600641,8022
STAM2,0.02531223449084961,-0.02531223449084961,8023
PLXNC1,0.02530858578431956,0.02530858578431956,8024
YBX2,0.0253084505183221,-0.0253084505183221,8025
KLRG2,0.02530696329535072,-0.02530696329535072,8026
METTL5,0.025302006490432967,-0.025302006490432967,8027
SPACA3,0.02529903277160078,-0.02529903277160078,8028
NDUFS6,0.025296933545642837,-0.025296933545642837,8029
CDCA4,0.025291084424088537,0.025291084424088537,8030
IVL,0.025287152314981395,0.025287152314981395,8031
IRX2,0.025253318489252007,-0.025253318489252007,8032
UTP6,0.02524983451418968,-0.02524983451418968,8033
PRICKLE1,0.025249072120441737,0.025249072120441737,8034
NUBP2,0.02524667911264109,-0.02524667911264109,8035
ATN1,0.025220990244755895,-0.025220990244755895,8036
NID2,0.02521727995172588,0.02521727995172588,8037
CTBS,0.02520906892871724,-0.02520906892871724,8038
ITPRIP,0.025200923631512585,0.025200923631512585,8039
SOAT2,0.025189709633804507,-0.025189709633804507,8040
TRMT6,0.02517950942869569,0.02517950942869569,8041
ADAMTS18,0.025164117423460863,0.025164117423460863,8042
ELMO3,0.02515186393790125,0.02515186393790125,8043
MRTO4,0.0251494655998785,-0.0251494655998785,8044
NOB1,0.02514184706744509,0.02514184706744509,8045
ZFP36L2,0.025137752835726366,-0.025137752835726366,8046
SLC39A12,0.025135508676204846,0.025135508676204846,8047
SCAMP4,0.025123083020652633,-0.025123083020652633,8048
ERAP1,0.02510229943243836,0.02510229943243836,8049
SRP14,0.025100193938930346,-0.025100193938930346,8050
SUCLG1,0.025097154163381305,-0.025097154163381305,8051
CCL23,0.02505943593329575,0.02505943593329575,8052
GBF1,0.02505624053588675,-0.02505624053588675,8053
S100P,0.025033288787116206,-0.025033288787116206,8054
UGT3A1,0.025027137337733773,0.025027137337733773,8055
PARP16,0.0250250483713668,-0.0250250483713668,8056
ZNF490,0.025023102042193466,-0.025023102042193466,8057
TMEM168,0.02502151979641409,0.02502151979641409,8058
SPTBN1,0.024994690269838516,0.024994690269838516,8059
ERMAP,0.024994410732260948,0.024994410732260948,8060
AUTS2,0.024990511133446032,0.024990511133446032,8061
HAAO,0.024988155415789075,-0.024988155415789075,8062
ZBTB22,0.024969744863185397,-0.024969744863185397,8063
UBA1,0.024969327847967328,0.024969327847967328,8064
ESX1,0.024957770530844952,0.024957770530844952,8065
UBAP1,0.0249485661782762,0.0249485661782762,8066
E2F2,0.024942811530014486,-0.024942811530014486,8067
ATP1A4,0.024930650945896957,-0.024930650945896957,8068
FAM98C,0.024927853289544118,-0.024927853289544118,8069
CDH1,0.02492582994798662,-0.02492582994798662,8070
CEP55,0.0249246283078523,-0.0249246283078523,8071
MORC3,0.02492060815216586,0.02492060815216586,8072
TM4SF1,0.02491060799188527,-0.02491060799188527,8073
CD8A,0.024909916356606047,0.024909916356606047,8074
BCAS2,0.02490946678292395,-0.02490946678292395,8075
GLRA3,0.024904930686055985,-0.024904930686055985,8076
SLC34A2,0.02487850009828926,0.02487850009828926,8077
FAS,0.02487291873140438,-0.02487291873140438,8078
MAN2A2,0.02484166447816147,0.02484166447816147,8079
UBE2Q2,0.024838397165028264,-0.024838397165028264,8080
DYNLT3,0.024814883865155873,0.024814883865155873,8081
KCNIP2,0.024804505717750613,-0.024804505717750613,8082
RPAP1,0.024784860415477578,0.024784860415477578,8083
TCHP,0.024773588313052788,0.024773588313052788,8084
PDE3B,0.02476951047856346,0.02476951047856346,8085
C5orf51,0.024755123083054713,-0.024755123083054713,8086
NLRP8,0.024745675432665228,0.024745675432665228,8087
MAGI2,0.02473896787894682,0.02473896787894682,8088
HS6ST1,0.024721608760768433,0.024721608760768433,8089
STX2,0.02471823597048126,0.02471823597048126,8090
TMED9,0.024693577188073804,0.024693577188073804,8091
PATE1,0.024655949197784056,0.024655949197784056,8092
CXADR,0.02465016953101323,0.02465016953101323,8093
CALML6,0.024648491790967397,0.024648491790967397,8094
DPYD,0.024634818712304954,-0.024634818712304954,8095
SERP2,0.024629191150737983,-0.024629191150737983,8096
ADAM15,0.02462664706716479,0.02462664706716479,8097
GNG13,0.024619868677181144,0.024619868677181144,8098
RPS16,0.024587373350087077,0.024587373350087077,8099
TP53I13,0.024579327902794948,0.024579327902794948,8100
MCF2L,0.024571798177192967,-0.024571798177192967,8101
KIFC3,0.024561374153718903,-0.024561374153718903,8102
NPAT,0.024554534936033764,0.024554534936033764,8103
CEND1,0.02454113246468476,0.02454113246468476,8104
S100A16,0.02453616328175492,0.02453616328175492,8105
PLXDC1,0.02453064294308412,0.02453064294308412,8106
SLC17A1,0.02452610733457354,-0.02452610733457354,8107
ABCD4,0.02452065392276069,0.02452065392276069,8108
ZEB2,0.024503390688393804,-0.024503390688393804,8109
KIR3DL3,0.024490360588860262,-0.024490360588860262,8110
RCAN2,0.024485696110231114,0.024485696110231114,8111
EPM2AIP1,0.02447927402359285,0.02447927402359285,8112
UTF1,0.024474615159632736,-0.024474615159632736,8113
RASGRF2,0.024463606885205044,0.024463606885205044,8114
PTTG1IP,0.02445354377275038,0.02445354377275038,8115
HNRNPAB,0.024448979618011214,0.024448979618011214,8116
TERF1,0.024442652793129835,-0.024442652793129835,8117
C1QA,0.024434880203756594,0.024434880203756594,8118
VCPIP1,0.024416772634626195,-0.024416772634626195,8119
GJC1,0.024405572815566733,0.024405572815566733,8120
ICOS,0.024400798814007623,0.024400798814007623,8121
TEX264,0.02439297462485241,0.02439297462485241,8122
ZNF830,0.024379990375212334,0.024379990375212334,8123
IFIH1,0.024379251316603047,-0.024379251316603047,8124
CALML3,0.024367773878444875,-0.024367773878444875,8125
TAZ,0.024360167005561668,0.024360167005561668,8126
MAGEH1,0.024349782800026906,-0.024349782800026906,8127
TMEM128,0.024337024553321252,0.024337024553321252,8128
CORIN,0.024334156477443903,0.024334156477443903,8129
PPAT,0.02432588645358535,-0.02432588645358535,8130
RNASE6,0.024319178621067743,0.024319178621067743,8131
PRMT2,0.024307467829997032,0.024307467829997032,8132
LRRC18,0.024306478658106978,-0.024306478658106978,8133
NIPSNAP3A,0.024296741256627962,0.024296741256627962,8134
SYCN,0.02426159846649864,0.02426159846649864,8135
NFKBID,0.02425498138711692,-0.02425498138711692,8136
CETN2,0.02424172193836746,0.02424172193836746,8137
ZBTB7A,0.024223741362906566,0.024223741362906566,8138
IPO7,0.024218247272645915,-0.024218247272645915,8139
SIDT1,0.024214506997549283,-0.024214506997549283,8140
SLC22A11,0.0242124834134156,-0.0242124834134156,8141
USP16,0.024212010860548003,0.024212010860548003,8142
CUL7,0.024209827910207326,0.024209827910207326,8143
PPP1CA,0.02419380019914382,0.02419380019914382,8144
RPL37,0.024192932037300146,-0.024192932037300146,8145
FBXO25,0.024174957226082948,0.024174957226082948,8146
ZCCHC8,0.02416937668787222,-0.02416937668787222,8147
CORO1C,0.02416822612213717,-0.02416822612213717,8148
PRR15,0.024165275449765388,-0.024165275449765388,8149
DCX,0.024160487473126192,-0.024160487473126192,8150
WNT10B,0.02415955432160703,-0.02415955432160703,8151
CTF1,0.024145595124054158,0.024145595124054158,8152
SLC2A12,0.02413859744916332,-0.02413859744916332,8153
PLG,0.024137349311964217,0.024137349311964217,8154
MTCH2,0.024137126837339967,-0.024137126837339967,8155
B3GALT2,0.0241362938439507,-0.0241362938439507,8156
CD300LB,0.024124172280306364,-0.024124172280306364,8157
FAU,0.024101595924290845,0.024101595924290845,8158
OXSM,0.02409041951975171,-0.02409041951975171,8159
DHH,0.024083403336017318,0.024083403336017318,8160
RFX3,0.024074920870765074,0.024074920870765074,8161
RYR1,0.024074158957046628,0.024074158957046628,8162
ZXDC,0.02405916415959362,-0.02405916415959362,8163
DCTPP1,0.02404538082956146,0.02404538082956146,8164
LAG3,0.024044526209244816,0.024044526209244816,8165
LYRM2,0.02403402941229423,-0.02403402941229423,8166
RACGAP1,0.024033227689874703,0.024033227689874703,8167
PTH2R,0.02402191609866877,-0.02402191609866877,8168
GNPAT,0.024011750425505077,0.024011750425505077,8169
ONECUT2,0.024005803956124637,0.024005803956124637,8170
COX17,0.023998111271591398,0.023998111271591398,8171
MDFI,0.02399263961055431,0.02399263961055431,8172
SCARA5,0.023980125756008972,0.023980125756008972,8173
TRIM35,0.023973936673135035,-0.023973936673135035,8174
GFI1B,0.023953039884020075,-0.023953039884020075,8175
CDK5RAP1,0.023941652890352726,0.023941652890352726,8176
TBC1D22B,0.02393581494083774,0.02393581494083774,8177
CLSTN1,0.02392867849214712,0.02392867849214712,8178
FBXO7,0.02392090524733964,0.02392090524733964,8179
ZBTB33,0.02391975890708152,0.02391975890708152,8180
S1PR1,0.023916489984016253,-0.023916489984016253,8181
DDA1,0.02390455874474509,-0.02390455874474509,8182
DYNC2H1,0.02390438422531759,-0.02390438422531759,8183
SLC2A11,0.02387231733828317,0.02387231733828317,8184
BANF2,0.023866436761712878,0.023866436761712878,8185
RABEPK,0.02386326359937201,-0.02386326359937201,8186
MELK,0.023839653613882305,0.023839653613882305,8187
KBTBD7,0.02382539797868497,0.02382539797868497,8188
PPID,0.02380832024400676,0.02380832024400676,8189
STAC2,0.023804325908323168,0.023804325908323168,8190
LY75,0.023801236571602054,0.023801236571602054,8191
PHC2,0.02379874313107096,-0.02379874313107096,8192
FHL5,0.023791711508325337,-0.023791711508325337,8193
MAF,0.023783263990684,-0.023783263990684,8194
TUBA1B,0.023782238753593907,-0.023782238753593907,8195
ZFP36L1,0.023775598146520586,-0.023775598146520586,8196
RP9,0.02376366870760565,0.02376366870760565,8197
MOSPD1,0.0237421338056759,0.0237421338056759,8198
UBE2V2,0.023736204370332848,0.023736204370332848,8199
TBPL1,0.023727441318158286,-0.023727441318158286,8200
SND1,0.02371481621567896,0.02371481621567896,8201
BLVRB,0.02368814240929503,0.02368814240929503,8202
B3GNT4,0.023687808228532375,-0.023687808228532375,8203
PAF1,0.023677791310007926,0.023677791310007926,8204
ATP6V0B,0.02367740272772971,0.02367740272772971,8205
ESRRB,0.0236754727144629,-0.0236754727144629,8206
CNPY3,0.02365587025436708,0.02365587025436708,8207
AXIN1,0.023641658057241572,0.023641658057241572,8208
PLD2,0.02363553965372503,0.02363553965372503,8209
ATG16L1,0.023634225574306722,0.023634225574306722,8210
GAB3,0.023632132859825808,-0.023632132859825808,8211
ETV6,0.02362973021163387,0.02362973021163387,8212
ZDHHC4,0.023616976890276014,-0.023616976890276014,8213
POU5F2,0.023615861433023234,0.023615861433023234,8214
SLC18A1,0.023602715469223653,-0.023602715469223653,8215
LGALS4,0.023591147946906674,0.023591147946906674,8216
NLK,0.02358639685320485,-0.02358639685320485,8217
BCL2L10,0.02358393517197678,-0.02358393517197678,8218
REG3A,0.023559748545665525,-0.023559748545665525,8219
SFRP1,0.023555137883882034,-0.023555137883882034,8220
SLC25A3,0.0235419220444812,0.0235419220444812,8221
RXRA,0.023532233253316593,0.023532233253316593,8222
PKNOX1,0.023514822178090197,0.023514822178090197,8223
ZFYVE27,0.02351383630206566,-0.02351383630206566,8224
RGMA,0.02349594349655605,-0.02349594349655605,8225
PTPRJ,0.023494357629004772,-0.023494357629004772,8226
CRTAP,0.023478396166260344,-0.023478396166260344,8227
ZNF354B,0.02347041249455492,0.02347041249455492,8228
COPA,0.023463153832958283,0.023463153832958283,8229
BTBD16,0.023460491507018847,0.023460491507018847,8230
CLIC6,0.023453546450494422,-0.023453546450494422,8231
ASIP,0.023437546144575185,0.023437546144575185,8232
TXNL4B,0.023434325659639144,-0.023434325659639144,8233
OR1D2,0.023416759683561078,0.023416759683561078,8234
STYXL1,0.023402092556231352,-0.023402092556231352,8235
RYBP,0.023399690515470046,-0.023399690515470046,8236
TCL1B,0.023385772883097993,-0.023385772883097993,8237
POF1B,0.023374860705372414,-0.023374860705372414,8238
NDRG3,0.023368258711608674,-0.023368258711608674,8239
CLEC4M,0.02336483880640429,-0.02336483880640429,8240
CHD4,0.023353266248446504,0.023353266248446504,8241
AKR1C3,0.02333701820854571,-0.02333701820854571,8242
TMEM39B,0.023330134019990293,0.023330134019990293,8243
MNS1,0.023326512735137663,-0.023326512735137663,8244
HRH2,0.023314973389317165,0.023314973389317165,8245
GNB4,0.02331191146169195,-0.02331191146169195,8246
TRPC4AP,0.02331120079985142,-0.02331120079985142,8247
ABCF2,0.023298620808798673,0.023298620808798673,8248
FLT3LG,0.02329677739185271,0.02329677739185271,8249
TLR9,0.023276870267897435,-0.023276870267897435,8250
RIC3,0.023266718022074365,-0.023266718022074365,8251
CDH4,0.023266423640238922,0.023266423640238922,8252
ZSCAN2,0.023263650446367117,-0.023263650446367117,8253
SMN2,0.023233660074848665,-0.023233660074848665,8254
EBAG9,0.023223975687246885,0.023223975687246885,8255
PEX11A,0.023202104404771898,-0.023202104404771898,8256
SF3A1,0.02319955639073696,0.02319955639073696,8257
THAP8,0.02317469914441902,0.02317469914441902,8258
WDR31,0.023171432935612545,-0.023171432935612545,8259
EIF4EBP2,0.02316630040665054,-0.02316630040665054,8260
ART1,0.023165554419781714,-0.023165554419781714,8261
DNAJA2,0.023165458243193545,0.023165458243193545,8262
STXBP3,0.02316536518435319,0.02316536518435319,8263
CHD2,0.023149602016132836,0.023149602016132836,8264
ATP6V0A1,0.023149328035325697,-0.023149328035325697,8265
CTSA,0.023141124468885273,-0.023141124468885273,8266
HLX,0.023134965160730495,-0.023134965160730495,8267
ZDHHC7,0.02311920794609161,-0.02311920794609161,8268
SH3BP2,0.023117599777229617,-0.023117599777229617,8269
TNFRSF9,0.02311322784136429,-0.02311322784136429,8270
EXOC3,0.023109192395291918,0.023109192395291918,8271
LRFN2,0.023107664151517597,0.023107664151517597,8272
MAN2B1,0.023081748467574756,-0.023081748467574756,8273
AHSG,0.02307993105999823,0.02307993105999823,8274
ECHDC1,0.023078534571402808,-0.023078534571402808,8275
CADM1,0.02307738532158272,0.02307738532158272,8276
NUSAP1,0.023068296847951315,0.023068296847951315,8277
TSPAN14,0.023045024715982382,-0.023045024715982382,8278
GIN1,0.023026690823779342,0.023026690823779342,8279
CCL26,0.023019488913540262,0.023019488913540262,8280
MARCKSL1,0.022998919432832606,-0.022998919432832606,8281
SLFNL1,0.022985243151425604,0.022985243151425604,8282
SLPI,0.022980711451228444,-0.022980711451228444,8283
CSN2,0.022979421260258228,0.022979421260258228,8284
ACTR1A,0.022963983379960362,-0.022963983379960362,8285
CUEDC2,0.022950771148797247,0.022950771148797247,8286
RBM7,0.022949171646534147,-0.022949171646534147,8287
FETUB,0.022944927519195336,0.022944927519195336,8288
CD274,0.022898781869628737,0.022898781869628737,8289
TRO,0.02289186784112481,0.02289186784112481,8290
VPS41,0.0228896566586061,0.0228896566586061,8291
ZNF589,0.022878031140031372,-0.022878031140031372,8292
HMX1,0.022873859871682067,0.022873859871682067,8293
MCFD2,0.022870174937393958,0.022870174937393958,8294
STEAP2,0.022854079797536873,-0.022854079797536873,8295
LYAR,0.022830187784436264,0.022830187784436264,8296
SOSTDC1,0.02282741833052598,0.02282741833052598,8297
GPN3,0.0227951768222066,-0.0227951768222066,8298
KCNJ11,0.0227842208159335,-0.0227842208159335,8299
FAM53C,0.022783719059377473,0.022783719059377473,8300
HSPB2,0.022724067539035178,-0.022724067539035178,8301
BTBD6,0.022710203091405656,-0.022710203091405656,8302
TNFRSF18,0.02270807115765606,0.02270807115765606,8303
CPA5,0.02269664365923688,0.02269664365923688,8304
VSIG1,0.022676314194548314,-0.022676314194548314,8305
GNPTG,0.022666694876737187,-0.022666694876737187,8306
M6PR,0.022662800928763997,-0.022662800928763997,8307
FAT2,0.02265625093112262,0.02265625093112262,8308
SMARCC1,0.022653920281523708,0.022653920281523708,8309
PALM,0.02264675188825402,-0.02264675188825402,8310
MICA,0.022646316101912752,0.022646316101912752,8311
HJURP,0.022643560440591286,0.022643560440591286,8312
CTTNBP2NL,0.022632732329571425,-0.022632732329571425,8313
AOC3,0.022621444595297233,-0.022621444595297233,8314
CHMP4A,0.02261663746690337,0.02261663746690337,8315
ANGEL1,0.022606393733132266,0.022606393733132266,8316
ROM1,0.022599850766148427,0.022599850766148427,8317
DYNLRB2,0.022588324146706345,-0.022588324146706345,8318
CCDC107,0.02257621213584825,-0.02257621213584825,8319
NEK4,0.022574223940981422,0.022574223940981422,8320
MEP1A,0.022562197149109994,0.022562197149109994,8321
P2RY4,0.02256109944857967,0.02256109944857967,8322
TYW1,0.022556764732174776,-0.022556764732174776,8323
ELF1,0.02254365263494449,0.02254365263494449,8324
LRFN4,0.022539835081668194,-0.022539835081668194,8325
PLEKHA8,0.022538648511218354,-0.022538648511218354,8326
RHBDD1,0.022506951909410027,0.022506951909410027,8327
SCRN3,0.022499885724090757,-0.022499885724090757,8328
IL1RL2,0.02249614284727214,0.02249614284727214,8329
SEC61G,0.022495397017983927,-0.022495397017983927,8330
MAP2K4,0.022478478395894372,0.022478478395894372,8331
ZNF48,0.022459156338909703,0.022459156338909703,8332
TMEM156,0.02243557102659975,0.02243557102659975,8333
CFHR2,0.022427413955573034,-0.022427413955573034,8334
CRYGB,0.02242659338780418,-0.02242659338780418,8335
OXER1,0.02242534040747351,-0.02242534040747351,8336
NNAT,0.022424380238268073,0.022424380238268073,8337
HOMEZ,0.022420146479582032,0.022420146479582032,8338
POT1,0.022416923712368135,-0.022416923712368135,8339
LRRTM2,0.02241138300405188,-0.02241138300405188,8340
CEP78,0.022397107616875262,0.022397107616875262,8341
CORT,0.022370639934938825,0.022370639934938825,8342
HSH2D,0.022323897608264275,-0.022323897608264275,8343
C1orf94,0.022323434727309476,0.022323434727309476,8344
PEX19,0.022313958423799875,0.022313958423799875,8345
NRBF2,0.022308052651546652,-0.022308052651546652,8346
SLC44A1,0.02230199259800421,0.02230199259800421,8347
EMILIN2,0.022298588832962946,-0.022298588832962946,8348
TMEM87A,0.022284925991683247,-0.022284925991683247,8349
BAD,0.022280324608563603,-0.022280324608563603,8350
EIF2B4,0.022262277217722042,-0.022262277217722042,8351
UBR3,0.022253582624280212,-0.022253582624280212,8352
GPR183,0.022253069540449283,0.022253069540449283,8353
SLC22A23,0.02224311838225738,0.02224311838225738,8354
EIF2AK2,0.02224293397531648,0.02224293397531648,8355
TAS2R8,0.022240831440276682,-0.022240831440276682,8356
TSC1,0.022228408118810505,-0.022228408118810505,8357
MTCH1,0.022228077256907054,0.022228077256907054,8358
RNF220,0.022224032899555365,-0.022224032899555365,8359
NDUFB8,0.02221833464307161,-0.02221833464307161,8360
RAD23B,0.022213899959912135,-0.022213899959912135,8361
MFHAS1,0.02220678402675627,-0.02220678402675627,8362
GNA11,0.02220322603505629,-0.02220322603505629,8363
HSFX1,0.022198081605336335,-0.022198081605336335,8364
PAQR5,0.022190983598193877,0.022190983598193877,8365
ABCC3,0.02218433486729336,-0.02218433486729336,8366
C1orf109,0.02217887648169738,-0.02217887648169738,8367
STX16,0.02216976828043185,0.02216976828043185,8368
TMBIM4,0.022167434995986092,-0.022167434995986092,8369
POLE,0.022160584563427902,0.022160584563427902,8370
TMED2,0.022146898880418035,-0.022146898880418035,8371
CALCA,0.022144451949953393,-0.022144451949953393,8372
SRP72,0.02214371844471451,-0.02214371844471451,8373
MYO1F,0.022141575949219117,-0.022141575949219117,8374
ZNF107,0.022139027764014926,-0.022139027764014926,8375
FAM83F,0.022138171432105253,0.022138171432105253,8376
CYP46A1,0.022127019237050537,0.022127019237050537,8377
HABP4,0.02212590382471338,0.02212590382471338,8378
DSTN,0.022114052296190182,0.022114052296190182,8379
MRPL46,0.022107228980061858,-0.022107228980061858,8380
FZR1,0.02210589940639753,-0.02210589940639753,8381
RDX,0.022099458417763024,0.022099458417763024,8382
METTL6,0.022098384932385785,0.022098384932385785,8383
OS9,0.022096744119136265,0.022096744119136265,8384
CSK,0.02209300732911608,0.02209300732911608,8385
CD226,0.022092940446651128,0.022092940446651128,8386
MRPL13,0.02208662682825443,-0.02208662682825443,8387
SMYD3,0.022078325542622443,0.022078325542622443,8388
SLC22A18,0.022074395553863747,-0.022074395553863747,8389
ZNF101,0.02206926575511965,0.02206926575511965,8390
PATZ1,0.02206786285866094,0.02206786285866094,8391
PADI2,0.022047451242656016,0.022047451242656016,8392
CPEB3,0.022036295523497135,0.022036295523497135,8393
SLC35C2,0.0220329876332084,-0.0220329876332084,8394
SAGE1,0.02202590432428396,-0.02202590432428396,8395
B4GALT4,0.022022452694390328,-0.022022452694390328,8396
IAPP,0.021991120080021926,-0.021991120080021926,8397
ZNF345,0.021974705393455602,-0.021974705393455602,8398
HOXD1,0.021964619034437197,0.021964619034437197,8399
TLX1,0.021961773818397003,0.021961773818397003,8400
GABRR1,0.021945106473140324,-0.021945106473140324,8401
NOTCH1,0.021930925302863984,0.021930925302863984,8402
HAS3,0.021919483687396425,0.021919483687396425,8403
YRDC,0.021913240240540494,0.021913240240540494,8404
SLC9A2,0.02190698213530701,0.02190698213530701,8405
LDHA,0.02189194920065515,0.02189194920065515,8406
TTC9B,0.021886156452320178,0.021886156452320178,8407
ISLR2,0.02186597980000099,0.02186597980000099,8408
SEMA4F,0.021861503411254625,0.021861503411254625,8409
UNC45A,0.0218597857035167,-0.0218597857035167,8410
RNF8,0.02185894912671284,0.02185894912671284,8411
PTBP2,0.02185081333424439,-0.02185081333424439,8412
CASKIN2,0.02184127925732434,-0.02184127925732434,8413
ZNF146,0.021819996278942887,0.021819996278942887,8414
DNMT1,0.021812192246327376,0.021812192246327376,8415
LRRC4C,0.021811946776402028,0.021811946776402028,8416
SI,0.02178871196842632,-0.02178871196842632,8417
USP14,0.021787845009801063,0.021787845009801063,8418
EIF3G,0.021758052258395458,-0.021758052258395458,8419
ATOH7,0.02173203615617312,0.02173203615617312,8420
LAMB2,0.021725950073576944,-0.021725950073576944,8421
NME6,0.02172386894387075,0.02172386894387075,8422
PRKD2,0.021718471791064783,-0.021718471791064783,8423
MAPKAPK2,0.02171629124024054,-0.02171629124024054,8424
PDS5A,0.021707836318098642,0.021707836318098642,8425
AK7,0.021677807611124398,-0.021677807611124398,8426
RPS6KC1,0.021670284005678015,-0.021670284005678015,8427
SIGLEC11,0.021670070418296685,0.021670070418296685,8428
OR1A1,0.02166218256709792,-0.02166218256709792,8429
FAH,0.02164673458030682,0.02164673458030682,8430
NAGA,0.02164164083285035,-0.02164164083285035,8431
DRAP1,0.02162566734134637,-0.02162566734134637,8432
TNFSF11,0.021616730406654214,-0.021616730406654214,8433
MYL7,0.02160461741461825,-0.02160461741461825,8434
LYRM4,0.02160227888230869,0.02160227888230869,8435
SERPINB13,0.021600248912778442,0.021600248912778442,8436
CLN3,0.02159388762936847,-0.02159388762936847,8437
LPA,0.021590395914504467,-0.021590395914504467,8438
GPRIN2,0.02155847678654633,0.02155847678654633,8439
GRM2,0.021549348626718555,0.021549348626718555,8440
HHATL,0.021545626274213796,-0.021545626274213796,8441
TMEM47,0.021533249482834783,-0.021533249482834783,8442
STK17A,0.021532245173157914,-0.021532245173157914,8443
SDCBP,0.021526192440379587,-0.021526192440379587,8444
DHRS7,0.021518492583494968,-0.021518492583494968,8445
CKLF,0.021517658364954537,-0.021517658364954537,8446
MRPS30,0.02150953908148924,0.02150953908148924,8447
POLDIP3,0.021505487825199555,-0.021505487825199555,8448
FBXL20,0.021499010969565555,-0.021499010969565555,8449
R3HDM1,0.021491924897432565,0.021491924897432565,8450
CSNK2B,0.02149049332010072,0.02149049332010072,8451
TMIE,0.021486709109172435,-0.021486709109172435,8452
TSSK3,0.021478388190630266,0.021478388190630266,8453
ICAM1,0.021466466741049826,-0.021466466741049826,8454
SAP30,0.021457536101089848,-0.021457536101089848,8455
ESD,0.021453216691891482,0.021453216691891482,8456
CNDP1,0.021446574138992116,0.021446574138992116,8457
FNTA,0.021431760177098542,0.021431760177098542,8458
TNFRSF10C,0.02143149008190704,0.02143149008190704,8459
S100A2,0.021425538514461398,0.021425538514461398,8460
FUT2,0.02142172071172148,0.02142172071172148,8461
FGF1,0.021421284260877648,-0.021421284260877648,8462
RRH,0.02140674568737631,-0.02140674568737631,8463
GNAI1,0.021405159617523033,0.021405159617523033,8464
DDX3X,0.021399314376922943,-0.021399314376922943,8465
LILRB2,0.021397501859752303,0.021397501859752303,8466
ZSCAN21,0.02139672849636894,0.02139672849636894,8467
TRIM21,0.021394269996208713,0.021394269996208713,8468
EGFLAM,0.021363562534468892,-0.021363562534468892,8469
ATP6AP1,0.021363214189475645,0.021363214189475645,8470
EBF4,0.021358659483708627,-0.021358659483708627,8471
STXBP6,0.021352387994969725,0.021352387994969725,8472
FGFR3,0.02131898449397371,0.02131898449397371,8473
PRPF4B,0.02131268377254704,0.02131268377254704,8474
GSK3B,0.021309262696386402,0.021309262696386402,8475
GRTP1,0.0212994918473118,-0.0212994918473118,8476
ZMPSTE24,0.021297076445122937,-0.021297076445122937,8477
CLRN3,0.021245338746503226,-0.021245338746503226,8478
CGGBP1,0.02124253582697307,-0.02124253582697307,8479
STX3,0.02124025552558424,0.02124025552558424,8480
UBE2B,0.02123264803386612,0.02123264803386612,8481
CYP2C9,0.0212053801668556,0.0212053801668556,8482
PCSK4,0.021184813797271874,-0.021184813797271874,8483
OPA1,0.02117199683341849,-0.02117199683341849,8484
SLC39A6,0.02116179146174662,-0.02116179146174662,8485
HOOK1,0.02114878509586894,-0.02114878509586894,8486
ZC3H10,0.021136971954988877,-0.021136971954988877,8487
INPP4B,0.021127909624439462,0.021127909624439462,8488
PSG6,0.021121026550991368,-0.021121026550991368,8489
RNF167,0.021117707829597702,-0.021117707829597702,8490
DCTN2,0.021117555610991108,0.021117555610991108,8491
TTC21A,0.02111671516367851,-0.02111671516367851,8492
POLL,0.021116713453695132,0.021116713453695132,8493
MRPL1,0.021095164870145268,-0.021095164870145268,8494
GAL3ST4,0.021084231590731202,-0.021084231590731202,8495
CRHR2,0.02108260474462068,-0.02108260474462068,8496
GRIN3A,0.021079925895371047,-0.021079925895371047,8497
PPP3R2,0.021077835149774484,-0.021077835149774484,8498
CLEC1A,0.02106594412532781,-0.02106594412532781,8499
SBF2,0.02105011318777026,0.02105011318777026,8500
ENG,0.02102595204342055,0.02102595204342055,8501
PSRC1,0.021011996495357604,-0.021011996495357604,8502
DIP2A,0.021010925792032464,-0.021010925792032464,8503
SNRPD3,0.020982140566153905,-0.020982140566153905,8504
REL,0.02096827332857921,0.02096827332857921,8505
ZNF670,0.020952460554020835,-0.020952460554020835,8506
DNTTIP1,0.020947789804855305,0.020947789804855305,8507
PEBP1,0.02094687608308339,-0.02094687608308339,8508
DAPK3,0.020938487365485182,0.020938487365485182,8509
SAA2,0.02093661806956613,-0.02093661806956613,8510
ITPR3,0.020931410953339145,-0.020931410953339145,8511
C17orf50,0.020930081125852523,0.020930081125852523,8512
HSD17B7,0.0209227943579814,0.0209227943579814,8513
TSHZ3,0.020885893470889174,-0.020885893470889174,8514
HDAC5,0.02088148960013211,-0.02088148960013211,8515
FGD4,0.020880399558351317,-0.020880399558351317,8516
CEL,0.02087061411928974,0.02087061411928974,8517
AKT1,0.020868387227818485,-0.020868387227818485,8518
GHSR,0.020861130306170494,0.020861130306170494,8519
PRKAR1A,0.020860968044603266,-0.020860968044603266,8520
CTSO,0.020847435514766567,0.020847435514766567,8521
ZBTB11,0.02084699529323493,-0.02084699529323493,8522
ZNF334,0.020814222982460325,-0.020814222982460325,8523
SPINK5,0.020803066820264716,0.020803066820264716,8524
AICDA,0.02079773081230935,0.02079773081230935,8525
MAGEL2,0.020795518609102375,-0.020795518609102375,8526
SLC25A36,0.020792839110544643,0.020792839110544643,8527
LILRA1,0.02077209862852299,-0.02077209862852299,8528
ZNF236,0.02076103421112636,0.02076103421112636,8529
SLC25A28,0.02074866264084103,-0.02074866264084103,8530
POLR1E,0.0207349968130686,-0.0207349968130686,8531
BAK1,0.02073024537752527,0.02073024537752527,8532
ADIPOR2,0.020717420326723968,0.020717420326723968,8533
FBXO22,0.020699048795759147,-0.020699048795759147,8534
PXDNL,0.02068756611238325,0.02068756611238325,8535
MPDU1,0.020686951760006986,-0.020686951760006986,8536
CCT5,0.02068675515275767,-0.02068675515275767,8537
STAT1,0.020682133737785137,0.020682133737785137,8538
GSTM3,0.020680932720407094,-0.020680932720407094,8539
AP4E1,0.02067924648901572,-0.02067924648901572,8540
GP9,0.02062952601405293,0.02062952601405293,8541
TMEM59,0.020624176998844147,-0.020624176998844147,8542
TMEM79,0.020614506043499375,0.020614506043499375,8543
CHCHD4,0.020614071049009558,-0.020614071049009558,8544
SRA1,0.0205931010211542,-0.0205931010211542,8545
PROKR2,0.020590985752676552,0.020590985752676552,8546
FLAD1,0.020575336927599067,-0.020575336927599067,8547
TCOF1,0.02056829881202303,0.02056829881202303,8548
NOTUM,0.020561414404392093,0.020561414404392093,8549
ZDHHC22,0.02055969138162757,0.02055969138162757,8550
CRLS1,0.020547070163751135,-0.020547070163751135,8551
VWA1,0.020535155922765367,0.020535155922765367,8552
MIS12,0.02052853894826728,-0.02052853894826728,8553
MARK4,0.02052507991232451,0.02052507991232451,8554
CDCA7,0.020524803872617303,-0.020524803872617303,8555
RABIF,0.02052406040308903,-0.02052406040308903,8556
HS3ST4,0.02051612071192305,-0.02051612071192305,8557
POLR3D,0.020514603739317645,-0.020514603739317645,8558
RHBDF2,0.020498812140099132,-0.020498812140099132,8559
SGPP2,0.020490167001188716,0.020490167001188716,8560
MFN2,0.020487589867380814,0.020487589867380814,8561
SCD5,0.02047351307797315,0.02047351307797315,8562
NUP133,0.02046515805574608,0.02046515805574608,8563
MKX,0.020463256317552504,-0.020463256317552504,8564
UNC5B,0.020457320579519295,0.020457320579519295,8565
ILK,0.02043927034810846,0.02043927034810846,8566
KCNQ4,0.020434299662383977,0.020434299662383977,8567
PANK2,0.0204320477367482,0.0204320477367482,8568
NUP214,0.020424642325294323,-0.020424642325294323,8569
ITGAV,0.02042420314419193,0.02042420314419193,8570
MRPL36,0.02041944642457364,0.02041944642457364,8571
TRAPPC2L,0.020402743859186757,-0.020402743859186757,8572
KPNA2,0.0204010416721412,0.0204010416721412,8573
HNF1A,0.02038323366840408,-0.02038323366840408,8574
ENTPD5,0.020369831018525346,0.020369831018525346,8575
MPP6,0.02035626336019883,-0.02035626336019883,8576
MIF4GD,0.020335200208398508,0.020335200208398508,8577
IFT122,0.020322348231516695,0.020322348231516695,8578
UFM1,0.020319763722287304,-0.020319763722287304,8579
NR6A1,0.02031811244324395,0.02031811244324395,8580
SRRM2,0.020313871558603546,0.020313871558603546,8581
RBM23,0.02030706050294794,-0.02030706050294794,8582
PLEKHN1,0.020296746166756273,0.020296746166756273,8583
GOPC,0.020282461197358697,0.020282461197358697,8584
ISL2,0.020271339139928773,0.020271339139928773,8585
LSP1,0.020267578111402954,-0.020267578111402954,8586
ACE2,0.020265700209949725,0.020265700209949725,8587
SLC8A3,0.02025119723220437,0.02025119723220437,8588
TMC1,0.020242730410810744,0.020242730410810744,8589
UCN2,0.020225054479969456,-0.020225054479969456,8590
MON1A,0.020222102392224352,0.020222102392224352,8591
NUBP1,0.02021322024766761,0.02021322024766761,8592
AP3M2,0.020193528269000786,0.020193528269000786,8593
PLA2G12A,0.02018477049702242,0.02018477049702242,8594
LZTS1,0.020181082107452546,0.020181082107452546,8595
TOE1,0.020172747002516866,0.020172747002516866,8596
MYO1C,0.020158612022355308,0.020158612022355308,8597
IGHMBP2,0.020149065618502056,-0.020149065618502056,8598
OAZ2,0.020137795724214848,0.020137795724214848,8599
GUCA2A,0.020137434063972445,0.020137434063972445,8600
TINAG,0.02009961366539676,0.02009961366539676,8601
FGL2,0.020098241758835844,0.020098241758835844,8602
RBL2,0.02009137571732406,0.02009137571732406,8603
RCHY1,0.02008672101810571,-0.02008672101810571,8604
GNA13,0.02007125273503298,-0.02007125273503298,8605
GRB2,0.02006774439042775,0.02006774439042775,8606
POLR2J2,0.020050433492120052,-0.020050433492120052,8607
GAL3ST3,0.02004193677829656,0.02004193677829656,8608
CCDC28B,0.020033160394213604,-0.020033160394213604,8609
MMP17,0.02003237494317704,-0.02003237494317704,8610
DLL3,0.020025800204731627,-0.020025800204731627,8611
BGN,0.02001675820235707,0.02001675820235707,8612
BCL11B,0.02001328181883909,0.02001328181883909,8613
NOL3,0.020007948735601713,-0.020007948735601713,8614
FCRL1,0.0199835914844617,0.0199835914844617,8615
RPL32,0.019981041242272117,-0.019981041242272117,8616
RAB4B,0.0199666260474351,-0.0199666260474351,8617
DCLRE1B,0.019963755215312063,0.019963755215312063,8618
NLRP10,0.0199563747961438,0.0199563747961438,8619
STAU1,0.01995497648967619,0.01995497648967619,8620
TERF2,0.019949335152375656,-0.019949335152375656,8621
SGK2,0.01994701034545317,-0.01994701034545317,8622
HSPBAP1,0.019939553106037417,-0.019939553106037417,8623
IQCA1,0.019927769466758952,0.019927769466758952,8624
ZSWIM7,0.019916110712028524,-0.019916110712028524,8625
RHBDL1,0.01991092906393121,0.01991092906393121,8626
BAHCC1,0.01990148983110363,0.01990148983110363,8627
SHC1,0.01989782764039083,-0.01989782764039083,8628
CSTF1,0.019888749356812268,-0.019888749356812268,8629
RAPSN,0.01987065798152668,0.01987065798152668,8630
TUBG1,0.019868668679337263,0.019868668679337263,8631
ZSCAN10,0.01986733992622219,-0.01986733992622219,8632
ZNF185,0.019814033732400368,-0.019814033732400368,8633
THOP1,0.019806485430758056,-0.019806485430758056,8634
FLNA,0.019803138645928704,0.019803138645928704,8635
ROPN1L,0.019798386154833123,-0.019798386154833123,8636
ILVBL,0.019773501648127394,0.019773501648127394,8637
PHACTR3,0.019753344990489235,0.019753344990489235,8638
CDC123,0.01974406770448086,0.01974406770448086,8639
HSPB1,0.019735186890623244,0.019735186890623244,8640
ID1,0.019726750150582468,-0.019726750150582468,8641
NMUR1,0.01972239094177759,-0.01972239094177759,8642
PMM1,0.019715985300093972,0.019715985300093972,8643
FBXO24,0.019714720411551805,-0.019714720411551805,8644
ABHD13,0.019710583548835352,0.019710583548835352,8645
SLC26A9,0.01970571515774977,-0.01970571515774977,8646
E4F1,0.019678293863368845,0.019678293863368845,8647
FANCC,0.019669456428622563,0.019669456428622563,8648
RBP7,0.01964582688372329,0.01964582688372329,8649
CYB5R2,0.01962481576456733,-0.01962481576456733,8650
SNX12,0.019614385581120275,0.019614385581120275,8651
PPP2CA,0.01960691396194275,0.01960691396194275,8652
RPS24,0.01958698218131022,-0.01958698218131022,8653
FARSB,0.019576462417954084,-0.019576462417954084,8654
STON2,0.01956715748094905,-0.01956715748094905,8655
DYRK1A,0.01955342828787613,-0.01955342828787613,8656
MACF1,0.019550669409552822,0.019550669409552822,8657
PTPN11,0.019547314354513498,0.019547314354513498,8658
ARF1,0.01954388814253208,-0.01954388814253208,8659
HTR1B,0.01953247142223525,0.01953247142223525,8660
PCIF1,0.01952756538965928,0.01952756538965928,8661
ZNF205,0.01952687589746319,-0.01952687589746319,8662
EIF4E3,0.019518234039471373,-0.019518234039471373,8663
KCNC2,0.01951770406172674,0.01951770406172674,8664
SLC7A14,0.019496262138138428,0.019496262138138428,8665
TMEM116,0.019490627315813587,0.019490627315813587,8666
WFDC10B,0.01947909800479193,0.01947909800479193,8667
PDZD11,0.019474525667679873,-0.019474525667679873,8668
ARMC10,0.0194736700143451,0.0194736700143451,8669
ASCC1,0.019473060900694304,-0.019473060900694304,8670
NUCKS1,0.019470545249072775,-0.019470545249072775,8671
RGS9,0.01946883996559154,0.01946883996559154,8672
KCNN1,0.019461175957000865,-0.019461175957000865,8673
UCHL3,0.019455646925909124,0.019455646925909124,8674
GNG12,0.019450976372098937,0.019450976372098937,8675
PPFIBP2,0.019447345554225365,-0.019447345554225365,8676
GPS1,0.019441327812604863,-0.019441327812604863,8677
ZFP62,0.019438628149261773,-0.019438628149261773,8678
RAB5A,0.01942485853784988,0.01942485853784988,8679
SAMD4A,0.01942321916389519,0.01942321916389519,8680
MATN4,0.019417523787249473,-0.019417523787249473,8681
ZNF664,0.019406877810846327,-0.019406877810846327,8682
SERGEF,0.019403748255471098,-0.019403748255471098,8683
FHIT,0.01940349177865674,0.01940349177865674,8684
TNFSF15,0.019398273266793817,0.019398273266793817,8685
CIB3,0.019387721853807802,-0.019387721853807802,8686
RAB18,0.01938022223736079,0.01938022223736079,8687
NRIP3,0.019377834553432477,-0.019377834553432477,8688
ZNF208,0.019362908259820923,-0.019362908259820923,8689
LATS2,0.01936111551890715,0.01936111551890715,8690
ZNF706,0.019357879715145,-0.019357879715145,8691
RRM2B,0.019349703633832108,-0.019349703633832108,8692
NAB2,0.01931701933026404,0.01931701933026404,8693
CBY1,0.019316030052320052,0.019316030052320052,8694
KIF1C,0.01930619334337004,0.01930619334337004,8695
PARL,0.019289494309253946,0.019289494309253946,8696
KCNK13,0.01928904466361241,-0.01928904466361241,8697
SVIL,0.019284299133324762,-0.019284299133324762,8698
MS4A6E,0.01927509817510556,-0.01927509817510556,8699
ZNF446,0.01926628625325195,-0.01926628625325195,8700
GOT2,0.019252294310729227,0.019252294310729227,8701
RPS15,0.019252097019830144,0.019252097019830144,8702
DUSP23,0.01924744271549612,-0.01924744271549612,8703
GSTCD,0.0192459258081173,-0.0192459258081173,8704
WNT2B,0.019241909209263868,0.019241909209263868,8705
ELP2,0.019224330350266036,-0.019224330350266036,8706
FAM32A,0.019217513983921016,-0.019217513983921016,8707
NRN1,0.019211318081824014,-0.019211318081824014,8708
NPLOC4,0.019187917414921596,0.019187917414921596,8709
CNTD1,0.019175483333195683,0.019175483333195683,8710
SLC7A10,0.0191732395821215,-0.0191732395821215,8711
CCNL1,0.019163326279341766,-0.019163326279341766,8712
AKIRIN2,0.01915113310450972,0.01915113310450972,8713
ARHGDIA,0.019136680042279638,-0.019136680042279638,8714
STK38L,0.019134026418251866,0.019134026418251866,8715
DPM1,0.01912558290125278,-0.01912558290125278,8716
PPP1R13L,0.019120190680739516,0.019120190680739516,8717
ZFYVE19,0.019116122199468847,0.019116122199468847,8718
ALKBH4,0.019104371544587342,0.019104371544587342,8719
PSMA1,0.019100189339446554,0.019100189339446554,8720
GFM1,0.019078696989133385,0.019078696989133385,8721
FASTKD2,0.019059955061647663,-0.019059955061647663,8722
GLT8D1,0.019056171007001528,-0.019056171007001528,8723
PPY,0.01904253999578972,0.01904253999578972,8724
RPGR,0.019034463266048702,0.019034463266048702,8725
SPATA3,0.019029502393483354,0.019029502393483354,8726
SEC14L5,0.019021356830873352,-0.019021356830873352,8727
GPR34,0.01901696109426036,-0.01901696109426036,8728
FBXO44,0.019008425427342424,-0.019008425427342424,8729
VSIG2,0.01900240463610564,-0.01900240463610564,8730
SYT9,0.019001885667889015,-0.019001885667889015,8731
KCNK7,0.01899472647021322,-0.01899472647021322,8732
LUC7L,0.018988400851933023,0.018988400851933023,8733
FOXP1,0.018987967404394998,-0.018987967404394998,8734
CASD1,0.01897208625872998,0.01897208625872998,8735
CYP2S1,0.018969778058869884,-0.018969778058869884,8736
EBF2,0.01896776464487945,0.01896776464487945,8737
PCDHB13,0.01896687836026935,-0.01896687836026935,8738
POLE2,0.01896195174803052,0.01896195174803052,8739
ARHGAP6,0.018959010005651776,0.018959010005651776,8740
GLRA1,0.01895646239694908,-0.01895646239694908,8741
PSMB1,0.01894751906295452,-0.01894751906295452,8742
ERP27,0.01893754635488115,0.01893754635488115,8743
NSMAF,0.018909223610126806,0.018909223610126806,8744
WFDC2,0.01890882638019257,-0.01890882638019257,8745
CPEB1,0.018905294526729205,-0.018905294526729205,8746
ORAI2,0.018904762248956094,-0.018904762248956094,8747
HPGD,0.018895829949879792,-0.018895829949879792,8748
RASGEF1B,0.018892489243946195,-0.018892489243946195,8749
COG3,0.01888351128736332,-0.01888351128736332,8750
DAB1,0.01888317790509941,-0.01888317790509941,8751
KIAA0319L,0.01886917038723809,-0.01886917038723809,8752
LPCAT1,0.018857862660586682,-0.018857862660586682,8753
CCL11,0.018852700601018253,-0.018852700601018253,8754
BLCAP,0.018851488731247906,0.018851488731247906,8755
CDC26,0.018849589017346634,0.018849589017346634,8756
ATP1A1,0.018845377898979724,0.018845377898979724,8757
TRIM68,0.01884360892656714,0.01884360892656714,8758
BDH1,0.018816500835786436,0.018816500835786436,8759
APLP1,0.018805346799831486,0.018805346799831486,8760
PTGES3,0.018804596607033673,0.018804596607033673,8761
C21orf62,0.01878574637860342,0.01878574637860342,8762
DAPP1,0.01878075719589405,-0.01878075719589405,8763
KCNAB3,0.018760568221629033,0.018760568221629033,8764
KRT27,0.018748418282501265,0.018748418282501265,8765
SERPINA10,0.018742339243004853,-0.018742339243004853,8766
RAX,0.018724359724326105,-0.018724359724326105,8767
OR3A2,0.01871805237760542,0.01871805237760542,8768
PPP1R10,0.018696879125213804,0.018696879125213804,8769
EDA2R,0.018693324019355518,-0.018693324019355518,8770
GOLGA1,0.01868589783603299,-0.01868589783603299,8771
ADH1A,0.01866574275341636,-0.01866574275341636,8772
DDX10,0.018665451233829296,0.018665451233829296,8773
UMOD,0.018651579110543572,-0.018651579110543572,8774
CCBE1,0.0186396194455668,-0.0186396194455668,8775
SPIC,0.018635501435153943,-0.018635501435153943,8776
SHISA5,0.018630568159265587,-0.018630568159265587,8777
ZNF862,0.018622691705748547,0.018622691705748547,8778
VPS29,0.018616329691959903,0.018616329691959903,8779
CDK2AP1,0.01860605584645806,0.01860605584645806,8780
FAM50B,0.018595609527027036,-0.018595609527027036,8781
TAF1L,0.01856173453958907,-0.01856173453958907,8782
MRPS34,0.018557067945512408,0.018557067945512408,8783
C8G,0.018543547348759327,-0.018543547348759327,8784
OLIG1,0.018543061164553513,0.018543061164553513,8785
ARHGEF15,0.018531313675799587,0.018531313675799587,8786
SLC30A4,0.018530359527065627,-0.018530359527065627,8787
HSPA5,0.01853025609404312,-0.01853025609404312,8788
GPD1L,0.018526556673932073,0.018526556673932073,8789
YTHDC2,0.018513145065765464,0.018513145065765464,8790
ATP2A1,0.018510570400337267,0.018510570400337267,8791
COQ4,0.018506679917318126,-0.018506679917318126,8792
AK2,0.018470541465694323,-0.018470541465694323,8793
A4GALT,0.01846498470700498,0.01846498470700498,8794
MAP3K10,0.01845963960262176,-0.01845963960262176,8795
CYP2E1,0.018456686018824105,-0.018456686018824105,8796
XPO5,0.0184488373113657,-0.0184488373113657,8797
SPRR2G,0.01844225341276042,-0.01844225341276042,8798
OSBPL2,0.018439769793900686,0.018439769793900686,8799
SPO11,0.01841886933779478,0.01841886933779478,8800
SERTAD3,0.01840529303709714,0.01840529303709714,8801
VPREB3,0.01840207939556494,-0.01840207939556494,8802
SERPINB5,0.018399667891202686,0.018399667891202686,8803
KLF1,0.01839706548338688,-0.01839706548338688,8804
HOXB3,0.01839499478085117,-0.01839499478085117,8805
ADAMTSL4,0.018390046839450627,-0.018390046839450627,8806
PRKRA,0.018367916478995362,-0.018367916478995362,8807
RNF19A,0.018365396717509443,0.018365396717509443,8808
CHKA,0.018363519774360952,-0.018363519774360952,8809
SLC6A7,0.01836163110092243,0.01836163110092243,8810
MAD2L1BP,0.018358551547176527,0.018358551547176527,8811
ZNF426,0.018352506181925448,-0.018352506181925448,8812
ZNF740,0.01834955998138856,0.01834955998138856,8813
LHPP,0.01834859596808221,-0.01834859596808221,8814
MED20,0.01833953883882815,0.01833953883882815,8815
SDS,0.018338584808676898,-0.018338584808676898,8816
LMBRD1,0.01832728121311983,-0.01832728121311983,8817
RAB35,0.01832345971435429,0.01832345971435429,8818
FGF16,0.018305725389154908,-0.018305725389154908,8819
PARK7,0.018303608899410732,0.018303608899410732,8820
P4HA1,0.018302623223510135,0.018302623223510135,8821
OMA1,0.018301883408170325,-0.018301883408170325,8822
UPK3A,0.018297063169841487,-0.018297063169841487,8823
NKAPL,0.0182927717236753,-0.0182927717236753,8824
HPX,0.01828722287812473,-0.01828722287812473,8825
MFSD8,0.018287138216267262,-0.018287138216267262,8826
ATCAY,0.018261371206078406,-0.018261371206078406,8827
ADHFE1,0.01826011024221578,-0.01826011024221578,8828
DTX3,0.018243597538478522,0.018243597538478522,8829
OR2H1,0.018219681973358014,0.018219681973358014,8830
RNF208,0.018219161805629835,0.018219161805629835,8831
TAF1C,0.01820740232775749,-0.01820740232775749,8832
PDIA4,0.018192034919678357,0.018192034919678357,8833
SEC13,0.018187486781305728,-0.018187486781305728,8834
LPGAT1,0.018178969814929124,-0.018178969814929124,8835
AP2S1,0.018173743682662766,-0.018173743682662766,8836
TMEM217,0.018164604707015843,0.018164604707015843,8837
ZNF225,0.018153377332782626,-0.018153377332782626,8838
CTSW,0.018150929790776062,0.018150929790776062,8839
CYP3A43,0.01815085363502816,-0.01815085363502816,8840
TCTN1,0.018148502128857845,-0.018148502128857845,8841
PRR11,0.018142330886787017,0.018142330886787017,8842
ANKRD46,0.018140791912664794,-0.018140791912664794,8843
RNF39,0.0181372368375968,-0.0181372368375968,8844
ZNF10,0.018132484539963276,0.018132484539963276,8845
NDUFA10,0.018130603631479947,0.018130603631479947,8846
TCF4,0.0181204008072863,-0.0181204008072863,8847
RRAGC,0.018116028848085216,-0.018116028848085216,8848
USP29,0.018109515522359093,-0.018109515522359093,8849
RAB2B,0.018108768693908563,0.018108768693908563,8850
HECTD2,0.018090621051183867,-0.018090621051183867,8851
OIP5,0.01808894692670347,-0.01808894692670347,8852
OASL,0.018077720718681443,0.018077720718681443,8853
NPHP1,0.0180745671707668,-0.0180745671707668,8854
ANKS6,0.0180743751193522,-0.0180743751193522,8855
NDST2,0.01807307526109899,-0.01807307526109899,8856
ACOX1,0.01805818212518585,0.01805818212518585,8857
COL1A1,0.018044611426735746,0.018044611426735746,8858
PRKX,0.018036833226540778,-0.018036833226540778,8859
ME1,0.01803651856011374,-0.01803651856011374,8860
NCOR1,0.018026397118519524,0.018026397118519524,8861
SEZ6L2,0.018020948890950243,-0.018020948890950243,8862
MYD88,0.01801825378312461,0.01801825378312461,8863
TMUB1,0.01800643583115087,0.01800643583115087,8864
MSN,0.018005445152146336,-0.018005445152146336,8865
ASPRV1,0.01798944519844978,0.01798944519844978,8866
RAB2A,0.017966298590831375,0.017966298590831375,8867
GRIA4,0.017963031749164343,-0.017963031749164343,8868
SLC23A3,0.017942329836510413,-0.017942329836510413,8869
HLTF,0.01793663549336829,-0.01793663549336829,8870
FKBP7,0.017931834354487756,-0.017931834354487756,8871
LBH,0.017929518483144242,0.017929518483144242,8872
INHBE,0.017922117578107,-0.017922117578107,8873
ANXA6,0.017919155821955968,0.017919155821955968,8874
ZNF175,0.017895198257257102,0.017895198257257102,8875
HSPA2,0.017893108279156376,0.017893108279156376,8876
ZNF213,0.01788643888466289,-0.01788643888466289,8877
CNOT4,0.017864265125375388,0.017864265125375388,8878
MYO7A,0.017856173097473484,-0.017856173097473484,8879
ECHS1,0.01785598029528329,0.01785598029528329,8880
TESK1,0.01785527430616215,0.01785527430616215,8881
SLAMF9,0.017850408047208447,-0.017850408047208447,8882
FOXE3,0.01783672429724972,0.01783672429724972,8883
CBL,0.017812990314433307,-0.017812990314433307,8884
GOLGA5,0.017809151799530083,-0.017809151799530083,8885
HYPK,0.017804992179524526,-0.017804992179524526,8886
AZI2,0.01778808947424495,-0.01778808947424495,8887
IRS1,0.017782122579359603,0.017782122579359603,8888
TRIML2,0.017779712332510734,-0.017779712332510734,8889
GOLT1A,0.01777634798054386,-0.01777634798054386,8890
HDGFL1,0.01777200367638238,0.01777200367638238,8891
ENO1,0.017771859279978274,0.017771859279978274,8892
MYOM1,0.017766631357906185,-0.017766631357906185,8893
FKBPL,0.017760498528757843,0.017760498528757843,8894
LSM11,0.017737808922004387,-0.017737808922004387,8895
DDRGK1,0.017726948867133063,0.017726948867133063,8896
PROK1,0.01772511640497735,-0.01772511640497735,8897
TRIM54,0.01772069357558799,-0.01772069357558799,8898
PCBD1,0.017714258501218865,0.017714258501218865,8899
SLC14A1,0.01771310379636116,-0.01771310379636116,8900
ST8SIA1,0.017712583275207854,-0.017712583275207854,8901
SLC7A9,0.017708636610647418,-0.017708636610647418,8902
COL19A1,0.017700060535096773,-0.017700060535096773,8903
CYP7A1,0.01769684785563469,0.01769684785563469,8904
DEXI,0.017696153466635806,0.017696153466635806,8905
ACTL7B,0.01768621151519702,-0.01768621151519702,8906
BAMBI,0.01767184959553242,0.01767184959553242,8907
MDH1,0.017666092515730654,-0.017666092515730654,8908
RGS8,0.01766289339021419,-0.01766289339021419,8909
HEY2,0.017655028200138794,0.017655028200138794,8910
COPE,0.017644935246842935,-0.017644935246842935,8911
POMT2,0.017634324663051176,-0.017634324663051176,8912
HES6,0.017632139734323017,0.017632139734323017,8913
SLC11A1,0.01763097137855158,-0.01763097137855158,8914
ZNF385B,0.017618457282080377,-0.017618457282080377,8915
ZFP64,0.017597627118064813,-0.017597627118064813,8916
GZMK,0.017594441555594552,0.017594441555594552,8917
KNG1,0.017582468562554725,-0.017582468562554725,8918
MBOAT7,0.017581969629105364,-0.017581969629105364,8919
ANKHD1-EIF4EBP3,0.017578353445423415,-0.017578353445423415,8920
POLR2G,0.01757401035541897,-0.01757401035541897,8921
RSRC2,0.017562627625191545,0.017562627625191545,8922
TMEM62,0.017554620831889158,0.017554620831889158,8923
ELOVL5,0.01754716173604835,-0.01754716173604835,8924
OR2B2,0.017535294870134582,0.017535294870134582,8925
ARL11,0.017531059032414545,0.017531059032414545,8926
PSCA,0.017515844765055598,0.017515844765055598,8927
SCNN1D,0.017508944837436216,0.017508944837436216,8928
SMUG1,0.01750708246412578,-0.01750708246412578,8929
ZNF641,0.017506687190387386,0.017506687190387386,8930
CSRP2,0.017476503919497347,0.017476503919497347,8931
TOMM20,0.017463454376009976,0.017463454376009976,8932
SCYL2,0.017444153624703848,-0.017444153624703848,8933
RRP1,0.017418019519087957,-0.017418019519087957,8934
CCDC15,0.01741588493049049,-0.01741588493049049,8935
IL19,0.017385168957406254,-0.017385168957406254,8936
DSG4,0.01735878607408369,-0.01735878607408369,8937
CD36,0.017355377827731226,0.017355377827731226,8938
PPM1A,0.017347477314932344,0.017347477314932344,8939
CLK2,0.01734491862219717,0.01734491862219717,8940
SIRT3,0.01731510086759217,-0.01731510086759217,8941
SLC48A1,0.017289858617160415,-0.017289858617160415,8942
BMP7,0.017285845034842165,0.017285845034842165,8943
TMCO3,0.01727351720122166,-0.01727351720122166,8944
CDCA7L,0.017271981403027246,0.017271981403027246,8945
DEPDC1B,0.017271690077055944,-0.017271690077055944,8946
ZBED3,0.017267067659985706,-0.017267067659985706,8947
GABRG2,0.017265575295515152,-0.017265575295515152,8948
ZNF562,0.017250731118161444,0.017250731118161444,8949
CER1,0.01723730425347638,-0.01723730425347638,8950
ADAM7,0.017228348688109036,-0.017228348688109036,8951
CUL4B,0.01721664413347682,-0.01721664413347682,8952
ERLIN2,0.01720558825114127,-0.01720558825114127,8953
CHCHD2,0.017205275938684664,0.017205275938684664,8954
LRRC37B,0.01720239204912683,0.01720239204912683,8955
BDKRB1,0.01720123604779911,-0.01720123604779911,8956
PLAUR,0.017193919256032395,0.017193919256032395,8957
KLHL21,0.017176620202136696,0.017176620202136696,8958
RGS18,0.01716000294174914,0.01716000294174914,8959
HIVEP2,0.01714495054765759,-0.01714495054765759,8960
HSPD1,0.017132783295308637,-0.017132783295308637,8961
WBP4,0.017130777273981015,0.017130777273981015,8962
KCNJ6,0.017130578835339933,0.017130578835339933,8963
SOX17,0.017114979866585573,-0.017114979866585573,8964
BTBD10,0.017112489604551685,0.017112489604551685,8965
CD164,0.017110241794013208,-0.017110241794013208,8966
ATP1B4,0.017103276352167122,0.017103276352167122,8967
WDFY1,0.01709776270516754,0.01709776270516754,8968
FNIP1,0.017090133176623765,0.017090133176623765,8969
POLR1C,0.017078013414669992,-0.017078013414669992,8970
RARRES2,0.017071138611485612,-0.017071138611485612,8971
SIGMAR1,0.017052647361864955,-0.017052647361864955,8972
SYT8,0.01705169342404495,-0.01705169342404495,8973
TWIST2,0.017047962471077753,-0.017047962471077753,8974
ABCG4,0.017045908396137455,-0.017045908396137455,8975
CTDSP1,0.017045856902739954,0.017045856902739954,8976
HSPB9,0.017039642334115725,0.017039642334115725,8977
SLC16A14,0.01703310642577075,-0.01703310642577075,8978
CNTF,0.017031782292300165,0.017031782292300165,8979
CYLD,0.017028904494119423,0.017028904494119423,8980
HLA-DRB1,0.017021793628143576,-0.017021793628143576,8981
STAB1,0.01701919127789082,-0.01701919127789082,8982
POLD4,0.017015147895997045,0.017015147895997045,8983
MYOF,0.017014841269799005,-0.017014841269799005,8984
KLF7,0.01701321296895033,-0.01701321296895033,8985
TMEM100,0.01700915140748729,-0.01700915140748729,8986
OAZ1,0.016998772386384232,-0.016998772386384232,8987
MPST,0.016998337286050196,-0.016998337286050196,8988
YWHAQ,0.016993484657152662,0.016993484657152662,8989
GPR12,0.01698758593035355,0.01698758593035355,8990
PADI1,0.01697362714647851,0.01697362714647851,8991
PIBF1,0.016953506095258288,0.016953506095258288,8992
TIMP1,0.01692916133008119,0.01692916133008119,8993
IRF8,0.016921981899791938,0.016921981899791938,8994
FRMD6,0.016893682510706914,-0.016893682510706914,8995
FKBP6,0.016854917293278593,0.016854917293278593,8996
INTS6,0.016854810383312848,-0.016854810383312848,8997
ACVR1,0.016843573572145703,-0.016843573572145703,8998
CASP9,0.01683168807250695,0.01683168807250695,8999
TBCCD1,0.016828487841393704,0.016828487841393704,9000
FBXL8,0.016823867036086803,0.016823867036086803,9001
TIGD6,0.01681806500168588,0.01681806500168588,9002
TFG,0.01681641604678546,0.01681641604678546,9003
DLG1,0.016809149868657905,0.016809149868657905,9004
TMOD4,0.016804328191034893,-0.016804328191034893,9005
POLR2I,0.016802186402761283,0.016802186402761283,9006
HOXD13,0.016784907950002863,0.016784907950002863,9007
COPZ1,0.016776237067446274,-0.016776237067446274,9008
ADRB3,0.01676708601626559,-0.01676708601626559,9009
ROBO3,0.01674840567979439,-0.01674840567979439,9010
UBE2D3,0.016748096807579972,-0.016748096807579972,9011
GTF2A1,0.01673151111864465,-0.01673151111864465,9012
CDADC1,0.016730266160078847,0.016730266160078847,9013
TMEM37,0.01672200381839249,0.01672200381839249,9014
RTN4,0.01669935344094852,0.01669935344094852,9015
GRIN2D,0.01668977295910445,0.01668977295910445,9016
CSRP1,0.016689271636964258,0.016689271636964258,9017
NFAT5,0.01668922009424046,-0.01668922009424046,9018
ROBO2,0.016680522968557078,-0.016680522968557078,9019
LIG1,0.016679793722576417,0.016679793722576417,9020
TRIM46,0.016675822916421244,0.016675822916421244,9021
OR7A5,0.01667342077249798,0.01667342077249798,9022
SYPL1,0.01667024109489236,0.01667024109489236,9023
C8orf37,0.016668876236930693,-0.016668876236930693,9024
LZTS2,0.016665534897665986,-0.016665534897665986,9025
SGSH,0.016660546272574045,0.016660546272574045,9026
PAQR7,0.016655060887706855,-0.016655060887706855,9027
WNT2,0.016654954916404084,0.016654954916404084,9028
UBL4A,0.016650246877290293,0.016650246877290293,9029
TBC1D12,0.016648577638782372,-0.016648577638782372,9030
PSTPIP1,0.016643195338508145,0.016643195338508145,9031
IL26,0.016620310502323928,0.016620310502323928,9032
CCNI,0.016618724753973736,0.016618724753973736,9033
TCP10L,0.016617299798697013,0.016617299798697013,9034
EMX1,0.016594132113768117,0.016594132113768117,9035
CASP3,0.016575489608438826,0.016575489608438826,9036
MSH2,0.016572449638167203,-0.016572449638167203,9037
DYNC1I2,0.01657163711794193,0.01657163711794193,9038
CD40,0.01656236107307317,-0.01656236107307317,9039
SNX3,0.016545980001845574,-0.016545980001845574,9040
ENPP5,0.016528864652562494,0.016528864652562494,9041
TBCD,0.016527499715050305,-0.016527499715050305,9042
CTNND2,0.0165254701680044,-0.0165254701680044,9043
PTPRA,0.016524494839515968,-0.016524494839515968,9044
CHL1,0.016523235782384228,0.016523235782384228,9045
ART5,0.016522702389108582,0.016522702389108582,9046
GPR88,0.01652064954485553,-0.01652064954485553,9047
HLA-E,0.01651827897400408,-0.01651827897400408,9048
DNAJC4,0.01651642267438859,-0.01651642267438859,9049
WFIKKN2,0.016513895338887266,0.016513895338887266,9050
ACSM2B,0.016506391853822862,0.016506391853822862,9051
INTS10,0.016502252520849366,0.016502252520849366,9052
ZAN,0.01650011386569258,-0.01650011386569258,9053
LRRC25,0.01649824113417051,-0.01649824113417051,9054
ANKRD11,0.016493976233529495,0.016493976233529495,9055
PSMB5,0.0164846030371978,-0.0164846030371978,9056
COX18,0.016476105480459847,0.016476105480459847,9057
TLR5,0.016467178318045228,-0.016467178318045228,9058
RAB27A,0.0164444681076532,0.0164444681076532,9059
ACTR6,0.016443477127405976,-0.016443477127405976,9060
RABEP2,0.0164378769106292,-0.0164378769106292,9061
ZNF532,0.016435713476580426,0.016435713476580426,9062
TRMT2A,0.016433199188627453,0.016433199188627453,9063
SOX4,0.01642700525106603,0.01642700525106603,9064
SYT1,0.01642371409755214,0.01642371409755214,9065
PELI1,0.016422015851043425,-0.016422015851043425,9066
EPS8L2,0.016412500159805072,-0.016412500159805072,9067
SLC39A1,0.016400265033222276,-0.016400265033222276,9068
STK33,0.01639283237577089,-0.01639283237577089,9069
ZC3HAV1L,0.01639149272506942,0.01639149272506942,9070
SPRR1B,0.016380487966469938,-0.016380487966469938,9071
ACTG1,0.016378817588337938,-0.016378817588337938,9072
GMFB,0.016362508428343036,0.016362508428343036,9073
BCORL1,0.016358068658515478,0.016358068658515478,9074
PRRT2,0.016355030078927413,-0.016355030078927413,9075
MED10,0.01633820836693779,0.01633820836693779,9076
NAPSA,0.016317661934392783,0.016317661934392783,9077
GPR107,0.016314085870434494,-0.016314085870434494,9078
INTS9,0.01630835960622051,-0.01630835960622051,9079
KPNB1,0.016304560173466015,-0.016304560173466015,9080
YWHAH,0.016303429924857636,-0.016303429924857636,9081
SDHA,0.016301598074062045,0.016301598074062045,9082
FAM172A,0.016278210494790016,0.016278210494790016,9083
DLG2,0.01626724229592853,0.01626724229592853,9084
ZNF669,0.016264662275441714,-0.016264662275441714,9085
TMED6,0.016259256754147657,0.016259256754147657,9086
ELF3,0.016255118529186013,-0.016255118529186013,9087
SNRNP35,0.01623953451184839,0.01623953451184839,9088
TMEM106C,0.01622827509236314,0.01622827509236314,9089
DAZAP1,0.01622728567592005,0.01622728567592005,9090
SLC7A6,0.016225917008336265,0.016225917008336265,9091
ZNF343,0.01622301399034497,-0.01622301399034497,9092
CISD2,0.01621401222581881,0.01621401222581881,9093
NR2C1,0.01621256781150239,-0.01621256781150239,9094
CLINT1,0.016194490132203695,0.016194490132203695,9095
KCNJ14,0.016193503951235953,-0.016193503951235953,9096
SCARB1,0.016192276832766826,-0.016192276832766826,9097
TNFAIP8L1,0.016192197540038363,0.016192197540038363,9098
PRDX1,0.016190608337377847,-0.016190608337377847,9099
SKP1,0.016178910797782727,-0.016178910797782727,9100
DSCAM,0.01617642738728923,0.01617642738728923,9101
PJA1,0.016175507240305965,0.016175507240305965,9102
ACSM5,0.01617356973909822,0.01617356973909822,9103
GNG5,0.01617294257332583,0.01617294257332583,9104
ATG5,0.016160363865006872,0.016160363865006872,9105
CTBP2,0.01614323496092936,0.01614323496092936,9106
RNASEH2C,0.01613767876930034,-0.01613767876930034,9107
KRT3,0.016123411036547262,-0.016123411036547262,9108
RER1,0.01612219530189875,0.01612219530189875,9109
GPX1,0.016121624043597457,0.016121624043597457,9110
CD70,0.016109491254094846,0.016109491254094846,9111
TMEM41A,0.016109029117550102,0.016109029117550102,9112
SRF,0.01610800065806534,-0.01610800065806534,9113
LRRCC1,0.016103108518403197,-0.016103108518403197,9114
SLC13A4,0.0160922963527464,-0.0160922963527464,9115
TRIM24,0.016082051653977723,0.016082051653977723,9116
SLC35C1,0.01608058974605756,-0.01608058974605756,9117
PGAM5,0.01607436824525698,-0.01607436824525698,9118
RBM15B,0.016067636735293968,-0.016067636735293968,9119
GKN2,0.016065598101860794,0.016065598101860794,9120
TERT,0.016049208965760307,0.016049208965760307,9121
PDE6H,0.016030292622283858,-0.016030292622283858,9122
CD1B,0.016023486103508743,0.016023486103508743,9123
C3orf18,0.016015351472882147,-0.016015351472882147,9124
USHBP1,0.015997127561102685,0.015997127561102685,9125
ZNF329,0.0159914168449713,0.0159914168449713,9126
SARS2,0.015984524248155066,-0.015984524248155066,9127
CACNG2,0.015984387629767973,0.015984387629767973,9128
RPS12,0.015971980420781306,0.015971980420781306,9129
TYW3,0.015962876182684337,0.015962876182684337,9130
MIA2,0.015961013701709423,0.015961013701709423,9131
SCTR,0.01594149300483784,0.01594149300483784,9132
RAD54L2,0.015933871799788068,-0.015933871799788068,9133
MACROD2,0.015933483536921336,-0.015933483536921336,9134
GNGT1,0.015924812907496762,0.015924812907496762,9135
DENND5A,0.015914880117082447,-0.015914880117082447,9136
ANGPTL6,0.015912175482897212,0.015912175482897212,9137
P4HB,0.015903666302398964,0.015903666302398964,9138
PKIA,0.015900555767568488,0.015900555767568488,9139
EXOC6,0.015897254180742518,0.015897254180742518,9140
PLCG1,0.015891250653356632,-0.015891250653356632,9141
ETFDH,0.015879227641885717,-0.015879227641885717,9142
SDF2,0.01585784339312962,-0.01585784339312962,9143
NR3C1,0.015817774014914267,0.015817774014914267,9144
SPATA13,0.015796491215743173,0.015796491215743173,9145
NOLC1,0.015793257644488766,-0.015793257644488766,9146
PLAU,0.01577875428511735,0.01577875428511735,9147
KLHL5,0.015762324519498983,0.015762324519498983,9148
LOXHD1,0.015758842292890457,-0.015758842292890457,9149
CD93,0.01575344566161151,0.01575344566161151,9150
DDX49,0.015743295409422736,-0.015743295409422736,9151
MKNK1,0.015736095544785396,0.015736095544785396,9152
FZD2,0.01572374443407594,-0.01572374443407594,9153
ISY1,0.015714761535669686,0.015714761535669686,9154
CYYR1,0.015699495673200992,-0.015699495673200992,9155
FUT7,0.01568828553679328,0.01568828553679328,9156
NAP1L2,0.015686601959612585,-0.015686601959612585,9157
SLK,0.01568574605805802,-0.01568574605805802,9158
KCNJ4,0.015678949431455858,0.015678949431455858,9159
MDC1,0.01567034072847791,0.01567034072847791,9160
CALD1,0.015662357567770065,0.015662357567770065,9161
EEFSEC,0.015654864460910762,0.015654864460910762,9162
HADHA,0.01565352534902271,0.01565352534902271,9163
PCGF6,0.01565056596701396,-0.01565056596701396,9164
MRPL21,0.015648719643560793,-0.015648719643560793,9165
RUFY2,0.01563790669521317,-0.01563790669521317,9166
DNAI1,0.015632291501751484,-0.015632291501751484,9167
MPG,0.01561951097318641,0.01561951097318641,9168
CPT2,0.0156172612164102,0.0156172612164102,9169
MYL6,0.015594015840993682,-0.015594015840993682,9170
GRB14,0.015572698129355956,0.015572698129355956,9171
EDF1,0.015572241931815063,-0.015572241931815063,9172
PEX14,0.015570329305948281,0.015570329305948281,9173
TAPBP,0.015568624019770997,0.015568624019770997,9174
KRT72,0.01556236320216805,0.01556236320216805,9175
SGTA,0.015556471234058612,-0.015556471234058612,9176
ARF4,0.01555451118912827,-0.01555451118912827,9177
ADCY2,0.015546759697324877,-0.015546759697324877,9178
NTAN1,0.015538827382167457,-0.015538827382167457,9179
MED9,0.015537353756890278,-0.015537353756890278,9180
ZDHHC23,0.015530459573983309,0.015530459573983309,9181
CCDC86,0.015521389378900468,-0.015521389378900468,9182
FOXN1,0.01551147531666383,0.01551147531666383,9183
APEX2,0.015500321661894134,0.015500321661894134,9184
SLC19A2,0.015494585465308507,0.015494585465308507,9185
FXYD5,0.015494170706901603,0.015494170706901603,9186
SNRNP200,0.01549206215982306,-0.01549206215982306,9187
PEX5,0.015488998037136707,-0.015488998037136707,9188
MYH8,0.015487082440845068,-0.015487082440845068,9189
DVL1,0.015479228997483966,-0.015479228997483966,9190
C11orf58,0.015455476870222765,-0.015455476870222765,9191
CRABP2,0.015446253353339373,-0.015446253353339373,9192
MED30,0.015444926593934158,-0.015444926593934158,9193
RFWD3,0.015438327506317932,0.015438327506317932,9194
ZNF586,0.015436980613874385,0.015436980613874385,9195
ARL6IP5,0.015430417455722661,-0.015430417455722661,9196
GLIPR1,0.015428903345730357,-0.015428903345730357,9197
CASP1,0.015420675730603494,0.015420675730603494,9198
IFNGR2,0.015409938622875562,-0.015409938622875562,9199
LCN2,0.015400189187637723,0.015400189187637723,9200
ZNF701,0.015399913445190273,0.015399913445190273,9201
MECP2,0.015385368154421817,0.015385368154421817,9202
GABRA5,0.015384363253126662,-0.015384363253126662,9203
CYP2C18,0.01538423647940831,-0.01538423647940831,9204
GNB1L,0.015358764689186776,0.015358764689186776,9205
PTGER1,0.015342278411313491,0.015342278411313491,9206
SLCO4A1,0.015321915145132224,0.015321915145132224,9207
GLI1,0.015298151743008574,0.015298151743008574,9208
DAP,0.015295018800572513,-0.015295018800572513,9209
ADCK5,0.015281348575875068,-0.015281348575875068,9210
CNRIP1,0.01524393621289687,-0.01524393621289687,9211
SON,0.015242347471948667,0.015242347471948667,9212
UBL7,0.015236168817685984,0.015236168817685984,9213
WNT4,0.015228029240461217,-0.015228029240461217,9214
BEST2,0.015201117722739075,-0.015201117722739075,9215
MED25,0.01519641338841768,0.01519641338841768,9216
TSPYL2,0.015196180408428761,-0.015196180408428761,9217
ADRM1,0.015192540202330044,0.015192540202330044,9218
ABCG1,0.015184446492221679,-0.015184446492221679,9219
FAM181A,0.015184095782664456,-0.015184095782664456,9220
CDV3,0.01518362834147275,-0.01518362834147275,9221
SYS1,0.015182982503711117,-0.015182982503711117,9222
VIP,0.015182728722763057,0.015182728722763057,9223
RNF40,0.015157664603106429,0.015157664603106429,9224
RAB14,0.015155199136106341,-0.015155199136106341,9225
GTDC1,0.015151178781146777,-0.015151178781146777,9226
UBA5,0.015142448763071801,-0.015142448763071801,9227
GNPDA1,0.015111826885978286,0.015111826885978286,9228
ARNTL,0.01510800021665126,0.01510800021665126,9229
EARS2,0.01507526502782579,0.01507526502782579,9230
RNGTT,0.015074542337766521,-0.015074542337766521,9231
ICA1,0.01506643623743396,-0.01506643623743396,9232
AGAP2,0.015053706728816283,-0.015053706728816283,9233
COX16,0.01504890523282373,-0.01504890523282373,9234
RAB25,0.015046565690167286,-0.015046565690167286,9235
SCN10A,0.015035105186939186,-0.015035105186939186,9236
CD74,0.01503088898740218,0.01503088898740218,9237
GREM1,0.015017841988925692,0.015017841988925692,9238
PHF12,0.015016197802669051,0.015016197802669051,9239
MED28,0.015006727113927129,0.015006727113927129,9240
ZNF711,0.015004375761807985,-0.015004375761807985,9241
B9D2,0.014984526204392579,-0.014984526204392579,9242
PLCB1,0.014982873100030322,-0.014982873100030322,9243
DDX60,0.014965726120083641,-0.014965726120083641,9244
BTK,0.014957339129702594,0.014957339129702594,9245
VPS72,0.014944903460793453,0.014944903460793453,9246
CHMP2B,0.014943020564620386,0.014943020564620386,9247
ZNF395,0.014938209675390939,0.014938209675390939,9248
LGALS2,0.014936673875949666,-0.014936673875949666,9249
SNAP23,0.014933559396233224,0.014933559396233224,9250
GOT1L1,0.014924625007997724,-0.014924625007997724,9251
HGD,0.014919024524426958,-0.014919024524426958,9252
CDK5R2,0.014910240992319631,-0.014910240992319631,9253
CALR,0.014900924649720341,0.014900924649720341,9254
MRPS6,0.014894073151551467,0.014894073151551467,9255
UNC93A,0.014892109624096705,-0.014892109624096705,9256
PES1,0.014883497920851268,-0.014883497920851268,9257
PTPRC,0.014883410175571118,0.014883410175571118,9258
CYBA,0.014879269157748847,-0.014879269157748847,9259
ZNF318,0.014875694342978713,0.014875694342978713,9260
ACLY,0.01483372025512438,0.01483372025512438,9261
KCTD19,0.014831773852394113,0.014831773852394113,9262
FER,0.01482869546981467,0.01482869546981467,9263
MUC7,0.014816249229853671,0.014816249229853671,9264
CREBZF,0.014812489837511952,0.014812489837511952,9265
BIN2,0.014787178492176048,0.014787178492176048,9266
KBTBD2,0.014775070087691624,-0.014775070087691624,9267
EIF5,0.014768708479743422,-0.014768708479743422,9268
ATP2A3,0.014759935150004524,0.014759935150004524,9269
PIK3CG,0.014748064590257685,-0.014748064590257685,9270
KLRG1,0.014736938936745042,-0.014736938936745042,9271
GRM1,0.014717284947533105,0.014717284947533105,9272
MGAT4B,0.014712976307375102,0.014712976307375102,9273
COL4A2,0.014704076547589576,0.014704076547589576,9274
SNRPB2,0.014699441731855365,0.014699441731855365,9275
ATP2C2,0.014693191859521225,0.014693191859521225,9276
SPP2,0.014691126258131446,0.014691126258131446,9277
IRX4,0.014676248702525057,-0.014676248702525057,9278
RORC,0.014651458132565845,-0.014651458132565845,9279
OR3A3,0.014645582123711953,-0.014645582123711953,9280
EPS15,0.014639275090989902,-0.014639275090989902,9281
PBOV1,0.014628023536679996,0.014628023536679996,9282
SEC61B,0.014615620216124961,-0.014615620216124961,9283
PFKFB2,0.014610731439150374,-0.014610731439150374,9284
PGM1,0.014609503686955133,-0.014609503686955133,9285
C1QC,0.01460541044732329,-0.01460541044732329,9286
TRIM6,0.01459157007347934,-0.01459157007347934,9287
PSD4,0.01458115517989263,0.01458115517989263,9288
CCNB1,0.014576633889528364,-0.014576633889528364,9289
SEZ6,0.014568628200841687,-0.014568628200841687,9290
NDUFV1,0.014537311248776205,-0.014537311248776205,9291
CDKL1,0.014527297786796371,0.014527297786796371,9292
ZNF420,0.014526525514191556,0.014526525514191556,9293
OSBPL8,0.014524061583465924,0.014524061583465924,9294
OSTC,0.014507288722051348,-0.014507288722051348,9295
MBD6,0.014503987677972929,0.014503987677972929,9296
RUFY3,0.01449880677977893,-0.01449880677977893,9297
HORMAD2,0.014498465372680321,-0.014498465372680321,9298
SIX1,0.01449677108382913,-0.01449677108382913,9299
HCFC2,0.014495824072761513,0.014495824072761513,9300
KLF6,0.014489771307794885,-0.014489771307794885,9301
S1PR3,0.014482539537521958,-0.014482539537521958,9302
ARMC8,0.014477592780601853,-0.014477592780601853,9303
TEK,0.014475469156377221,0.014475469156377221,9304
ISYNA1,0.014461062952290485,0.014461062952290485,9305
SUPT5H,0.014442034038246048,-0.014442034038246048,9306
PDK2,0.01443860429093076,-0.01443860429093076,9307
MASP2,0.014418254461073183,-0.014418254461073183,9308
ILF3,0.014417454293800445,-0.014417454293800445,9309
FBXW11,0.014399065144961766,0.014399065144961766,9310
DHX38,0.014395048346366504,-0.014395048346366504,9311
PREX1,0.014386000247994189,-0.014386000247994189,9312
RFT1,0.014385766161377257,-0.014385766161377257,9313
BCL2L14,0.014380025921670914,0.014380025921670914,9314
GEMIN6,0.014378014617726202,0.014378014617726202,9315
RPLP0,0.014367391390784278,0.014367391390784278,9316
RASD2,0.01435491551055725,0.01435491551055725,9317
GPC2,0.014354383548107856,0.014354383548107856,9318
GNG10,0.014353934920566752,-0.014353934920566752,9319
TMLHE,0.014353809296849849,0.014353809296849849,9320
CASP6,0.014341998373361945,-0.014341998373361945,9321
HHLA1,0.0143316433860371,0.0143316433860371,9322
KCNA5,0.014331239991880722,0.014331239991880722,9323
PTAFR,0.014308659870050243,0.014308659870050243,9324
RAD52,0.014303607284663018,-0.014303607284663018,9325
RPS9,0.01425381311941674,0.01425381311941674,9326
EIF4B,0.014251544261500534,-0.014251544261500534,9327
DAO,0.01424710180334733,0.01424710180334733,9328
RNASE3,0.014245920688335072,0.014245920688335072,9329
ZBTB3,0.014245651014361519,0.014245651014361519,9330
RPL36,0.014240676694808944,0.014240676694808944,9331
ATP6V1E2,0.0142371939204987,-0.0142371939204987,9332
NEUROD2,0.014234696457724108,-0.014234696457724108,9333
NRTN,0.014233237752338855,0.014233237752338855,9334
LRTOMT,0.01423243804476172,-0.01423243804476172,9335
PIH1D1,0.014230574215118006,-0.014230574215118006,9336
ZBTB4,0.014220638574609454,0.014220638574609454,9337
CTSD,0.01421729131650386,0.01421729131650386,9338
MRPL28,0.014211475031393094,-0.014211475031393094,9339
DCLK2,0.014204391334369777,-0.014204391334369777,9340
TMEM45A,0.014203742211318808,0.014203742211318808,9341
PPOX,0.014198095499337827,0.014198095499337827,9342
MEIS1,0.014174273837895752,0.014174273837895752,9343
KTI12,0.014151279193358932,0.014151279193358932,9344
EMILIN3,0.014151236732380262,0.014151236732380262,9345
UBE2F,0.0141379652731045,0.0141379652731045,9346
TSC22D4,0.014137251435282574,0.014137251435282574,9347
FSCB,0.014128761119082747,-0.014128761119082747,9348
DHX40,0.014116185258604199,0.014116185258604199,9349
NVL,0.01411349719048458,0.01411349719048458,9350
DDN,0.014087503073626328,0.014087503073626328,9351
EXOC4,0.01407633086505135,0.01407633086505135,9352
KCNA10,0.014067651543125746,-0.014067651543125746,9353
WDR74,0.014066178984300352,-0.014066178984300352,9354
PANK3,0.0140563327632211,-0.0140563327632211,9355
FOLR3,0.014047471948284422,0.014047471948284422,9356
CHMP4C,0.014039220082093476,0.014039220082093476,9357
KCNJ13,0.014021207295325331,-0.014021207295325331,9358
PKDREJ,0.01401714131695474,-0.01401714131695474,9359
SLC16A1,0.014016869844319388,-0.014016869844319388,9360
HPSE,0.014016543620696155,0.014016543620696155,9361
CA1,0.013991228576196597,0.013991228576196597,9362
HOXC9,0.013988843133518006,-0.013988843133518006,9363
RBM4B,0.013982459975907519,-0.013982459975907519,9364
KRT19,0.013969706448628943,-0.013969706448628943,9365
GSTK1,0.013968875804479036,0.013968875804479036,9366
NOTCH3,0.013960362553251199,0.013960362553251199,9367
C3AR1,0.013946871909921015,-0.013946871909921015,9368
EIF2S1,0.013944827517093578,0.013944827517093578,9369
RPL22L1,0.013938708546009355,0.013938708546009355,9370
CUX1,0.013932736937606112,0.013932736937606112,9371
CFD,0.013931463833052918,-0.013931463833052918,9372
GPR173,0.013921068577896122,-0.013921068577896122,9373
EPM2A,0.013913173543434087,-0.013913173543434087,9374
LARP1,0.013909618847270985,-0.013909618847270985,9375
ZNF569,0.01388282215700973,0.01388282215700973,9376
PEX1,0.013868654648424043,0.013868654648424043,9377
TRAK1,0.013859989493236236,0.013859989493236236,9378
BTD,0.013839460787685722,0.013839460787685722,9379
KCNK3,0.013832603091899527,0.013832603091899527,9380
PHF10,0.013828245609886547,-0.013828245609886547,9381
PHF20L1,0.013815760837670213,-0.013815760837670213,9382
TBL3,0.01379663149714038,0.01379663149714038,9383
CHAF1A,0.01379381221929901,-0.01379381221929901,9384
SLC44A3,0.013790646706329294,-0.013790646706329294,9385
WASF1,0.013789775025219142,-0.013789775025219142,9386
FBXL5,0.013785357273860613,-0.013785357273860613,9387
ANKHD1,0.013783190698898374,-0.013783190698898374,9388
LMO7,0.013782210150136389,0.013782210150136389,9389
PEPD,0.013776791999237098,0.013776791999237098,9390
EEF1A1,0.013769883464960199,-0.013769883464960199,9391
EIF2AK3,0.013756466480757302,0.013756466480757302,9392
ANAPC5,0.013748194185231287,0.013748194185231287,9393
TMEM135,0.013734714569137692,0.013734714569137692,9394
AMIGO2,0.013719359237775033,0.013719359237775033,9395
GRM4,0.013713907513285948,-0.013713907513285948,9396
DYNLRB1,0.013692821291901473,0.013692821291901473,9397
PARP11,0.013682726635458376,0.013682726635458376,9398
ZNF93,0.013679310204414492,0.013679310204414492,9399
JPH2,0.013678746148018534,-0.013678746148018534,9400
NPEPL1,0.013653679984287464,-0.013653679984287464,9401
ZBTB24,0.013646278482955595,0.013646278482955595,9402
TRDN,0.013645834673691262,-0.013645834673691262,9403
LY86,0.013620675750790474,-0.013620675750790474,9404
CROT,0.013619677835918357,0.013619677835918357,9405
C17orf99,0.013601054393797392,0.013601054393797392,9406
SLC25A16,0.013600800415570652,0.013600800415570652,9407
ZNF414,0.013600242309817661,-0.013600242309817661,9408
RAC1,0.01358268646329087,-0.01358268646329087,9409
IL21R,0.013579130334847214,0.013579130334847214,9410
NRSN2,0.01356951330633465,0.01356951330633465,9411
TMEM126B,0.013568691008300672,-0.013568691008300672,9412
STARD3,0.0135394626069404,-0.0135394626069404,9413
CD59,0.013537235650283719,0.013537235650283719,9414
UNC5CL,0.013518215303097528,0.013518215303097528,9415
COL1A2,0.013516891543756453,-0.013516891543756453,9416
MARK3,0.01351605849530424,-0.01351605849530424,9417
THADA,0.013505812195027,0.013505812195027,9418
HNRNPA3,0.013494252448940815,0.013494252448940815,9419
THBS3,0.013491611140063121,-0.013491611140063121,9420
SLAMF8,0.013490031432864457,-0.013490031432864457,9421
CYFIP2,0.013475845379598764,-0.013475845379598764,9422
KRTAP3-3,0.013456768064326968,-0.013456768064326968,9423
SH3BGRL3,0.013432356163086325,-0.013432356163086325,9424
C1orf56,0.013427282840580299,-0.013427282840580299,9425
RAP2C,0.013425965768952008,0.013425965768952008,9426
CAD,0.013419975903915145,-0.013419975903915145,9427
PROP1,0.013411541572624563,-0.013411541572624563,9428
ADAMTSL5,0.013410930360087205,0.013410930360087205,9429
RPL7L1,0.013406061911140755,0.013406061911140755,9430
LETM1,0.013404176496487874,0.013404176496487874,9431
RIT2,0.013391624477595326,0.013391624477595326,9432
KCNG4,0.013384523541590592,-0.013384523541590592,9433
ZNF142,0.013379412087541051,-0.013379412087541051,9434
DPH2,0.013369734982950262,-0.013369734982950262,9435
EEF1D,0.013362780259091895,-0.013362780259091895,9436
DIRAS1,0.013352806129425087,-0.013352806129425087,9437
FUT10,0.013349556951721122,0.013349556951721122,9438
ZBTB16,0.0133321114318889,0.0133321114318889,9439
PLXNA4,0.013313883716360117,0.013313883716360117,9440
TAS2R4,0.013308354094271219,0.013308354094271219,9441
SLC39A8,0.013306389562879413,-0.013306389562879413,9442
CTDP1,0.013285021173409661,0.013285021173409661,9443
BLOC1S2,0.013262368018153715,-0.013262368018153715,9444
AGAP1,0.013259363970906992,0.013259363970906992,9445
C9orf64,0.013258759848490901,0.013258759848490901,9446
RBM10,0.01325747916650097,-0.01325747916650097,9447
CSTF2T,0.01325698773314419,0.01325698773314419,9448
CNOT6L,0.013254396053579942,0.013254396053579942,9449
HBP1,0.013240978103255623,-0.013240978103255623,9450
PTP4A2,0.013228144969817762,-0.013228144969817762,9451
TOMM22,0.013219481579208596,0.013219481579208596,9452
MSRB2,0.01320296107670191,0.01320296107670191,9453
ZFAND2B,0.01319424512142602,0.01319424512142602,9454
F11,0.013174952554885279,0.013174952554885279,9455
LIMS1,0.013161573399615168,-0.013161573399615168,9456
TMEM107,0.013143285393969148,-0.013143285393969148,9457
SMARCE1,0.013130210145289815,-0.013130210145289815,9458
GTF2F2,0.013127807106637975,-0.013127807106637975,9459
C1S,0.013126455429667736,0.013126455429667736,9460
ZMIZ1,0.013114255529385837,0.013114255529385837,9461
LRRC41,0.013107693720509777,0.013107693720509777,9462
PLK1,0.013104788687073408,-0.013104788687073408,9463
ZNF121,0.01310200313355004,0.01310200313355004,9464
CD58,0.013098717121778921,-0.013098717121778921,9465
SPTLC1,0.013098137947937892,0.013098137947937892,9466
HSP90AB1,0.013077062019438092,0.013077062019438092,9467
NDUFA4,0.013074904532519652,0.013074904532519652,9468
LRRC3,0.013056192510747994,0.013056192510747994,9469
CHGA,0.013052541495709696,0.013052541495709696,9470
RNF207,0.013051095301129698,-0.013051095301129698,9471
UBXN4,0.013041134488095624,0.013041134488095624,9472
SVEP1,0.013039652564440587,0.013039652564440587,9473
CACNA1E,0.013032268428627721,0.013032268428627721,9474
DNMT3B,0.013015945615041673,0.013015945615041673,9475
CD1C,0.013004301723523662,0.013004301723523662,9476
RGS1,0.012999039232820846,-0.012999039232820846,9477
CNP,0.012996446047353012,-0.012996446047353012,9478
AGTPBP1,0.012987295766265951,-0.012987295766265951,9479
ENC1,0.012981760238135735,-0.012981760238135735,9480
ATOX1,0.01297043706241165,-0.01297043706241165,9481
EXT2,0.012969599012199393,-0.012969599012199393,9482
PLEKHA1,0.012965211469513847,-0.012965211469513847,9483
PAX9,0.012965152390616762,-0.012965152390616762,9484
NR2C2,0.012960034434837054,-0.012960034434837054,9485
WFDC5,0.012952312760322316,0.012952312760322316,9486
FIBCD1,0.012950185294411064,0.012950185294411064,9487
XRN1,0.012937613655433848,0.012937613655433848,9488
HBM,0.012931918250240832,-0.012931918250240832,9489
CHRNE,0.012928302004211707,0.012928302004211707,9490
OGDH,0.012909431516712783,-0.012909431516712783,9491
TUSC2,0.01288931054946225,-0.01288931054946225,9492
ITSN1,0.012880984866426356,0.012880984866426356,9493
UBE2Z,0.012867942004111793,0.012867942004111793,9494
LECT2,0.012867347052397234,-0.012867347052397234,9495
ZNHIT2,0.012858170205624188,0.012858170205624188,9496
BTG1,0.01285551392119485,0.01285551392119485,9497
SIRPA,0.012854223517027724,0.012854223517027724,9498
ARL8B,0.012850338212460217,-0.012850338212460217,9499
LEPROT,0.012844492762828078,0.012844492762828078,9500
DALRD3,0.012823399726651329,0.012823399726651329,9501
ANKS4B,0.0128222823909506,0.0128222823909506,9502
IL18RAP,0.012807817246239537,-0.012807817246239537,9503
PRKCI,0.012804400624124378,0.012804400624124378,9504
SSR1,0.012801440049361106,-0.012801440049361106,9505
APRT,0.01280025610224064,-0.01280025610224064,9506
RCN1,0.012795519053988388,-0.012795519053988388,9507
CTNNAL1,0.01278866255804873,0.01278866255804873,9508
GMNN,0.01278802098067403,-0.01278802098067403,9509
RPL35A,0.012786909579110758,-0.012786909579110758,9510
SF3B1,0.012783659102412814,0.012783659102412814,9511
SUFU,0.012762517482093862,0.012762517482093862,9512
ATP2C1,0.012761567889194341,0.012761567889194341,9513
MCM2,0.012754632368890115,0.012754632368890115,9514
EIF3B,0.012738818813077214,-0.012738818813077214,9515
SCARB2,0.012716820924399488,0.012716820924399488,9516
USP30,0.01270283485953643,-0.01270283485953643,9517
MRPL17,0.012699163259969705,-0.012699163259969705,9518
OCEL1,0.012664577195162374,0.012664577195162374,9519
AP1S1,0.012647598476750187,-0.012647598476750187,9520
RBM17,0.012635293683244635,0.012635293683244635,9521
VPS26A,0.012619107297785854,-0.012619107297785854,9522
DMP1,0.012613700005430937,-0.012613700005430937,9523
CCDC74B,0.01261331385709406,-0.01261331385709406,9524
APOBEC2,0.012601461546122681,-0.012601461546122681,9525
HS6ST3,0.012591564207909441,0.012591564207909441,9526
PPME1,0.012589987386174457,-0.012589987386174457,9527
AP1M1,0.012583554587128393,0.012583554587128393,9528
TBC1D5,0.01257461279159541,-0.01257461279159541,9529
CRABP1,0.012571216810663907,-0.012571216810663907,9530
FASTKD5,0.012568701516174756,0.012568701516174756,9531
HOOK3,0.012542151587359386,-0.012542151587359386,9532
SAT2,0.012513063143587456,0.012513063143587456,9533
IMP3,0.012493256680222671,-0.012493256680222671,9534
TAF7L,0.012481328695616491,0.012481328695616491,9535
PIAS3,0.012475468896298253,-0.012475468896298253,9536
C6orf62,0.01245558050411124,0.01245558050411124,9537
HCFC1,0.012444662566728985,-0.012444662566728985,9538
FAM76B,0.012441064166930825,-0.012441064166930825,9539
EYA3,0.012425998350086884,-0.012425998350086884,9540
MBTPS1,0.012408288973243161,-0.012408288973243161,9541
POU2F3,0.012391695674277186,0.012391695674277186,9542
RIMKLA,0.012386087548933755,-0.012386087548933755,9543
FKBP14,0.012380960337818672,0.012380960337818672,9544
NFE2L2,0.01237479180631163,-0.01237479180631163,9545
GSG1,0.01236631172510566,-0.01236631172510566,9546
RTKN2,0.012365596765746022,-0.012365596765746022,9547
RUVBL1,0.012363974452005473,-0.012363974452005473,9548
IARS2,0.012358506714509358,-0.012358506714509358,9549
ZCCHC7,0.012358411856018622,0.012358411856018622,9550
ACAD9,0.012352071333496317,-0.012352071333496317,9551
RC3H1,0.012350426154100725,-0.012350426154100725,9552
BNIP1,0.012343210229876736,0.012343210229876736,9553
UCN3,0.012340352358651099,0.012340352358651099,9554
NINJ1,0.01233888400404904,0.01233888400404904,9555
GIT2,0.012333446014632333,-0.012333446014632333,9556
RNF14,0.012319332933082966,0.012319332933082966,9557
TCERG1L,0.0123167308869456,0.0123167308869456,9558
DCLRE1C,0.012304218366691965,-0.012304218366691965,9559
ACTN1,0.012296265715965947,0.012296265715965947,9560
ZNF718,0.012292955378177381,0.012292955378177381,9561
DDX54,0.012292562426589609,0.012292562426589609,9562
SRC,0.012281744895607832,0.012281744895607832,9563
FN3KRP,0.012281127237936186,0.012281127237936186,9564
PRCC,0.012261771691136639,-0.012261771691136639,9565
ZNF99,0.01224185099129035,0.01224185099129035,9566
BOLL,0.012240372203736971,0.012240372203736971,9567
RAB3IP,0.012227339669359585,0.012227339669359585,9568
FANCL,0.01221231198865708,-0.01221231198865708,9569
ZNF683,0.012211677869345851,0.012211677869345851,9570
SLCO2B1,0.01220385743911799,0.01220385743911799,9571
SLC25A6,0.012189989767076756,0.012189989767076756,9572
FAM184A,0.012189211288290567,-0.012189211288290567,9573
CCDC146,0.012187027629531515,-0.012187027629531515,9574
ENPEP,0.012186890928599344,0.012186890928599344,9575
PFKP,0.012180455020213843,-0.012180455020213843,9576
ADAT3,0.012177563456993138,-0.012177563456993138,9577
SFT2D2,0.012159499082433979,0.012159499082433979,9578
MIXL1,0.012157183813652583,-0.012157183813652583,9579
SERTAD1,0.01215092870308692,0.01215092870308692,9580
MYCBPAP,0.01214560850416231,0.01214560850416231,9581
GGCT,0.012143917276381177,-0.012143917276381177,9582
ATL2,0.012142388611829525,-0.012142388611829525,9583
RPE,0.012134703394885803,-0.012134703394885803,9584
RHOA,0.012133930168442325,-0.012133930168442325,9585
CACNB1,0.012133876484284425,0.012133876484284425,9586
RNF6,0.012126392349759407,-0.012126392349759407,9587
PCK1,0.012122842159102623,-0.012122842159102623,9588
DEF6,0.012120642151523184,-0.012120642151523184,9589
VEZT,0.012115072850453068,-0.012115072850453068,9590
TPPP3,0.012113027549267151,-0.012113027549267151,9591
OLA1,0.012091364959832889,0.012091364959832889,9592
ZRSR2,0.012089156418592003,-0.012089156418592003,9593
CNBP,0.0120764513436497,-0.0120764513436497,9594
PINX1,0.012076141834802125,-0.012076141834802125,9595
PCDH12,0.012071296883166811,0.012071296883166811,9596
DNASE1L2,0.012065523055086683,0.012065523055086683,9597
SEPSECS,0.012062543444984244,-0.012062543444984244,9598
CALHM2,0.01204736807822504,0.01204736807822504,9599
FHL3,0.012038733059076939,-0.012038733059076939,9600
PLS3,0.012018775940772013,-0.012018775940772013,9601
RABGEF1,0.011986948409323005,-0.011986948409323005,9602
SCN4A,0.011983703392260356,0.011983703392260356,9603
TSPAN9,0.011974439884876103,0.011974439884876103,9604
LIN9,0.011970864773098498,0.011970864773098498,9605
BET1L,0.011944922826971382,-0.011944922826971382,9606
F2,0.01194255906910384,-0.01194255906910384,9607
AGR3,0.011941146680569593,0.011941146680569593,9608
SPARC,0.01193821191077333,0.01193821191077333,9609
GGA2,0.011924270204709769,-0.011924270204709769,9610
MPPED1,0.011913362962443465,-0.011913362962443465,9611
RPS5,0.011901534423563181,0.011901534423563181,9612
PCDHB8,0.011888762911844365,-0.011888762911844365,9613
GFRA2,0.011888314720952031,0.011888314720952031,9614
LRRC14,0.011868540020283194,-0.011868540020283194,9615
TCF7L2,0.011789958902905354,-0.011789958902905354,9616
ALG5,0.011789315290795837,0.011789315290795837,9617
SSRP1,0.01178846738926537,-0.01178846738926537,9618
SENP1,0.011787615195997901,-0.011787615195997901,9619
LGSN,0.011785181469057571,-0.011785181469057571,9620
PBX1,0.011783378621785363,-0.011783378621785363,9621
HEYL,0.011782461961295447,-0.011782461961295447,9622
DSG1,0.011779660958681508,-0.011779660958681508,9623
RAB42,0.011771957916922956,0.011771957916922956,9624
USP9Y,0.011765872066846665,-0.011765872066846665,9625
CD55,0.011764152860986745,-0.011764152860986745,9626
RBBP6,0.011747405284736015,0.011747405284736015,9627
TESK2,0.011739615391372605,-0.011739615391372605,9628
SRPK3,0.011737151017777035,-0.011737151017777035,9629
PIP5K1A,0.011735490604930137,0.011735490604930137,9630
URB2,0.011728563371767258,-0.011728563371767258,9631
ZKSCAN1,0.01172457821167719,-0.01172457821167719,9632
OR51E2,0.011714344612824805,0.011714344612824805,9633
SEMA7A,0.011705339176420535,-0.011705339176420535,9634
PARP4,0.011698480153030716,-0.011698480153030716,9635
JDP2,0.01168752578472611,0.01168752578472611,9636
FBL,0.01168560781270257,-0.01168560781270257,9637
PGLYRP3,0.011680803602864654,-0.011680803602864654,9638
AMFR,0.01167078644210161,-0.01167078644210161,9639
TUFT1,0.011667172104541386,0.011667172104541386,9640
ARFIP1,0.011666126770857786,0.011666126770857786,9641
DPH3,0.011663262370603809,0.011663262370603809,9642
HCRT,0.011651470480636784,-0.011651470480636784,9643
HNRNPM,0.01163306871276663,-0.01163306871276663,9644
KLHDC2,0.01162326562080525,-0.01162326562080525,9645
ZSCAN20,0.011608571016106323,-0.011608571016106323,9646
TST,0.01160696837201477,0.01160696837201477,9647
SIPA1L3,0.011606318762648647,-0.011606318762648647,9648
SULT1C4,0.011593553422838774,0.011593553422838774,9649
GOLT1B,0.011575294814323006,-0.011575294814323006,9650
CHDH,0.011566113013550771,-0.011566113013550771,9651
CSRNP2,0.01156477020357316,0.01156477020357316,9652
PRDM7,0.011564100643629527,-0.011564100643629527,9653
HECTD3,0.011554543001405966,-0.011554543001405966,9654
ARPC2,0.011551635241903899,-0.011551635241903899,9655
PHKG2,0.011541135710857076,0.011541135710857076,9656
SIRT2,0.01153795385062328,0.01153795385062328,9657
PXK,0.011531168420615587,0.011531168420615587,9658
RASGEF1C,0.011508006195739455,-0.011508006195739455,9659
KLHL36,0.011501885076622346,-0.011501885076622346,9660
FASTK,0.011495764024569867,-0.011495764024569867,9661
SFTPC,0.011484285475094442,-0.011484285475094442,9662
AQP6,0.011482475106278991,-0.011482475106278991,9663
PHF11,0.011481032591989453,-0.011481032591989453,9664
DLK2,0.011465820969844222,-0.011465820969844222,9665
PTPRO,0.011457544142303364,0.011457544142303364,9666
PRKD1,0.011440442448948674,0.011440442448948674,9667
TRAF3,0.011425571964784251,-0.011425571964784251,9668
ZNF396,0.011409444504397738,0.011409444504397738,9669
TXNDC11,0.011388557561793557,0.011388557561793557,9670
C7orf25,0.011339202952000655,0.011339202952000655,9671
ADRA2B,0.011336120149348882,-0.011336120149348882,9672
GLDC,0.01133209472023946,-0.01133209472023946,9673
TRAM1,0.01132122794188576,-0.01132122794188576,9674
RNF146,0.011319869681177134,-0.011319869681177134,9675
PGAM1,0.011311179836740409,0.011311179836740409,9676
PPP2R3B,0.011303448077895068,-0.011303448077895068,9677
PCGF1,0.011299596753307436,0.011299596753307436,9678
IMPA1,0.01129231469993397,-0.01129231469993397,9679
RND2,0.01129212066614075,-0.01129212066614075,9680
ADAM10,0.01129151176504987,-0.01129151176504987,9681
PPP2R3A,0.011291060924863995,-0.011291060924863995,9682
CLIC5,0.011278566902684837,0.011278566902684837,9683
ZC3H15,0.011259703245269473,-0.011259703245269473,9684
TUBB6,0.011253154259829489,-0.011253154259829489,9685
CRK,0.011249866579297434,0.011249866579297434,9686
FBXO42,0.011245744130133998,-0.011245744130133998,9687
CD180,0.011237547674908081,0.011237547674908081,9688
ARMC4,0.011227490112414147,-0.011227490112414147,9689
MTMR9,0.01120396068147533,-0.01120396068147533,9690
TCERG1,0.011187044611873987,0.011187044611873987,9691
ALKBH1,0.01118704153288261,0.01118704153288261,9692
CRH,0.011171909292165742,0.011171909292165742,9693
SNRNP48,0.011168644496648159,-0.011168644496648159,9694
RFPL2,0.011165979256111689,0.011165979256111689,9695
NOL11,0.011159940558024542,-0.011159940558024542,9696
SYN1,0.011149090605348569,-0.011149090605348569,9697
FARSA,0.011142238902509647,0.011142238902509647,9698
GPR45,0.011142151669767762,0.011142151669767762,9699
SLC25A1,0.011117912958776982,0.011117912958776982,9700
PMP22,0.011105784497283049,-0.011105784497283049,9701
FBXL12,0.011102474931490561,-0.011102474931490561,9702
IMP4,0.011094527322670132,0.011094527322670132,9703
DNAJC30,0.011090847636415456,-0.011090847636415456,9704
MEX3B,0.0110892299788881,0.0110892299788881,9705
NUDT18,0.011088736663028028,-0.011088736663028028,9706
UNC13B,0.011083246359215341,0.011083246359215341,9707
OLFM4,0.011078203707213493,0.011078203707213493,9708
OR1Q1,0.011068820834907688,-0.011068820834907688,9709
IVNS1ABP,0.011067751018561176,0.011067751018561176,9710
PRR18,0.01106671721323475,0.01106671721323475,9711
USP44,0.011059252751749887,0.011059252751749887,9712
SGSM3,0.011048863310571467,0.011048863310571467,9713
TTC4,0.011042652743646837,-0.011042652743646837,9714
SNX6,0.01101311431174034,0.01101311431174034,9715
CCL24,0.011010488666437689,-0.011010488666437689,9716
HSP90AA1,0.011003108718811364,-0.011003108718811364,9717
CCT8,0.010986059838717506,0.010986059838717506,9718
ARSG,0.010985571344651472,0.010985571344651472,9719
XRCC5,0.01098352960997748,-0.01098352960997748,9720
RHEB,0.010980909248403418,-0.010980909248403418,9721
EXOSC1,0.010968381067926926,-0.010968381067926926,9722
SKAP1,0.010966536514526455,0.010966536514526455,9723
CBR4,0.010948786455705085,0.010948786455705085,9724
BRPF3,0.010945114120364401,0.010945114120364401,9725
ROR2,0.010941032298281993,-0.010941032298281993,9726
RBM19,0.01093970347020074,0.01093970347020074,9727
ABCA6,0.010932784797718996,-0.010932784797718996,9728
HCST,0.010931865171360952,-0.010931865171360952,9729
FAM120C,0.01093130591115768,0.01093130591115768,9730
KLK7,0.01092601164495769,-0.01092601164495769,9731
GPR62,0.010917377065017948,0.010917377065017948,9732
ARL1,0.010908473481564214,0.010908473481564214,9733
AGFG1,0.010893001980010414,0.010893001980010414,9734
NLRP5,0.010885096424191412,0.010885096424191412,9735
CEP76,0.010880891315832569,0.010880891315832569,9736
CSF2RB,0.010873224404211498,0.010873224404211498,9737
TMEM184C,0.010868957447334375,0.010868957447334375,9738
SPCS3,0.010868404436236385,0.010868404436236385,9739
RARRES1,0.010863485106454995,-0.010863485106454995,9740
ADA,0.010857201546057805,-0.010857201546057805,9741
FPGT,0.010851956992341814,-0.010851956992341814,9742
SLC36A1,0.010845557179686037,0.010845557179686037,9743
TAS2R13,0.010843284024425215,-0.010843284024425215,9744
PSMG3,0.010831414901288711,0.010831414901288711,9745
HACL1,0.010816657638074314,-0.010816657638074314,9746
GPR31,0.010810750361499411,0.010810750361499411,9747
GPR161,0.01081052960388066,-0.01081052960388066,9748
CTNNB1,0.010805600243806458,0.010805600243806458,9749
SPTB,0.010805510117200814,0.010805510117200814,9750
CDH24,0.010803736072678113,-0.010803736072678113,9751
ITPKB,0.010785069235394535,0.010785069235394535,9752
NTM,0.01077823210887374,0.01077823210887374,9753
ASAH1,0.010752782735655369,0.010752782735655369,9754
GCM1,0.01075161270629479,0.01075161270629479,9755
USP34,0.010746501347137031,-0.010746501347137031,9756
DEDD2,0.010740857708103742,0.010740857708103742,9757
AMELX,0.010700236737468222,-0.010700236737468222,9758
POLR3G,0.010690973726250275,-0.010690973726250275,9759
CH25H,0.010689186009378362,0.010689186009378362,9760
MAPK1,0.010685102589050827,0.010685102589050827,9761
YTHDF3,0.010675371912549608,0.010675371912549608,9762
TRAPPC6B,0.01066886017870635,-0.01066886017870635,9763
BVES,0.010652034899163654,-0.010652034899163654,9764
RPL38,0.01064799832053282,0.01064799832053282,9765
CLEC4E,0.010641501393450695,-0.010641501393450695,9766
OXCT1,0.010639477979845461,-0.010639477979845461,9767
MRPL45,0.010636793522624035,-0.010636793522624035,9768
GNG4,0.010622942170793924,0.010622942170793924,9769
SNX25,0.010619667776526768,-0.010619667776526768,9770
SDHB,0.010616251222747283,-0.010616251222747283,9771
GPLD1,0.01060588213400025,-0.01060588213400025,9772
CECR2,0.010591460671120377,-0.010591460671120377,9773
ODF3L1,0.010590686627034131,0.010590686627034131,9774
BMP15,0.010588857579644558,-0.010588857579644558,9775
GCM2,0.010588063186837537,0.010588063186837537,9776
SKIV2L,0.010587779424470716,0.010587779424470716,9777
ATF7IP,0.010587201461937827,-0.010587201461937827,9778
ANKRD54,0.010579187300838884,0.010579187300838884,9779
EXOSC4,0.010571151417120119,-0.010571151417120119,9780
MS4A14,0.010569974675652282,-0.010569974675652282,9781
G3BP1,0.010563117291849838,-0.010563117291849838,9782
SF3A3,0.010555049557334998,0.010555049557334998,9783
CD99L2,0.010551648201619794,0.010551648201619794,9784
CAPZA1,0.010550870235819954,0.010550870235819954,9785
ZNF43,0.010540156126878477,0.010540156126878477,9786
COL18A1,0.010534258520662464,0.010534258520662464,9787
TMEM155,0.01053346688235961,0.01053346688235961,9788
RARG,0.010518629260196314,-0.010518629260196314,9789
SKAP2,0.01051164037099755,0.01051164037099755,9790
WWOX,0.010503176931854383,0.010503176931854383,9791
BAG2,0.01050124317798822,0.01050124317798822,9792
KRT24,0.010497110359218546,-0.010497110359218546,9793
LSM8,0.010496496336938135,0.010496496336938135,9794
LTF,0.010487410366658475,-0.010487410366658475,9795
SERPINA9,0.010480590849431044,0.010480590849431044,9796
PI4KA,0.01046308059914302,0.01046308059914302,9797
C8orf33,0.010455635251023563,-0.010455635251023563,9798
UNKL,0.010444009379729776,0.010444009379729776,9799
GRHL1,0.010443748600340719,-0.010443748600340719,9800
SMCR8,0.010441986451539518,0.010441986451539518,9801
ZNF467,0.010436473695438745,-0.010436473695438745,9802
ANGPT4,0.010433452711778538,-0.010433452711778538,9803
CENPH,0.010432209680829647,0.010432209680829647,9804
PSTK,0.010430104114498715,0.010430104114498715,9805
HDLBP,0.010414785782775174,-0.010414785782775174,9806
BTBD1,0.01041365288666794,0.01041365288666794,9807
PKP4,0.010408021529904657,-0.010408021529904657,9808
NUP153,0.010406516732431547,0.010406516732431547,9809
CLIC4,0.01039137910070418,0.01039137910070418,9810
ARNT,0.01038895656244875,-0.01038895656244875,9811
SLC6A19,0.010387038131855821,0.010387038131855821,9812
CTH,0.010371871625505864,0.010371871625505864,9813
KIFAP3,0.010365929308143203,0.010365929308143203,9814
SYNCRIP,0.010334895095571707,-0.010334895095571707,9815
HEXB,0.010323327868226897,0.010323327868226897,9816
HCK,0.01031166201619146,-0.01031166201619146,9817
BMP4,0.010304714471994738,0.010304714471994738,9818
NOP2,0.01029868768118315,0.01029868768118315,9819
ACAA1,0.010296221533144653,0.010296221533144653,9820
JAZF1,0.010285828308489791,0.010285828308489791,9821
MYL9,0.010281774732987328,-0.010281774732987328,9822
INPP5J,0.01028062938528494,-0.01028062938528494,9823
EXOSC3,0.010279320462292647,-0.010279320462292647,9824
CHMP4B,0.01027324976064792,-0.01027324976064792,9825
ZC3H4,0.010269620243263541,0.010269620243263541,9826
RPL18,0.010246763183266486,-0.010246763183266486,9827
EEF2,0.010243049127926956,0.010243049127926956,9828
TACR3,0.01023212817008287,0.01023212817008287,9829
LRRIQ3,0.01022862785171642,-0.01022862785171642,9830
PRPF40B,0.010225033404104076,-0.010225033404104076,9831
ZPBP2,0.010218767316755074,-0.010218767316755074,9832
PYGO2,0.010202474455811506,0.010202474455811506,9833
CCDC40,0.010199206636140604,0.010199206636140604,9834
CLK4,0.010199074169090333,-0.010199074169090333,9835
DNAH8,0.010187166422495852,-0.010187166422495852,9836
COX7B,0.010186812957045505,0.010186812957045505,9837
NDRG1,0.010179645461748958,0.010179645461748958,9838
TNP2,0.010172709601042862,0.010172709601042862,9839
CREG1,0.010166701624488616,0.010166701624488616,9840
RXFP3,0.010165336675021078,-0.010165336675021078,9841
CDKAL1,0.010156650332584356,0.010156650332584356,9842
TCF15,0.01015605006628893,-0.01015605006628893,9843
KCNH1,0.010131380547050787,-0.010131380547050787,9844
EZH1,0.010119048256897094,-0.010119048256897094,9845
TTC25,0.010118075942257552,0.010118075942257552,9846
TTC29,0.010111894832851047,-0.010111894832851047,9847
NCLN,0.010106924626055705,0.010106924626055705,9848
C9orf43,0.010104348881903912,-0.010104348881903912,9849
ZNF91,0.010075898432456296,-0.010075898432456296,9850
RRN3,0.010066804275967825,0.010066804275967825,9851
ZDHHC12,0.010054193212407463,0.010054193212407463,9852
ZNF415,0.010039547183539523,-0.010039547183539523,9853
ZNF85,0.010019491946824988,0.010019491946824988,9854
WDR7,0.009992830184793584,-0.009992830184793584,9855
DEFA4,0.009991727474922874,0.009991727474922874,9856
PLGLB1,0.009988894607449374,-0.009988894607449374,9857
PPP2R5D,0.009982441831801553,-0.009982441831801553,9858
SDF2L1,0.009975763622831941,0.009975763622831941,9859
MAPKAPK3,0.009947597502709068,0.009947597502709068,9860
ZMYND15,0.009946077878172456,-0.009946077878172456,9861
SERP1,0.009914883797041148,0.009914883797041148,9862
LIMA1,0.009910446637823742,0.009910446637823742,9863
TRIM13,0.009905394286006104,0.009905394286006104,9864
S100A3,0.00989427496927639,-0.00989427496927639,9865
SLC6A6,0.009893290751869946,0.009893290751869946,9866
MFSD1,0.009879719625350322,0.009879719625350322,9867
SS18L2,0.009870299821770009,-0.009870299821770009,9868
TXNDC12,0.009869662283390302,-0.009869662283390302,9869
UBQLN3,0.009859828800850108,-0.009859828800850108,9870
NDUFB4,0.009846038358929676,0.009846038358929676,9871
STAT5B,0.009845841594243104,0.009845841594243104,9872
MAGEE1,0.00983662747430187,-0.00983662747430187,9873
DRG2,0.00983369869093893,0.00983369869093893,9874
FCAR,0.009819545896832507,0.009819545896832507,9875
CABP4,0.009816407942385138,-0.009816407942385138,9876
ZBTB45,0.009789525092756855,-0.009789525092756855,9877
HTT,0.009782240227366236,-0.009782240227366236,9878
RNF13,0.009781011787725516,0.009781011787725516,9879
MEGF6,0.009780671511543618,-0.009780671511543618,9880
L2HGDH,0.009774813001780997,0.009774813001780997,9881
JUP,0.009758596703636588,-0.009758596703636588,9882
C1orf198,0.009756421488477185,0.009756421488477185,9883
SMC5,0.009733588952836335,-0.009733588952836335,9884
KLHL34,0.009729428155831759,-0.009729428155831759,9885
PTDSS2,0.009727758947494822,0.009727758947494822,9886
ALOX12,0.009713285731883672,0.009713285731883672,9887
FXR1,0.009699621335649607,-0.009699621335649607,9888
PPIA,0.009687418546260962,0.009687418546260962,9889
DMAP1,0.009675360421673116,0.009675360421673116,9890
QDPR,0.009644431797493394,-0.009644431797493394,9891
GPR137B,0.009638797908521329,-0.009638797908521329,9892
BCL2L1,0.009635502593938836,-0.009635502593938836,9893
LRRC8A,0.009634915503202786,0.009634915503202786,9894
GRAP,0.009631361074235944,0.009631361074235944,9895
MAP4,0.009629096135485788,-0.009629096135485788,9896
C10orf95,0.009601362446965815,-0.009601362446965815,9897
OGT,0.009599547008918715,0.009599547008918715,9898
UBA52,0.009592006798083735,-0.009592006798083735,9899
CRYBA4,0.009569901637406203,0.009569901637406203,9900
OPTN,0.009535379551787558,-0.009535379551787558,9901
GABRR3,0.009502358181040059,0.009502358181040059,9902
CA10,0.009502037277946256,-0.009502037277946256,9903
KLHL28,0.009476346558328708,0.009476346558328708,9904
MEA1,0.009469635548650128,-0.009469635548650128,9905
ARVCF,0.009464941603057187,-0.009464941603057187,9906
CD300LF,0.009459167535359272,0.009459167535359272,9907
FANK1,0.009458239100176256,0.009458239100176256,9908
ASCC3,0.009437390851944664,-0.009437390851944664,9909
FAHD1,0.009437291385624201,0.009437291385624201,9910
CHCHD7,0.009434313722980467,-0.009434313722980467,9911
GPD1,0.009430325455370222,0.009430325455370222,9912
SNX18,0.009429331666196052,0.009429331666196052,9913
SLC30A7,0.009426333319464963,0.009426333319464963,9914
LCN1,0.00942392292819694,-0.00942392292819694,9915
TTC9,0.00942237170945971,-0.00942237170945971,9916
PLEKHG3,0.009409499403389915,0.009409499403389915,9917
PSMA7,0.009404910627648269,0.009404910627648269,9918
LRRC31,0.00939773801016518,0.00939773801016518,9919
NUF2,0.00939369878346797,-0.00939369878346797,9920
ARID1A,0.009381564765763337,-0.009381564765763337,9921
IL1F10,0.009380500428126588,-0.009380500428126588,9922
VNN2,0.009380460280537222,0.009380460280537222,9923
TSC2,0.009376531313579007,0.009376531313579007,9924
ECEL1,0.009374576513005054,-0.009374576513005054,9925
BRD1,0.009372289115333943,0.009372289115333943,9926
REG1A,0.00937160322561911,0.00937160322561911,9927
PTPN12,0.009361404219741415,-0.009361404219741415,9928
EXOSC8,0.009348033447606787,-0.009348033447606787,9929
ZNF688,0.009333387087767092,-0.009333387087767092,9930
SNAI1,0.009328001554616359,0.009328001554616359,9931
LGI2,0.009319550666135911,-0.009319550666135911,9932
OR52A1,0.009317196007100658,0.009317196007100658,9933
WFDC3,0.009313755247832605,-0.009313755247832605,9934
USF2,0.009308527263008598,-0.009308527263008598,9935
CYP4F3,0.00929966237658989,0.00929966237658989,9936
FAM160B2,0.009298625607625155,-0.009298625607625155,9937
CCDC150,0.009290581466728745,-0.009290581466728745,9938
FAM20B,0.009286938472403196,-0.009286938472403196,9939
TATDN3,0.009286656811106166,-0.009286656811106166,9940
MRPL52,0.00928532096821836,0.00928532096821836,9941
NPY5R,0.009274025453218756,-0.009274025453218756,9942
FOXO3,0.009270889786641917,-0.009270889786641917,9943
APBA1,0.009267439185151766,0.009267439185151766,9944
CDKN2AIPNL,0.009259050400654039,-0.009259050400654039,9945
RANBP3,0.009253967612182725,0.009253967612182725,9946
STK36,0.009251319941942051,-0.009251319941942051,9947
ATG12,0.009246367119560122,-0.009246367119560122,9948
PSMD6,0.00924617589165967,0.00924617589165967,9949
MAGEB6,0.009236821647324485,-0.009236821647324485,9950
DCTN6,0.009227731773295259,-0.009227731773295259,9951
GGNBP2,0.0091963763739592,0.0091963763739592,9952
CEBPG,0.009193911344057754,0.009193911344057754,9953
TPD52,0.009174855595937071,-0.009174855595937071,9954
TLCD1,0.009170565895717095,-0.009170565895717095,9955
RPS28,0.009165926234907598,0.009165926234907598,9956
TMEM117,0.009161929909240378,0.009161929909240378,9957
NHLH1,0.009151992849745967,-0.009151992849745967,9958
LATS1,0.009150159003489764,-0.009150159003489764,9959
STK17B,0.009137726589858758,0.009137726589858758,9960
TUBGCP5,0.009131386071004746,-0.009131386071004746,9961
NXNL1,0.009130000956950842,0.009130000956950842,9962
EFNB1,0.009120288145202472,-0.009120288145202472,9963
HLA-G,0.009115092667531082,-0.009115092667531082,9964
RABGAP1,0.009111139961363812,0.009111139961363812,9965
PRKAG2,0.00910226774046255,0.00910226774046255,9966
NKX2-8,0.00909146788428614,-0.00909146788428614,9967
ST3GAL3,0.0090877559731898,0.0090877559731898,9968
AHCYL1,0.009083215103813571,0.009083215103813571,9969
BLZF1,0.009081598477448775,-0.009081598477448775,9970
TSC22D1,0.009058994671367308,-0.009058994671367308,9971
KCNMB3,0.009046619883208436,0.009046619883208436,9972
RAP1GAP,0.009046557585474435,0.009046557585474435,9973
PDZK1IP1,0.00904322786496951,0.00904322786496951,9974
ADAM22,0.009041836173250977,0.009041836173250977,9975
BCAR1,0.00904090010088865,0.00904090010088865,9976
RNF139,0.009038588637831645,-0.009038588637831645,9977
MTHFSD,0.009034835774773136,-0.009034835774773136,9978
STARD6,0.009014564853955727,-0.009014564853955727,9979
LIM2,0.009014304161549372,0.009014304161549372,9980
POLR2F,0.00900160085086371,0.00900160085086371,9981
RAE1,0.008997979823595603,0.008997979823595603,9982
RFPL3,0.00899510990953347,-0.00899510990953347,9983
TIGD7,0.00898679196913924,0.00898679196913924,9984
TOR3A,0.008981840975917088,-0.008981840975917088,9985
ST3GAL5,0.0089706464385586,0.0089706464385586,9986
ENTPD4,0.00894899712951176,0.00894899712951176,9987
CALB1,0.008947091298949866,0.008947091298949866,9988
PRPSAP1,0.008946325493399958,-0.008946325493399958,9989
TAF6L,0.008945951680891566,0.008945951680891566,9990
HAGHL,0.008935985193450732,-0.008935985193450732,9991
C14orf93,0.008927717910689664,-0.008927717910689664,9992
PRKCE,0.008921120366179099,0.008921120366179099,9993
PTN,0.008919249049142645,-0.008919249049142645,9994
ZNF682,0.008918197292623869,-0.008918197292623869,9995
MKRN1,0.008909870844634352,0.008909870844634352,9996
CASP8AP2,0.00890508154147019,0.00890508154147019,9997
CASP5,0.008878436791474502,-0.008878436791474502,9998
CENPM,0.008877415541587497,-0.008877415541587497,9999
PAQR3,0.008862220571631609,-0.008862220571631609,10000
TAS2R9,0.008846977169392397,-0.008846977169392397,10001
UBR4,0.008845334284159454,-0.008845334284159454,10002
PTCRA,0.008840260485717401,0.008840260485717401,10003
GAPT,0.00882979256740858,0.00882979256740858,10004
ADPGK,0.008828354982888786,0.008828354982888786,10005
IL11RA,0.008818865638252817,0.008818865638252817,10006
EFEMP1,0.008817002519804341,-0.008817002519804341,10007
CLP1,0.008807189131228544,0.008807189131228544,10008
MYO1E,0.008790527029525451,0.008790527029525451,10009
NME5,0.008782350907390803,-0.008782350907390803,10010
C1QTNF5,0.008753689616007329,-0.008753689616007329,10011
ZFAND6,0.008748955736765545,0.008748955736765545,10012
TCEAL4,0.008743554717920994,0.008743554717920994,10013
ZNF250,0.008735290853294882,-0.008735290853294882,10014
WFDC1,0.00871694783224555,0.00871694783224555,10015
IFITM3,0.008705483294413409,-0.008705483294413409,10016
CLPB,0.008703584624783985,0.008703584624783985,10017
KLHDC1,0.008697806025291287,0.008697806025291287,10018
RFC2,0.008689512153898054,-0.008689512153898054,10019
OR2F1,0.008688110416349789,0.008688110416349789,10020
DNAJC18,0.008675944776344343,0.008675944776344343,10021
ZCRB1,0.008668213407169988,-0.008668213407169988,10022
RPL8,0.008666089564885963,0.008666089564885963,10023
MAP3K12,0.008654835977015546,-0.008654835977015546,10024
DCUN1D5,0.008652853818602146,0.008652853818602146,10025
VAMP3,0.008609429883909791,0.008609429883909791,10026
RAD9A,0.008583072999706875,-0.008583072999706875,10027
NTSR2,0.008578014948845884,-0.008578014948845884,10028
NUAK2,0.008567934220807297,0.008567934220807297,10029
IQCD,0.00855843593666201,-0.00855843593666201,10030
CFDP1,0.008558317391369884,-0.008558317391369884,10031
GHRH,0.00855709201628162,-0.00855709201628162,10032
MTHFD1L,0.008555832825844073,0.008555832825844073,10033
LMAN1L,0.008554891276121909,0.008554891276121909,10034
YAF2,0.008553690459208643,0.008553690459208643,10035
SIRPG,0.008552563773392486,0.008552563773392486,10036
CFL1,0.008550521676945056,0.008550521676945056,10037
STAT4,0.008544621276561604,-0.008544621276561604,10038
FCER1A,0.008543632179882042,-0.008543632179882042,10039
MLYCD,0.008534199946439358,0.008534199946439358,10040
DCT,0.008532394308916306,-0.008532394308916306,10041
EHF,0.00853041684624321,-0.00853041684624321,10042
KRT71,0.008525351209668955,0.008525351209668955,10043
FAM20C,0.008521534330725852,0.008521534330725852,10044
PIGT,0.008506637896591267,-0.008506637896591267,10045
MYLIP,0.00849787270642482,0.00849787270642482,10046
ANXA9,0.008494773819504583,0.008494773819504583,10047
COQ10A,0.00849115146693898,0.00849115146693898,10048
BZW2,0.008485915779544728,0.008485915779544728,10049
ADRB2,0.008475570305607293,0.008475570305607293,10050
SERPINB8,0.008475046448982747,-0.008475046448982747,10051
MAPK4,0.008471926087964697,-0.008471926087964697,10052
KRT32,0.008455052762427227,0.008455052762427227,10053
OTOP2,0.008444517427521971,0.008444517427521971,10054
COX7A1,0.008442471215939893,0.008442471215939893,10055
MPP7,0.00844041216475848,0.00844041216475848,10056
GNB1,0.00842983290103233,0.00842983290103233,10057
UBE2D2,0.00841976723912712,-0.00841976723912712,10058
NLGN4Y,0.008411247415702459,-0.008411247415702459,10059
USP6NL,0.008407108732632538,-0.008407108732632538,10060
SSTR3,0.008406293982685028,-0.008406293982685028,10061
PDXP,0.008404171620152463,0.008404171620152463,10062
P2RY12,0.008404120477918687,-0.008404120477918687,10063
TOX,0.008401948324967268,-0.008401948324967268,10064
RAD54L,0.008398167236401171,-0.008398167236401171,10065
COL15A1,0.008390824778405217,-0.008390824778405217,10066
IAH1,0.008388808895149239,0.008388808895149239,10067
CDC42BPA,0.008382140778300403,-0.008382140778300403,10068
RNF149,0.008376576987237799,-0.008376576987237799,10069
AMPD3,0.00837019079305159,-0.00837019079305159,10070
ACOT8,0.00836185269448567,0.00836185269448567,10071
TUFM,0.008359235817352137,0.008359235817352137,10072
HS2ST1,0.008346938662746634,-0.008346938662746634,10073
MBD3L1,0.00833941197568476,0.00833941197568476,10074
TIA1,0.008339225271068573,0.008339225271068573,10075
ATG3,0.008336439325929992,-0.008336439325929992,10076
ALMS1,0.008336345253497041,0.008336345253497041,10077
SHROOM4,0.008335202045949456,0.008335202045949456,10078
CIAPIN1,0.00833278094099343,0.00833278094099343,10079
ZNF430,0.008330764256031471,-0.008330764256031471,10080
PIP5K1C,0.00833016476357446,0.00833016476357446,10081
PIWIL1,0.008324352999142514,0.008324352999142514,10082
RBM26,0.00830992566708811,0.00830992566708811,10083
SLC22A7,0.008302075412834321,-0.008302075412834321,10084
NEDD1,0.008294423804743656,0.008294423804743656,10085
RPL3,0.008294255167644588,-0.008294255167644588,10086
SLC30A3,0.008285176339790059,-0.008285176339790059,10087
PIN1,0.008278230874894576,-0.008278230874894576,10088
GRK1,0.008270540235088254,0.008270540235088254,10089
HIGD1A,0.008270090504928497,-0.008270090504928497,10090
ARHGAP22,0.008269176190131674,0.008269176190131674,10091
ARID5A,0.008268716841991711,-0.008268716841991711,10092
SETD2,0.008249155675592272,0.008249155675592272,10093
HIRIP3,0.008247083128443798,-0.008247083128443798,10094
HEMK1,0.008234457032027326,-0.008234457032027326,10095
ITPKC,0.008218916786595731,0.008218916786595731,10096
TAS1R2,0.008212136643635083,-0.008212136643635083,10097
ANG,0.008206259222199473,0.008206259222199473,10098
C1orf127,0.008193021881951076,-0.008193021881951076,10099
KRTAP3-2,0.008187683122283556,-0.008187683122283556,10100
FBXO39,0.008187187396998032,0.008187187396998032,10101
CCT8L2,0.008181701296428713,-0.008181701296428713,10102
DNAJA1,0.008165564495330764,0.008165564495330764,10103
FBXO4,0.008142032491394205,0.008142032491394205,10104
HMGB3,0.008135942349320342,0.008135942349320342,10105
ECM2,0.008135747757366427,0.008135747757366427,10106
CCNK,0.008132924807696514,-0.008132924807696514,10107
NT5DC1,0.00812110096524913,0.00812110096524913,10108
FEV,0.008118370140125787,-0.008118370140125787,10109
PRPF38A,0.008106515402482134,-0.008106515402482134,10110
ATP6V1A,0.00810132005502435,-0.00810132005502435,10111
IMMP2L,0.008085933802965406,-0.008085933802965406,10112
PIGF,0.008084074166671666,-0.008084074166671666,10113
TBXAS1,0.008073957067178558,0.008073957067178558,10114
FGF17,0.008070137923049043,-0.008070137923049043,10115
ADNP,0.00806835655615434,0.00806835655615434,10116
ATP2A2,0.008067577127805547,0.008067577127805547,10117
SLC26A6,0.008049569201619857,-0.008049569201619857,10118
TMEM87B,0.008049552909675867,0.008049552909675867,10119
PSEN1,0.008044571760492083,0.008044571760492083,10120
CYP4F8,0.008042269484787645,0.008042269484787645,10121
ANKRD29,0.00804169579511571,0.00804169579511571,10122
NPEPPS,0.008032739542248491,0.008032739542248491,10123
SNX7,0.008021366770910301,0.008021366770910301,10124
RPL11,0.008019700848777199,0.008019700848777199,10125
TAS2R10,0.008016255725349327,0.008016255725349327,10126
RPS18,0.008015143102001413,0.008015143102001413,10127
RPL12,0.008004141523364105,0.008004141523364105,10128
METAP1,0.008002299799029562,0.008002299799029562,10129
EME1,0.00800052303628382,0.00800052303628382,10130
STAG1,0.007983677968816303,-0.007983677968816303,10131
NRAP,0.00796957386477897,-0.00796957386477897,10132
STRAP,0.007963820630765244,0.007963820630765244,10133
GPR83,0.00796325061520161,0.00796325061520161,10134
TMF1,0.007946362677602651,0.007946362677602651,10135
FCER1G,0.007940267722961731,0.007940267722961731,10136
SEMA3B,0.007934358164156751,-0.007934358164156751,10137
TBCA,0.007926516969274655,-0.007926516969274655,10138
PRDM10,0.007905256543610028,0.007905256543610028,10139
CLN8,0.007896019393295739,-0.007896019393295739,10140
CHD5,0.007889395103067806,0.007889395103067806,10141
TMEM14B,0.007885268948114789,0.007885268948114789,10142
TLN2,0.0078767276874882,-0.0078767276874882,10143
ARFRP1,0.007876509621312715,0.007876509621312715,10144
S1PR2,0.00785995877815915,-0.00785995877815915,10145
XPNPEP3,0.00784560978930683,-0.00784560978930683,10146
SCO1,0.007838525037213667,-0.007838525037213667,10147
LRRC49,0.00783394039060035,-0.00783394039060035,10148
CAST,0.007820567057173664,0.007820567057173664,10149
RANBP17,0.007817462249547796,0.007817462249547796,10150
LYPLA1,0.007813240310186783,-0.007813240310186783,10151
TTC39B,0.007803260446689204,0.007803260446689204,10152
CANX,0.0077856562693688885,-0.0077856562693688885,10153
SUB1,0.007782461000746085,-0.007782461000746085,10154
DDIT4L,0.0077755006729196465,0.0077755006729196465,10155
CPNE9,0.007763831352973695,-0.007763831352973695,10156
SLC31A2,0.00776314810855735,0.00776314810855735,10157
HAPLN2,0.0077630055934537244,-0.0077630055934537244,10158
C2orf42,0.007755418521637535,0.007755418521637535,10159
NPM1,0.007743076237823981,0.007743076237823981,10160
USP48,0.007737766598353583,-0.007737766598353583,10161
COPS5,0.007732482473564751,0.007732482473564751,10162
SLC35B4,0.007726013943280531,-0.007726013943280531,10163
TWF1,0.007725649495287013,0.007725649495287013,10164
OSTF1,0.0077036183258890585,-0.0077036183258890585,10165
LAPTM4A,0.00769745569385081,-0.00769745569385081,10166
BCAM,0.007691017471262453,0.007691017471262453,10167
RSPO3,0.007684339445474978,-0.007684339445474978,10168
CPA3,0.007675344031253627,-0.007675344031253627,10169
ANLN,0.007653299062245976,-0.007653299062245976,10170
SLC17A6,0.007647919581572914,0.007647919581572914,10171
PIGC,0.007642039333698481,0.007642039333698481,10172
RAB7A,0.007636072242193292,0.007636072242193292,10173
C20orf27,0.007625543828869609,0.007625543828869609,10174
FGF2,0.007616949108179339,0.007616949108179339,10175
MZF1,0.007602331101648618,-0.007602331101648618,10176
KRT20,0.007599604324504749,0.007599604324504749,10177
CCDC115,0.007571300506089816,0.007571300506089816,10178
BTBD11,0.007570552637481228,-0.007570552637481228,10179
KLHL11,0.007568984986356048,0.007568984986356048,10180
NOD2,0.007543171948833896,-0.007543171948833896,10181
YME1L1,0.007541317432101034,0.007541317432101034,10182
DCST2,0.007539892824047364,-0.007539892824047364,10183
CD163,0.007539368107099784,-0.007539368107099784,10184
STAC3,0.007537059038157305,-0.007537059038157305,10185
AANAT,0.007525360494559591,-0.007525360494559591,10186
FGF4,0.007522172683864703,0.007522172683864703,10187
PTCD2,0.00751233859637801,-0.00751233859637801,10188
TMEM167A,0.007508612283161396,0.007508612283161396,10189
C20orf141,0.007488063778224488,0.007488063778224488,10190
GPR75,0.007486885178462425,0.007486885178462425,10191
ATG9B,0.007485511687657704,-0.007485511687657704,10192
IFT74,0.0074724012425171835,-0.0074724012425171835,10193
KRT35,0.0074720222408566975,0.0074720222408566975,10194
RERGL,0.007469111331539367,0.007469111331539367,10195
SEC16A,0.007465121094701665,0.007465121094701665,10196
AVPI1,0.007464972042899344,0.007464972042899344,10197
ATP7B,0.007458571532496756,0.007458571532496756,10198
CNR2,0.007458296025287526,0.007458296025287526,10199
ATP10D,0.007456447542082499,0.007456447542082499,10200
GNL1,0.007427731909588789,0.007427731909588789,10201
TMEM14A,0.007427498346296676,-0.007427498346296676,10202
SP1,0.007416478060398693,-0.007416478060398693,10203
SLC24A2,0.007414644001231893,0.007414644001231893,10204
RNF44,0.007409588844117534,-0.007409588844117534,10205
CTTNBP2,0.007409286648513381,0.007409286648513381,10206
NAP1L4,0.007388669813046003,-0.007388669813046003,10207
CHCHD5,0.007369297846513987,-0.007369297846513987,10208
ADH5,0.007356821765315263,0.007356821765315263,10209
ST6GALNAC5,0.007354418822316555,-0.007354418822316555,10210
ZFR,0.007351108804386029,0.007351108804386029,10211
PLEKHA4,0.007333208630264416,0.007333208630264416,10212
BSDC1,0.007321269308164076,0.007321269308164076,10213
SIX4,0.00731751269669646,-0.00731751269669646,10214
ZNF32,0.007313096868394156,-0.007313096868394156,10215
LAMP2,0.007306506540239206,-0.007306506540239206,10216
MMADHC,0.007302791133715533,0.007302791133715533,10217
CDC42EP4,0.007294921703872454,-0.007294921703872454,10218
KLF13,0.007283439739044555,0.007283439739044555,10219
PPM1M,0.0072765963244884255,0.0072765963244884255,10220
TTC17,0.007271506261924901,0.007271506261924901,10221
GRIK4,0.007263665976631893,-0.007263665976631893,10222
PTGR1,0.007258861631350298,-0.007258861631350298,10223
PGBD5,0.007246442429412566,-0.007246442429412566,10224
EVI5L,0.00724458926077616,0.00724458926077616,10225
EFS,0.007236390665728724,-0.007236390665728724,10226
KRTAP1-5,0.007229693807453999,-0.007229693807453999,10227
CHRD,0.007227409026790678,0.007227409026790678,10228
ZNF585B,0.007222232295495604,0.007222232295495604,10229
TSPAN17,0.0072206757562007185,-0.0072206757562007185,10230
DDB1,0.007210044611258021,0.007210044611258021,10231
COX15,0.007208228535115296,0.007208228535115296,10232
UBXN10,0.007206849956440778,0.007206849956440778,10233
SMPDL3A,0.007204664177530586,0.007204664177530586,10234
SGK1,0.007202680324320189,-0.007202680324320189,10235
EPSTI1,0.00719672326128565,-0.00719672326128565,10236
LAPTM5,0.007195535143650592,0.007195535143650592,10237
ZNF160,0.007192714673694184,-0.007192714673694184,10238
ATP10A,0.0071911570377812635,-0.0071911570377812635,10239
PDC,0.007190417829347998,-0.007190417829347998,10240
HCRTR2,0.007183219926438922,0.007183219926438922,10241
PJA2,0.007178871525172016,0.007178871525172016,10242
ENDOD1,0.007171831361744859,-0.007171831361744859,10243
ANXA11,0.007151200409437906,0.007151200409437906,10244
GHRHR,0.00714390244256761,-0.00714390244256761,10245
EIF4G1,0.007142930431510625,-0.007142930431510625,10246
KLRC4,0.007121352035190712,0.007121352035190712,10247
SLC25A40,0.007120089178098761,-0.007120089178098761,10248
ASXL1,0.007110777242722391,0.007110777242722391,10249
PEX26,0.007099331460172021,-0.007099331460172021,10250
PSMC1,0.007085673034393394,0.007085673034393394,10251
IGBP1,0.007081145827083101,0.007081145827083101,10252
PHKA2,0.00707315728791773,0.00707315728791773,10253
HTRA2,0.0070374157700791124,0.0070374157700791124,10254
MCM3,0.007021618218262324,0.007021618218262324,10255
CEP97,0.007016696266174996,0.007016696266174996,10256
F10,0.00700357428874996,-0.00700357428874996,10257
USP1,0.006992399764893834,-0.006992399764893834,10258
TRRAP,0.00697714510053982,-0.00697714510053982,10259
L3MBTL2,0.006976678682132037,-0.006976678682132037,10260
SIRT1,0.006962969913644735,0.006962969913644735,10261
ACTL8,0.006958326880994119,0.006958326880994119,10262
NDUFB1,0.006941001915937914,0.006941001915937914,10263
CDKN2D,0.006940006374743538,-0.006940006374743538,10264
HDGF,0.006934959211988775,0.006934959211988775,10265
NKG7,0.006924076593006381,-0.006924076593006381,10266
NSMCE4A,0.006910230800269016,-0.006910230800269016,10267
WDR1,0.006907694736177007,-0.006907694736177007,10268
RPS10,0.006902228193400477,-0.006902228193400477,10269
CHST12,0.00687690951120513,0.00687690951120513,10270
STMN4,0.0068632188548309585,0.0068632188548309585,10271
C11orf54,0.006855516183302634,-0.006855516183302634,10272
CIAO1,0.0068470732990043364,-0.0068470732990043364,10273
TRPM5,0.006831392349686685,0.006831392349686685,10274
AIRE,0.006821831138388109,0.006821831138388109,10275
C1RL,0.006821520917481148,-0.006821520917481148,10276
CCR8,0.006813930250818981,-0.006813930250818981,10277
LSG1,0.006805373507674284,0.006805373507674284,10278
MAST4,0.0067429009169847785,0.0067429009169847785,10279
LTBR,0.006721830430740141,0.006721830430740141,10280
SCD,0.006709934070305438,-0.006709934070305438,10281
SULT4A1,0.006690565697207074,-0.006690565697207074,10282
ACP6,0.006676534760397724,0.006676534760397724,10283
ZNF7,0.006672883727900485,-0.006672883727900485,10284
RPLP1,0.006670532959057989,-0.006670532959057989,10285
CCKBR,0.0066699206681429014,0.0066699206681429014,10286
ABHD6,0.006664642337035159,0.006664642337035159,10287
C11orf71,0.00665539310617193,-0.00665539310617193,10288
PPP4C,0.006655333092366171,0.006655333092366171,10289
NFIB,0.00665322295014338,-0.00665322295014338,10290
USP4,0.006641250487431379,0.006641250487431379,10291
RTF1,0.006617542639552037,-0.006617542639552037,10292
CUX2,0.006593862164786236,0.006593862164786236,10293
ACTB,0.006593498675077416,-0.006593498675077416,10294
HTATIP2,0.00659148435156838,-0.00659148435156838,10295
KIF3A,0.006563835937916521,-0.006563835937916521,10296
EID2,0.006547414413949135,-0.006547414413949135,10297
CAMLG,0.006544394532846036,-0.006544394532846036,10298
ATAD3B,0.006518328724427925,-0.006518328724427925,10299
ZNF576,0.006513304439620301,-0.006513304439620301,10300
CLIC1,0.0065095807763322616,-0.0065095807763322616,10301
SPOPL,0.006508354232865674,0.006508354232865674,10302
MRPS23,0.00649850757704393,-0.00649850757704393,10303
PPIG,0.006475392684562896,0.006475392684562896,10304
RHBDL2,0.006471606847484579,-0.006471606847484579,10305
UBTD2,0.006470068200432241,-0.006470068200432241,10306
PRR14,0.006468084528121932,-0.006468084528121932,10307
FBXO38,0.0064582395138738195,-0.0064582395138738195,10308
ELAVL4,0.006450899116876008,-0.006450899116876008,10309
DNAH9,0.006450794376704322,-0.006450794376704322,10310
IFT140,0.00644520212627064,0.00644520212627064,10311
INSRR,0.006444364563139813,-0.006444364563139813,10312
PDHX,0.006442963914971128,-0.006442963914971128,10313
SEC61A1,0.006439011159389478,0.006439011159389478,10314
SEMA6B,0.006437329042721099,0.006437329042721099,10315
ARRDC4,0.006434913955261939,-0.006434913955261939,10316
CAND2,0.006432672783999118,-0.006432672783999118,10317
DGUOK,0.006413939151787529,-0.006413939151787529,10318
IMMT,0.006404882551547399,-0.006404882551547399,10319
CRP,0.0064003324640984904,-0.0064003324640984904,10320
APIP,0.006384174639637297,0.006384174639637297,10321
KRT23,0.006382875747476001,0.006382875747476001,10322
ZNF324,0.0063666764665770426,-0.0063666764665770426,10323
DISP1,0.006366559697002843,-0.006366559697002843,10324
APH1B,0.006365726370026932,-0.006365726370026932,10325
ATP10B,0.0063633274706226825,-0.0063633274706226825,10326
TEX10,0.006358983852440805,-0.006358983852440805,10327
AGER,0.006353012420701968,-0.006353012420701968,10328
ZNF234,0.006344482449808569,0.006344482449808569,10329
SLC35F5,0.006330734648738504,0.006330734648738504,10330
METTL8,0.0063226371019915574,-0.0063226371019915574,10331
GBP6,0.006283769819244648,0.006283769819244648,10332
MAK16,0.006283368153952091,-0.006283368153952091,10333
RPS6,0.006266578356308479,-0.006266578356308479,10334
IL2RB,0.006260314849462199,0.006260314849462199,10335
PHF19,0.006255645369805846,0.006255645369805846,10336
SLC25A11,0.006252578030896149,-0.006252578030896149,10337
PNPLA4,0.006236790941820328,-0.006236790941820328,10338
RAMP1,0.0062209112995555045,0.0062209112995555045,10339
MRPL32,0.00621715491493569,-0.00621715491493569,10340
ZNF787,0.0061977481701899415,-0.0061977481701899415,10341
PLA1A,0.006186685191229518,0.006186685191229518,10342
MPP1,0.00618566893697237,-0.00618566893697237,10343
MRPL16,0.006178909341863256,-0.006178909341863256,10344
ABCC8,0.0061766627114044036,-0.0061766627114044036,10345
GNL2,0.0061754146754787005,0.0061754146754787005,10346
MEFV,0.006153468122008501,-0.006153468122008501,10347
CTSH,0.006147958563892473,-0.006147958563892473,10348
MS4A3,0.006141314872567605,-0.006141314872567605,10349
PYGB,0.006134439766708612,-0.006134439766708612,10350
DYRK3,0.0061277501488256215,-0.0061277501488256215,10351
SLC2A4,0.006124316673786154,-0.006124316673786154,10352
C17orf75,0.006118736287217196,-0.006118736287217196,10353
ANGPTL4,0.006109880193289528,0.006109880193289528,10354
MBL2,0.006078319896594865,-0.006078319896594865,10355
TMEM147,0.00607571950262501,-0.00607571950262501,10356
PEF1,0.0060755663010557594,-0.0060755663010557594,10357
AIFM2,0.0060714461075209,-0.0060714461075209,10358
MAP3K7,0.006067748516397636,-0.006067748516397636,10359
PFKFB1,0.006064100954745962,-0.006064100954745962,10360
B3GALNT2,0.006060306671363491,0.006060306671363491,10361
UBE2I,0.006059530552699458,-0.006059530552699458,10362
RIPK4,0.006055724063545525,-0.006055724063545525,10363
CCNG1,0.006050376723842955,0.006050376723842955,10364
SSR2,0.0060487143490670515,-0.0060487143490670515,10365
CLDN23,0.006047015718592283,0.006047015718592283,10366
PDIA3,0.006041186524414604,-0.006041186524414604,10367
IL15RA,0.006031256153365943,-0.006031256153365943,10368
CAMTA1,0.006023898812388778,0.006023898812388778,10369
FOXRED2,0.006021460370416644,0.006021460370416644,10370
WAC,0.0060207145371412646,0.0060207145371412646,10371
SLC35D2,0.005999961184232613,0.005999961184232613,10372
PABPC3,0.005999425356241279,-0.005999425356241279,10373
FCGR2B,0.00599940204028119,-0.00599940204028119,10374
CCDC51,0.0059793369457932,-0.0059793369457932,10375
GATM,0.00597561535455317,0.00597561535455317,10376
TGOLN2,0.005961744295490068,-0.005961744295490068,10377
HSPB6,0.005940143144704296,-0.005940143144704296,10378
ALX3,0.005920684313059459,-0.005920684313059459,10379
MYLK,0.005919842881318773,-0.005919842881318773,10380
F9,0.005911058104351586,0.005911058104351586,10381
MAS1L,0.005910186954964759,-0.005910186954964759,10382
BOC,0.00590965396271034,0.00590965396271034,10383
MSTO1,0.005908628415387224,0.005908628415387224,10384
ORMDL2,0.005906679325037508,0.005906679325037508,10385
ACADM,0.005882793346016555,0.005882793346016555,10386
MRPS12,0.005882666873729598,-0.005882666873729598,10387
ZNF429,0.005877652349763733,0.005877652349763733,10388
PSEN2,0.0058686426611491834,0.0058686426611491834,10389
TRMU,0.005862097618245474,-0.005862097618245474,10390
MMP27,0.0058486615783522105,0.0058486615783522105,10391
SLC17A8,0.005817653367983556,0.005817653367983556,10392
PITPNB,0.005813858643205775,-0.005813858643205775,10393
LTB,0.005811194914992364,0.005811194914992364,10394
PIK3C2B,0.005804446342940339,-0.005804446342940339,10395
OR1E1,0.005797233071216,-0.005797233071216,10396
CACNB2,0.00579626812771789,0.00579626812771789,10397
BNIP3,0.005796196223705186,-0.005796196223705186,10398
RYK,0.005796012348890201,-0.005796012348890201,10399
PHOX2B,0.0057843216552551716,-0.0057843216552551716,10400
MFNG,0.005772011006853587,-0.005772011006853587,10401
UBE3C,0.005752872801003639,0.005752872801003639,10402
IQGAP1,0.005749548995033264,-0.005749548995033264,10403
E2F5,0.0057471960407556024,0.0057471960407556024,10404
USP10,0.005737088109712939,-0.005737088109712939,10405
BLM,0.005728345070691254,-0.005728345070691254,10406
TNKS1BP1,0.005721200578758875,0.005721200578758875,10407
UBC,0.005713182071084346,0.005713182071084346,10408
FGD1,0.0057067617425048504,0.0057067617425048504,10409
PDE6G,0.005705382860866977,-0.005705382860866977,10410
UBE2L3,0.0056951122429679405,0.0056951122429679405,10411
CSDE1,0.005690347053506867,0.005690347053506867,10412
CFHR5,0.0056732497510595765,0.0056732497510595765,10413
CACYBP,0.00566158473250701,-0.00566158473250701,10414
NCF2,0.005661306733467817,-0.005661306733467817,10415
TPD52L1,0.005652735805675108,-0.005652735805675108,10416
ZSWIM3,0.0056501714064554325,0.0056501714064554325,10417
UHRF1,0.005649043465743825,0.005649043465743825,10418
HP1BP3,0.005643668630925618,0.005643668630925618,10419
NPBWR1,0.0056294367416803515,-0.0056294367416803515,10420
C8orf34,0.005626722192841466,0.005626722192841466,10421
MAP6D1,0.0056163412184649176,-0.0056163412184649176,10422
RPS3,0.00561430954990634,0.00561430954990634,10423
MSL2,0.005611564401375231,-0.005611564401375231,10424
TAS2R39,0.0056090567883411,-0.0056090567883411,10425
AVPR1B,0.00560280803520344,-0.00560280803520344,10426
SLC9A3R2,0.00559165761040915,-0.00559165761040915,10427
RAD21,0.0055895941058517005,-0.0055895941058517005,10428
LYVE1,0.005586824530728196,-0.005586824530728196,10429
PDE9A,0.005582509259273733,0.005582509259273733,10430
SYCP1,0.005578335764568575,-0.005578335764568575,10431
CDH15,0.005574481866321146,0.005574481866321146,10432
KRT36,0.005568937954764681,-0.005568937954764681,10433
TNFRSF11A,0.0055645711395465374,-0.0055645711395465374,10434
HIGD1B,0.005552841494626191,0.005552841494626191,10435
SURF4,0.00555092032549555,-0.00555092032549555,10436
CHRM5,0.005541907830598352,-0.005541907830598352,10437
FNBP4,0.005536956340822301,-0.005536956340822301,10438
TP73,0.005512496183696819,0.005512496183696819,10439
RNF5,0.005504035346690919,0.005504035346690919,10440
FAAH2,0.0055000492124062895,-0.0055000492124062895,10441
CA5B,0.005489504410594925,0.005489504410594925,10442
TM9SF4,0.005481638508276084,0.005481638508276084,10443
LAPTM4B,0.005479555943163662,-0.005479555943163662,10444
AP4S1,0.005476653283731253,0.005476653283731253,10445
CBX4,0.005468111198384068,0.005468111198384068,10446
EPHB2,0.005463009247074974,0.005463009247074974,10447
PPP2R5C,0.005457755501097464,0.005457755501097464,10448
CYTH2,0.005448098291648743,0.005448098291648743,10449
PUF60,0.005442041129587156,-0.005442041129587156,10450
CPT1C,0.005435659952139095,0.005435659952139095,10451
SNX4,0.005430025101107986,-0.005430025101107986,10452
ALX4,0.0054220605265341264,0.0054220605265341264,10453
VRK2,0.005419981320337036,-0.005419981320337036,10454
NUDC,0.005417658692074425,-0.005417658692074425,10455
FOS,0.005413614525416154,-0.005413614525416154,10456
ZADH2,0.005406245417934979,0.005406245417934979,10457
TAP1,0.00538842677859331,0.00538842677859331,10458
CALCOCO2,0.005380314024186875,0.005380314024186875,10459
TTF1,0.005372826918059384,-0.005372826918059384,10460
IMPDH2,0.005368946658241525,-0.005368946658241525,10461
KPNA1,0.005363491845781526,0.005363491845781526,10462
CD19,0.0053600969865171995,0.0053600969865171995,10463
TF,0.005357205598468183,0.005357205598468183,10464
BHMT,0.0053525306800036795,0.0053525306800036795,10465
DHX9,0.005345906587931352,-0.005345906587931352,10466
PXDN,0.0053358702012881905,-0.0053358702012881905,10467
IPO4,0.00532647757811629,-0.00532647757811629,10468
FAM102A,0.005318121346854729,-0.005318121346854729,10469
RNF25,0.0053107797084225375,-0.0053107797084225375,10470
NCK2,0.005303836730934499,0.005303836730934499,10471
CLK1,0.00530345464014127,0.00530345464014127,10472
DHX8,0.0053008513822386995,0.0053008513822386995,10473
SNAI2,0.005297101684086098,0.005297101684086098,10474
SLC38A1,0.005292463176562635,-0.005292463176562635,10475
ZNF573,0.005292247286566008,0.005292247286566008,10476
RPL6,0.0052664556362901,-0.0052664556362901,10477
ASB16,0.005264650568158614,0.005264650568158614,10478
DPF2,0.0052603177772300655,0.0052603177772300655,10479
DPH5,0.0052586964530491834,-0.0052586964530491834,10480
PTPRE,0.005258309245228824,-0.005258309245228824,10481
COL16A1,0.0052384735709194745,0.0052384735709194745,10482
PTPRH,0.005218713150554394,-0.005218713150554394,10483
PRRG3,0.0052093557112427415,-0.0052093557112427415,10484
RBM27,0.0052087939277716344,-0.0052087939277716344,10485
UBA3,0.005203572056697687,0.005203572056697687,10486
CYP19A1,0.00519847134825186,0.00519847134825186,10487
ATRX,0.005196960757645492,0.005196960757645492,10488
SNX19,0.005181174291230604,-0.005181174291230604,10489
CAND1,0.005172751619287479,-0.005172751619287479,10490
TPM3,0.005172235131799915,-0.005172235131799915,10491
PSMD7,0.0051673560622364344,0.0051673560622364344,10492
DNM3,0.005148350773447186,0.005148350773447186,10493
EGR4,0.005144509071615642,0.005144509071615642,10494
SERPINB7,0.0051387424440719745,0.0051387424440719745,10495
HRCT1,0.005128061126428922,0.005128061126428922,10496
EIF3E,0.005128022660191778,0.005128022660191778,10497
PNPO,0.005127317694513211,-0.005127317694513211,10498
PLA2G4F,0.005119245624232639,0.005119245624232639,10499
PNRC1,0.0051166528912622074,-0.0051166528912622074,10500
RLN1,0.00510220776126117,-0.00510220776126117,10501
GPATCH4,0.005091391112553664,0.005091391112553664,10502
SF3B4,0.005082865969364528,0.005082865969364528,10503
SH2B2,0.00508048826640702,0.00508048826640702,10504
PAM,0.005076629198145599,-0.005076629198145599,10505
DNAJC8,0.00506712804705661,-0.00506712804705661,10506
CCDC121,0.0050637727316023545,0.0050637727316023545,10507
COX7A2L,0.0050334833089819165,-0.0050334833089819165,10508
FIBIN,0.005029856688006269,0.005029856688006269,10509
CCDC77,0.005027117465621716,-0.005027117465621716,10510
MITD1,0.00502137207609278,0.00502137207609278,10511
MPRIP,0.005019519348057386,-0.005019519348057386,10512
GART,0.005014304505741108,0.005014304505741108,10513
HNRNPF,0.005006711692635668,-0.005006711692635668,10514
LRBA,0.004987677660247323,0.004987677660247323,10515
WFDC13,0.004960103280147186,-0.004960103280147186,10516
ZMYND11,0.004947697568640087,0.004947697568640087,10517
MLLT1,0.0049397666565818045,0.0049397666565818045,10518
EIF6,0.004936217932789806,0.004936217932789806,10519
SLC24A1,0.004907615707551206,-0.004907615707551206,10520
CDC25B,0.004907315698576568,0.004907315698576568,10521
MEIS3,0.004892864682352441,0.004892864682352441,10522
RPL37A,0.0048756286225156145,-0.0048756286225156145,10523
KLK6,0.004869448435477545,0.004869448435477545,10524
TRAF7,0.004869431096100204,0.004869431096100204,10525
SPINT2,0.004868437045826462,0.004868437045826462,10526
RUNDC3A,0.004867304962174065,0.004867304962174065,10527
ABCB1,0.004862293029046346,-0.004862293029046346,10528
HNRNPA2B1,0.004858892942997916,-0.004858892942997916,10529
PILRA,0.004851852844803565,-0.004851852844803565,10530
C19orf44,0.004843112133270169,0.004843112133270169,10531
COX7C,0.004842341565541426,-0.004842341565541426,10532
RPL30,0.00483515181949821,-0.00483515181949821,10533
OXA1L,0.004834122885873562,0.004834122885873562,10534
BMP8A,0.004833180129069186,-0.004833180129069186,10535
DAPK1,0.004832720578962997,0.004832720578962997,10536
MPP3,0.004827179811465601,-0.004827179811465601,10537
WDTC1,0.00481985088268857,-0.00481985088268857,10538
ZNF443,0.004815971584086436,-0.004815971584086436,10539
TAOK1,0.0047928297419594324,-0.0047928297419594324,10540
MYBL2,0.004787394472184124,0.004787394472184124,10541
IFI30,0.004778105819133735,-0.004778105819133735,10542
SHOX,0.004772680915559151,0.004772680915559151,10543
KLHDC8B,0.004769962770729006,0.004769962770729006,10544
ASTE1,0.004766536440282137,0.004766536440282137,10545
CKAP2,0.004765879726680524,0.004765879726680524,10546
TRIM62,0.0047496128049907185,-0.0047496128049907185,10547
TMED5,0.004744221847542177,-0.004744221847542177,10548
PALB2,0.004740852911317261,0.004740852911317261,10549
TMEM30A,0.004736260949023371,0.004736260949023371,10550
AP2M1,0.004715606470468644,-0.004715606470468644,10551
GBP1,0.0047003407067256935,0.0047003407067256935,10552
FKBP3,0.0046980677302031325,0.0046980677302031325,10553
XPA,0.004695048760088058,0.004695048760088058,10554
FBN1,0.00466657741047573,0.00466657741047573,10555
JMJD4,0.004648514203329862,0.004648514203329862,10556
PCM1,0.004616915221337954,-0.004616915221337954,10557
ABHD12,0.004613078062263954,0.004613078062263954,10558
ASB10,0.004609369693231223,0.004609369693231223,10559
AMMECR1L,0.004605828469587811,0.004605828469587811,10560
MIER2,0.00460577201299149,-0.00460577201299149,10561
BUB1B,0.004573901539336608,-0.004573901539336608,10562
MFSD5,0.0045722917826021385,0.0045722917826021385,10563
OR7D2,0.004570416363755459,0.004570416363755459,10564
CHID1,0.0045635427034758065,0.0045635427034758065,10565
RSRC1,0.004550202666492586,0.004550202666492586,10566
PEX11G,0.004549122789005295,0.004549122789005295,10567
NFKBIL1,0.004545853900486109,0.004545853900486109,10568
SLC39A3,0.00454033102467614,0.00454033102467614,10569
OVOL1,0.004538071799796899,-0.004538071799796899,10570
LMX1B,0.004530770196575806,0.004530770196575806,10571
BANP,0.00452785968003333,-0.00452785968003333,10572
SEC23IP,0.004523078394304781,0.004523078394304781,10573
ENOX2,0.004513572621306703,0.004513572621306703,10574
PDS5B,0.004492816595656826,-0.004492816595656826,10575
CXCL2,0.004475850575150093,-0.004475850575150093,10576
EFR3A,0.004472228293762412,0.004472228293762412,10577
KBTBD4,0.0044640771805832665,0.0044640771805832665,10578
ZNF197,0.0044550715348347794,-0.0044550715348347794,10579
PPWD1,0.004444903012911724,0.004444903012911724,10580
SLC37A1,0.004417895815607057,-0.004417895815607057,10581
GIP,0.00440432435189723,0.00440432435189723,10582
PIF1,0.004402260318976867,0.004402260318976867,10583
IDE,0.004396983304922925,0.004396983304922925,10584
RPL10A,0.004392857222209697,0.004392857222209697,10585
NACA,0.004380477742360919,-0.004380477742360919,10586
P2RX3,0.004377345900364133,0.004377345900364133,10587
ARHGAP25,0.004371210606738351,-0.004371210606738351,10588
SHANK2,0.0043601777573988,0.0043601777573988,10589
ZNF80,0.004356550366259171,-0.004356550366259171,10590
RNPS1,0.004353861221749682,0.004353861221749682,10591
FCHSD1,0.00434367502165104,0.00434367502165104,10592
OTOS,0.004338171910680245,0.004338171910680245,10593
SLC8A1,0.004332326679670062,-0.004332326679670062,10594
STX5,0.004326125349963946,0.004326125349963946,10595
FASTKD3,0.004310594821085057,0.004310594821085057,10596
TJP2,0.004309241141582281,0.004309241141582281,10597
WFDC12,0.00430628506787467,0.00430628506787467,10598
ARF6,0.004304538478633443,0.004304538478633443,10599
SCIN,0.004280102113360471,0.004280102113360471,10600
INTS8,0.004264483045435527,-0.004264483045435527,10601
RRAGA,0.0042608250672152995,-0.0042608250672152995,10602
ALAS2,0.004259215989523568,0.004259215989523568,10603
NEK1,0.004257294847151086,0.004257294847151086,10604
FBXO28,0.004252004494273857,0.004252004494273857,10605
PRPF4,0.004250208260604964,-0.004250208260604964,10606
RPL27,0.004242105357466528,0.004242105357466528,10607
COQ2,0.004238608691985146,0.004238608691985146,10608
TRAPPC10,0.004231987027205958,-0.004231987027205958,10609
TDO2,0.004229932791114317,-0.004229932791114317,10610
TFR2,0.004224949312279194,-0.004224949312279194,10611
TSHB,0.004224294485344431,0.004224294485344431,10612
VASN,0.0042014769057838785,0.0042014769057838785,10613
DBF4B,0.004193437777282285,0.004193437777282285,10614
GZMH,0.004192655151835949,-0.004192655151835949,10615
RNFT1,0.004190881559608297,0.004190881559608297,10616
STK32A,0.004174922819597891,-0.004174922819597891,10617
CCDC28A,0.004173244714461026,-0.004173244714461026,10618
HMGN1,0.004151740305493401,0.004151740305493401,10619
PRAM1,0.004143698433406367,-0.004143698433406367,10620
SP140,0.00412854434238293,0.00412854434238293,10621
CRIPT,0.004127724618897265,-0.004127724618897265,10622
ZBTB7B,0.004126681881100244,-0.004126681881100244,10623
SLC25A26,0.0041190383688679034,0.0041190383688679034,10624
FSCN1,0.004118814903933272,0.004118814903933272,10625
MAT2A,0.004115907263015412,-0.004115907263015412,10626
RPL24,0.004114919505071794,-0.004114919505071794,10627
OR51E1,0.004099208706295341,-0.004099208706295341,10628
KRT12,0.004096478579958841,0.004096478579958841,10629
NKX3-2,0.004095523594861616,-0.004095523594861616,10630
VPREB1,0.004089673526571341,-0.004089673526571341,10631
APBB1,0.004067424002104719,0.004067424002104719,10632
ELK3,0.004060301923659175,-0.004060301923659175,10633
EREG,0.004060140589996228,0.004060140589996228,10634
HCN3,0.004058936054908518,0.004058936054908518,10635
RAB3IL1,0.0040573058296854364,0.0040573058296854364,10636
EIF3M,0.0040493614180480645,0.0040493614180480645,10637
ZBTB20,0.004031267791597201,-0.004031267791597201,10638
SMAD4,0.004029861849715,0.004029861849715,10639
PLA2G1B,0.004026451445478937,-0.004026451445478937,10640
CA14,0.004023225066378717,0.004023225066378717,10641
ABI3,0.0040228504583478064,0.0040228504583478064,10642
NOXA1,0.004019660322119755,0.004019660322119755,10643
KIAA1549,0.003965186641627485,0.003965186641627485,10644
PANX3,0.0039511256624696215,0.0039511256624696215,10645
CYB5D2,0.003945708741522903,0.003945708741522903,10646
GABRQ,0.003938024791032261,0.003938024791032261,10647
COPS8,0.003936343697046458,0.003936343697046458,10648
TAF5,0.003930283050365035,0.003930283050365035,10649
MED12,0.0039225314092755465,-0.0039225314092755465,10650
RPS27A,0.003916774768368252,-0.003916774768368252,10651
REPIN1,0.003906918388627392,-0.003906918388627392,10652
ODF4,0.003906344572495752,-0.003906344572495752,10653
ERCC8,0.0038590156621195544,-0.0038590156621195544,10654
ABTB2,0.0038457655736179935,0.0038457655736179935,10655
CNTFR,0.0038451738116944897,-0.0038451738116944897,10656
NHLRC3,0.003817335734959023,-0.003817335734959023,10657
COQ10B,0.003807464317060278,-0.003807464317060278,10658
CLPS,0.003807381467331078,-0.003807381467331078,10659
MYL6B,0.0037913311906072424,0.0037913311906072424,10660
TAL2,0.0037844583644540248,0.0037844583644540248,10661
UBE2G1,0.0037457437499037608,-0.0037457437499037608,10662
IL22RA2,0.003721064298353707,-0.003721064298353707,10663
PTCH2,0.003715479187139684,-0.003715479187139684,10664
RPL5,0.0037123728139126385,-0.0037123728139126385,10665
GTF2F1,0.003710034888344997,-0.003710034888344997,10666
GABRB2,0.003698929299298326,0.003698929299298326,10667
AHR,0.003694620525753173,0.003694620525753173,10668
IDH3B,0.003680615074968675,-0.003680615074968675,10669
TMIGD2,0.0036776189661569415,-0.0036776189661569415,10670
KBTBD11,0.003666186788238264,-0.003666186788238264,10671
PDE4DIP,0.0036590969269298325,-0.0036590969269298325,10672
PTMA,0.0036540715692853333,-0.0036540715692853333,10673
CLCA4,0.0036492880001397967,-0.0036492880001397967,10674
HNRNPC,0.0036391094952541616,0.0036391094952541616,10675
SH3D19,0.0036336188849261214,-0.0036336188849261214,10676
GRIK2,0.003631874987963481,-0.003631874987963481,10677
HLA-DRA,0.003599424887252712,-0.003599424887252712,10678
MS4A7,0.003594290369616007,-0.003594290369616007,10679
PPP1R12C,0.0035881682214147516,0.0035881682214147516,10680
ARRB2,0.003580891360516154,0.003580891360516154,10681
SLC2A2,0.0035798279659568777,-0.0035798279659568777,10682
PUS7L,0.003571716620047947,-0.003571716620047947,10683
ITGB1,0.0035660821080178095,-0.0035660821080178095,10684
RPS29,0.0035447672783918424,-0.0035447672783918424,10685
WDR48,0.003534763795108051,0.003534763795108051,10686
CTSB,0.003532269121999035,0.003532269121999035,10687
ZNF267,0.0035252761166932834,0.0035252761166932834,10688
CDK5R1,0.0035132911953938786,-0.0035132911953938786,10689
NEU2,0.0035119124991000545,-0.0035119124991000545,10690
SOS1,0.003504552676403294,0.003504552676403294,10691
NIN,0.0035000243316480307,-0.0035000243316480307,10692
GAPDH,0.0034952676369500815,0.0034952676369500815,10693
GUSB,0.003489158633106479,0.003489158633106479,10694
AEBP2,0.003471598072818096,0.003471598072818096,10695
NHLH2,0.00345879785728059,-0.00345879785728059,10696
EFHD2,0.0034394370433473284,-0.0034394370433473284,10697
BAIAP2,0.0034321233133669657,0.0034321233133669657,10698
IPO13,0.0034197361366504714,-0.0034197361366504714,10699
ZNF133,0.0034147855013873488,-0.0034147855013873488,10700
CTR9,0.0033988890383645433,0.0033988890383645433,10701
ARMC2,0.003398871857517094,-0.003398871857517094,10702
KCMF1,0.003389807660476665,0.003389807660476665,10703
CAPN7,0.0033893775653276964,0.0033893775653276964,10704
HMGN2,0.003387175710006437,0.003387175710006437,10705
GPHA2,0.003369967077034883,0.003369967077034883,10706
ARHGEF16,0.0033606607413024596,0.0033606607413024596,10707
SLC4A10,0.003344082748299829,0.003344082748299829,10708
P2RX4,0.0033374119039263667,-0.0033374119039263667,10709
TUBAL3,0.003325469544120594,0.003325469544120594,10710
RAB39B,0.00331177006843058,-0.00331177006843058,10711
LMX1A,0.003307743186762056,0.003307743186762056,10712
ADAR,0.0032906509985719816,-0.0032906509985719816,10713
BMPR1A,0.003284563342684629,-0.003284563342684629,10714
OR5P2,0.003282590204605477,-0.003282590204605477,10715
IFI44,0.003273761617168926,-0.003273761617168926,10716
TAGAP,0.0032467506952791915,0.0032467506952791915,10717
PDZD3,0.0032457463426217754,-0.0032457463426217754,10718
ATXN2L,0.003232610551585011,0.003232610551585011,10719
BACH2,0.0032308349923011216,0.0032308349923011216,10720
LPCAT4,0.003216175551427403,-0.003216175551427403,10721
PPP1CC,0.003211243723287843,-0.003211243723287843,10722
PRSS8,0.0032071435361134167,0.0032071435361134167,10723
SIX6,0.0031956126631218053,0.0031956126631218053,10724
CLEC2D,0.003158358565494356,0.003158358565494356,10725
WDR73,0.0031535312492367933,-0.0031535312492367933,10726
TPI1,0.0031480504152962972,0.0031480504152962972,10727
CLDN5,0.003140162100639814,0.003140162100639814,10728
SENP2,0.0031358841364756414,0.0031358841364756414,10729
MRPL41,0.0031168229897644154,-0.0031168229897644154,10730
CCDC130,0.0031100062949908683,-0.0031100062949908683,10731
PBX3,0.003108647407180081,0.003108647407180081,10732
ALG1,0.0030947784711598068,-0.0030947784711598068,10733
KLF8,0.003090424585956469,0.003090424585956469,10734
HDDC3,0.0030811492864196714,0.0030811492864196714,10735
HAVCR1,0.003069993306567186,0.003069993306567186,10736
ITFG1,0.003064569204723891,-0.003064569204723891,10737
DMC1,0.003054478099078923,0.003054478099078923,10738
IKZF4,0.0030331491006712415,0.0030331491006712415,10739
LRRC39,0.0030271505206081037,-0.0030271505206081037,10740
MYL5,0.003013871239038186,0.003013871239038186,10741
TAGLN2,0.003006910914112786,0.003006910914112786,10742
CBLB,0.002995623251773628,0.002995623251773628,10743
DDOST,0.0029954432620975893,0.0029954432620975893,10744
FAF2,0.002986693425260148,-0.002986693425260148,10745
RIBC1,0.0029843303763474826,0.0029843303763474826,10746
RPL39,0.0029822030741050334,-0.0029822030741050334,10747
REG4,0.0029443367930058442,0.0029443367930058442,10748
AMBN,0.002941693717438847,0.002941693717438847,10749
AIF1,0.0029405163558548332,-0.0029405163558548332,10750
MKI67,0.0029361160067410967,0.0029361160067410967,10751
CGN,0.002931550992035997,0.002931550992035997,10752
MKRN2,0.0029299820528118398,-0.0029299820528118398,10753
SLC10A7,0.0029244578460366506,-0.0029244578460366506,10754
TAF1A,0.0029170571037202882,-0.0029170571037202882,10755
S100A6,0.002903566668869566,-0.002903566668869566,10756
CLEC4A,0.0028852215688134454,-0.0028852215688134454,10757
PDLIM4,0.0028814983533066605,0.0028814983533066605,10758
HGSNAT,0.0028791046937147167,0.0028791046937147167,10759
DNAJC14,0.002875540186832574,0.002875540186832574,10760
MCM7,0.0028700173587940868,0.0028700173587940868,10761
CGREF1,0.0028627365120735796,0.0028627365120735796,10762
KRT25,0.0028562113337781574,-0.0028562113337781574,10763
BTBD7,0.0028498557873878976,-0.0028498557873878976,10764
TRIT1,0.0028095216085044002,0.0028095216085044002,10765
CITED1,0.0028046231542636114,0.0028046231542636114,10766
DRP2,0.002803955345065037,0.002803955345065037,10767
LGALS12,0.0028022389377786207,0.0028022389377786207,10768
MRGPRF,0.0027938115074050956,-0.0027938115074050956,10769
CHRNB1,0.0027879634480143054,0.0027879634480143054,10770
PRELID1,0.002782591755563779,0.002782591755563779,10771
MIOX,0.002774796413077267,-0.002774796413077267,10772
CEP290,0.0027706191540528445,0.0027706191540528445,10773
DNAJA4,0.002768845588455134,0.002768845588455134,10774
IL34,0.002746218090917663,0.002746218090917663,10775
PYDC1,0.0027248357064882786,0.0027248357064882786,10776
RELB,0.002721713665302676,0.002721713665302676,10777
LIMK1,0.002715036643332585,-0.002715036643332585,10778
C1orf35,0.002706538667801749,0.002706538667801749,10779
ACAT2,0.0027024539556281943,0.0027024539556281943,10780
ZNF79,0.0027006967279251345,-0.0027006967279251345,10781
GJB6,0.002685250181539222,-0.002685250181539222,10782
CCL25,0.0026720839377150627,-0.0026720839377150627,10783
PBXIP1,0.002643930699339927,-0.002643930699339927,10784
SNAI3,0.0026391333117826614,0.0026391333117826614,10785
RAP1A,0.0026356113626328993,0.0026356113626328993,10786
CLCN6,0.002634873154909093,0.002634873154909093,10787
LRCH2,0.00262648465696455,0.00262648465696455,10788
C4orf17,0.002587744591731874,0.002587744591731874,10789
SEC22A,0.0025855307571854584,0.0025855307571854584,10790
BAX,0.0025817533214961084,-0.0025817533214961084,10791
NDUFB10,0.0025813261794073073,0.0025813261794073073,10792
ZBBX,0.0025764092101661635,0.0025764092101661635,10793
CDKN3,0.0025762592340696014,0.0025762592340696014,10794
CEACAM8,0.0025746670438642648,-0.0025746670438642648,10795
FXYD7,0.002566212964601724,-0.002566212964601724,10796
ABCC12,0.0025648936608879845,-0.0025648936608879845,10797
SMPD2,0.002561732326298039,0.002561732326298039,10798
OLFML1,0.002551799754993086,0.002551799754993086,10799
GIGYF2,0.0025505939369989176,0.0025505939369989176,10800
ARR3,0.0025348604626407104,0.0025348604626407104,10801
ZC3H14,0.002529648784780503,-0.002529648784780503,10802
YY1AP1,0.0025195893225320063,0.0025195893225320063,10803
KLF16,0.0025172875390735926,-0.0025172875390735926,10804
MSLN,0.0025168170203140965,0.0025168170203140965,10805
NFATC1,0.0025144816440482343,-0.0025144816440482343,10806
ENTPD6,0.0025143239888295093,0.0025143239888295093,10807
DNAJC5G,0.0025059210612477464,-0.0025059210612477464,10808
STARD3NL,0.002504123273055269,0.002504123273055269,10809
MAPKAP1,0.0024926143933242523,0.0024926143933242523,10810
DUSP11,0.0024914575906670104,-0.0024914575906670104,10811
ZNF18,0.0024913311688931814,-0.0024913311688931814,10812
KIAA0586,0.002485471688675361,0.002485471688675361,10813
SLC2A4RG,0.0024740271290250976,0.0024740271290250976,10814
SLC13A1,0.0024733046320546143,-0.0024733046320546143,10815
DEPDC5,0.002470584797965863,-0.002470584797965863,10816
ZBED1,0.002466580450041816,0.002466580450041816,10817
IFIT2,0.002456233244195525,0.002456233244195525,10818
RNASE1,0.002450925927560631,-0.002450925927560631,10819
CSMD1,0.0024499891804229245,0.0024499891804229245,10820
NPC1L1,0.002443088687565267,-0.002443088687565267,10821
GOLPH3,0.0024410532337707713,0.0024410532337707713,10822
VASH1,0.00242472124152902,-0.00242472124152902,10823
GNB3,0.002420105861316884,0.002420105861316884,10824
AKAP11,0.0023811648242146456,0.0023811648242146456,10825
TULP2,0.0023731295944789425,0.0023731295944789425,10826
GCKR,0.002372930094881344,0.002372930094881344,10827
MAP1LC3A,0.0023714095248189176,0.0023714095248189176,10828
NASP,0.0023644180630630523,0.0023644180630630523,10829
RHBDD3,0.002357161977106698,0.002357161977106698,10830
NMB,0.002344286173498427,0.002344286173498427,10831
WAS,0.0023418335373087606,0.0023418335373087606,10832
RUNDC3B,0.0023289174265263813,0.0023289174265263813,10833
ANKRD35,0.0023283869035356838,0.0023283869035356838,10834
FDFT1,0.0023236898167243963,-0.0023236898167243963,10835
BMS1,0.00232230307268597,0.00232230307268597,10836
EIF1,0.0023127589930321663,-0.0023127589930321663,10837
TSR1,0.0023109182021338616,-0.0023109182021338616,10838
ZNF418,0.002294156706464237,-0.002294156706464237,10839
PSMC3IP,0.0022786093983747048,0.0022786093983747048,10840
GPR39,0.0022710334449134455,0.0022710334449134455,10841
TCF25,0.002263915201059447,0.002263915201059447,10842
TMEM33,0.0022593234521308824,0.0022593234521308824,10843
WDR82,0.0022575262350192516,-0.0022575262350192516,10844
CCL8,0.0022478921876458906,0.0022478921876458906,10845
VAPA,0.0022429924660655543,0.0022429924660655543,10846
SETD4,0.0022265419954974135,-0.0022265419954974135,10847
GPNMB,0.002216451419196899,0.002216451419196899,10848
HOXC11,0.0022125252500418188,-0.0022125252500418188,10849
ST8SIA5,0.002211255783544125,-0.002211255783544125,10850
GIMAP4,0.002209501357192323,-0.002209501357192323,10851
DAP3,0.0021926436930844533,-0.0021926436930844533,10852
GDA,0.0021901366227841863,-0.0021901366227841863,10853
NR0B2,0.002181578772981406,-0.002181578772981406,10854
DNM1L,0.002170802364031097,0.002170802364031097,10855
PRKY,0.0021604163438591483,-0.0021604163438591483,10856
TAX1BP1,0.0021561546677158635,0.0021561546677158635,10857
ARL4C,0.0021561312979104363,0.0021561312979104363,10858
HDAC2,0.0021433689600842795,-0.0021433689600842795,10859
FSTL1,0.0021396847813293235,-0.0021396847813293235,10860
TRPC4,0.002138132925679293,-0.002138132925679293,10861
AKAP7,0.00213192255083941,-0.00213192255083941,10862
GTF3C1,0.002125534780472169,-0.002125534780472169,10863
SCAPER,0.00212490014121471,-0.00212490014121471,10864
RPP30,0.002114256888984069,0.002114256888984069,10865
SIRT6,0.0021136810482155553,-0.0021136810482155553,10866
PRDX6,0.0021081469822043656,-0.0021081469822043656,10867
FST,0.0020990572840053913,-0.0020990572840053913,10868
CABP2,0.002097198122735123,0.002097198122735123,10869
GAN,0.0020939852367669425,0.0020939852367669425,10870
PHB2,0.0020903453267908925,0.0020903453267908925,10871
TOP3B,0.00208912325789448,0.00208912325789448,10872
RBM25,0.00207380579708492,0.00207380579708492,10873
IL22RA1,0.0020669744720306082,0.0020669744720306082,10874
EIF2B3,0.002066834944144498,-0.002066834944144498,10875
MAPK10,0.002065719350108413,-0.002065719350108413,10876
DVL2,0.002053452394358765,0.002053452394358765,10877
PIP4K2B,0.0020509254332723623,-0.0020509254332723623,10878
SRPRB,0.002048953715678716,0.002048953715678716,10879
GYS2,0.002035343103161144,-0.002035343103161144,10880
TLX2,0.0020323064800410223,0.0020323064800410223,10881
CHRM4,0.0020283821684203866,0.0020283821684203866,10882
ATP6V0E1,0.0020254426992224535,-0.0020254426992224535,10883
C11orf68,0.002025206901790999,0.002025206901790999,10884
BPHL,0.0020233751285517673,0.0020233751285517673,10885
GPIHBP1,0.002008982978973076,-0.002008982978973076,10886
DOCK10,0.0020079035625769626,0.0020079035625769626,10887
WBP11,0.002006113175790804,0.002006113175790804,10888
PHC1,0.001993836195383631,0.001993836195383631,10889
RPRD2,0.001974552614847874,0.001974552614847874,10890
HS3ST3B1,0.0019628246029120234,-0.0019628246029120234,10891
CNTNAP1,0.0019590326296309705,0.0019590326296309705,10892
PHF8,0.0019528785733258023,0.0019528785733258023,10893
PSMC6,0.0019495678694714444,0.0019495678694714444,10894
GNLY,0.0019486874928836722,0.0019486874928836722,10895
RAI1,0.0019412344831293,0.0019412344831293,10896
THOC5,0.0019349122802225403,0.0019349122802225403,10897
RPAIN,0.001929245283335775,-0.001929245283335775,10898
LRIT1,0.0019232382449207394,0.0019232382449207394,10899
DCPS,0.001921150516475616,0.001921150516475616,10900
ST14,0.0019110360259681292,0.0019110360259681292,10901
GPRASP1,0.0019053319697308142,0.0019053319697308142,10902
GATAD1,0.0019019896953398827,0.0019019896953398827,10903
C11orf1,0.0018920339592001889,-0.0018920339592001889,10904
SETD6,0.0018857841073598612,-0.0018857841073598612,10905
SLC30A8,0.0018844301880178661,0.0018844301880178661,10906
ALAD,0.0018592347643247057,0.0018592347643247057,10907
TREH,0.001827711824361007,0.001827711824361007,10908
SPAG9,0.001825414263986359,0.001825414263986359,10909
ATP6V1C2,0.0018192657652256815,0.0018192657652256815,10910
RASL12,0.0018154423123226428,-0.0018154423123226428,10911
MIER1,0.0018058921198872192,-0.0018058921198872192,10912
MUS81,0.0017715461651699718,-0.0017715461651699718,10913
ASCL3,0.0017687157385193432,-0.0017687157385193432,10914
RPP40,0.0017681760954531042,-0.0017681760954531042,10915
USP39,0.0017601462217540316,-0.0017601462217540316,10916
NDUFB7,0.0017599077951484293,-0.0017599077951484293,10917
TMED3,0.001754027768166963,0.001754027768166963,10918
TMEM141,0.0017397304175968836,0.0017397304175968836,10919
FAM110B,0.001727640265719088,-0.001727640265719088,10920
CRB3,0.0017119824625216017,-0.0017119824625216017,10921
EMG1,0.001710337083307336,-0.001710337083307336,10922
PTGER4,0.0017076873409399493,0.0017076873409399493,10923
POLR2A,0.0017030172170181847,-0.0017030172170181847,10924
MAP4K2,0.0017022565619929384,-0.0017022565619929384,10925
ANKRD13B,0.0016953178602195553,0.0016953178602195553,10926
RBM39,0.0016875731887764885,-0.0016875731887764885,10927
ELMO2,0.0016855724652364548,0.0016855724652364548,10928
SIM1,0.0016829082708006628,0.0016829082708006628,10929
DOT1L,0.0016822199741465336,0.0016822199741465336,10930
HAND2,0.0016725167705951638,0.0016725167705951638,10931
CALML4,0.0016706828925879282,-0.0016706828925879282,10932
RANBP2,0.0016231446458117474,0.0016231446458117474,10933
RB1,0.0016179310917126403,-0.0016179310917126403,10934
MVD,0.0016131255417405604,0.0016131255417405604,10935
COIL,0.0016059544634195763,-0.0016059544634195763,10936
CLDND2,0.0016036318866363033,-0.0016036318866363033,10937
CTTN,0.0015802133344504702,-0.0015802133344504702,10938
PPP6C,0.001576909097942133,-0.001576909097942133,10939
APOBEC3F,0.0015736019036667649,0.0015736019036667649,10940
IK,0.0015603506005118827,0.0015603506005118827,10941
UBLCP1,0.0015520021220752523,0.0015520021220752523,10942
RASSF2,0.001548756172663458,0.001548756172663458,10943
E2F4,0.001547834316153179,0.001547834316153179,10944
CSTF2,0.001531344401657927,-0.001531344401657927,10945
EAPP,0.001524056818741063,-0.001524056818741063,10946
CALCOCO1,0.0015231777870969502,0.0015231777870969502,10947
CEBPD,0.001517613626075547,-0.001517613626075547,10948
DAZAP2,0.0015144771638188597,0.0015144771638188597,10949
CBX8,0.0015126347225648555,-0.0015126347225648555,10950
ZNF473,0.0015086819287015673,-0.0015086819287015673,10951
KCNG1,0.0014945757698084925,0.0014945757698084925,10952
HINT1,0.0014649288352460573,-0.0014649288352460573,10953
MTX2,0.001464072755283246,-0.001464072755283246,10954
TP53I3,0.0014609342086549285,-0.0014609342086549285,10955
ARMCX1,0.0014471750771770733,0.0014471750771770733,10956
OSTM1,0.001439882297112034,0.001439882297112034,10957
PTPMT1,0.0014357559269398254,-0.0014357559269398254,10958
KY,0.0014277404883388922,0.0014277404883388922,10959
CLPX,0.001418164325806716,-0.001418164325806716,10960
TRPC3,0.0014149572812457527,-0.0014149572812457527,10961
NUDCD3,0.0014057294132503746,-0.0014057294132503746,10962
EPO,0.001396083036617867,-0.001396083036617867,10963
UBAP2L,0.0013735442539279583,-0.0013735442539279583,10964
HDC,0.0013694203321320956,-0.0013694203321320956,10965
PRLHR,0.0013392238091243125,-0.0013392238091243125,10966
EVI5,0.0013267646176322982,-0.0013267646176322982,10967
TRPV3,0.0013180375382356507,-0.0013180375382356507,10968
SERPINA1,0.001315092226653336,-0.001315092226653336,10969
AIDA,0.0013079859891603654,-0.0013079859891603654,10970
ALKBH6,0.0013070468212859057,0.0013070468212859057,10971
POU6F1,0.001295994364920824,0.001295994364920824,10972
ZNF835,0.0012898936773826195,-0.0012898936773826195,10973
SLC22A15,0.0012868107688728048,-0.0012868107688728048,10974
ABCA5,0.001285849894381808,0.001285849894381808,10975
SLC26A1,0.0012843110561022559,0.0012843110561022559,10976
INTS12,0.0012811040492031823,0.0012811040492031823,10977
SEH1L,0.0012713118304627966,-0.0012713118304627966,10978
EHMT2,0.001270151514682456,-0.001270151514682456,10979
MC3R,0.0012520063052548478,0.0012520063052548478,10980
TESC,0.0012460362515648675,0.0012460362515648675,10981
DDHD2,0.0012453746218225319,0.0012453746218225319,10982
ARID3B,0.0012418778280364562,-0.0012418778280364562,10983
RCC2,0.001234377253727093,0.001234377253727093,10984
RTP1,0.0012244587030276865,-0.0012244587030276865,10985
GIMAP2,0.0012103584233574113,-0.0012103584233574113,10986
ANKRD7,0.0012078389825502195,-0.0012078389825502195,10987
PRX,0.0012043914373519452,-0.0012043914373519452,10988
HNRNPD,0.0011884775927815628,0.0011884775927815628,10989
TMEM158,0.0011680122157569524,0.0011680122157569524,10990
PROCR,0.0011439039658560442,-0.0011439039658560442,10991
FAM91A1,0.0011394563279144279,0.0011394563279144279,10992
POLR3B,0.0011377536099164123,0.0011377536099164123,10993
GIMAP5,0.0011349425616533546,0.0011349425616533546,10994
FYCO1,0.00112723032495698,0.00112723032495698,10995
OR51B4,0.0011269839029871126,0.0011269839029871126,10996
GDF2,0.0011222731722278188,0.0011222731722278188,10997
NIP7,0.0011213200862102595,0.0011213200862102595,10998
SPATA7,0.0011138245413280007,0.0011138245413280007,10999
MED6,0.001112492730738225,0.001112492730738225,11000
CENPO,0.0010932287527929915,-0.0010932287527929915,11001
KCNJ9,0.0010763875088000301,-0.0010763875088000301,11002
IFT57,0.0010762448685764927,-0.0010762448685764927,11003
RLN3,0.001075685211671007,0.001075685211671007,11004
MTO1,0.0010665637884849767,-0.0010665637884849767,11005
FLVCR1,0.0010600042291251284,0.0010600042291251284,11006
DRD3,0.001043471400079115,0.001043471400079115,11007
ADH1C,0.0010351327597981235,-0.0010351327597981235,11008
KIF5B,0.0010286459473046986,-0.0010286459473046986,11009
HSPBP1,0.0010123578316295152,-0.0010123578316295152,11010
PMF1,0.0010094714836755235,0.0010094714836755235,11011
PDZD7,0.0010051575960273375,0.0010051575960273375,11012
CHST10,0.000995751403203993,-0.000995751403203993,11013
LEF1,0.0009957321300786107,-0.0009957321300786107,11014
ACOT7,0.0009837655120397294,-0.0009837655120397294,11015
GABARAP,0.0009766860505723044,0.0009766860505723044,11016
IBTK,0.0009723523294586949,-0.0009723523294586949,11017
CD81,0.0009642195798749543,-0.0009642195798749543,11018
CACNG4,0.0009557112173829755,-0.0009557112173829755,11019
SYP,0.0009515503880111393,-0.0009515503880111393,11020
SMPDL3B,0.0009488544587926793,0.0009488544587926793,11021
PLA2G2E,0.0009466343741804342,-0.0009466343741804342,11022
S100A12,0.0009455736198735433,-0.0009455736198735433,11023
ZMIZ2,0.0009387609965462758,-0.0009387609965462758,11024
SORBS3,0.000929827495339182,0.000929827495339182,11025
GNAI2,0.00092043636692558,0.00092043636692558,11026
NGB,0.000913237971696484,0.000913237971696484,11027
ZNF14,0.0008998376040972687,-0.0008998376040972687,11028
KCNK5,0.0008943532902349235,-0.0008943532902349235,11029
JMJD8,0.0008894506982203171,0.0008894506982203171,11030
MAMLD1,0.0008742034521408038,0.0008742034521408038,11031
ST3GAL4,0.0008678066349747566,-0.0008678066349747566,11032
SLC18A2,0.0008618222717204418,0.0008618222717204418,11033
TRMT1,0.0008530290169632141,-0.0008530290169632141,11034
EMILIN1,0.0008447080438163952,-0.0008447080438163952,11035
COL24A1,0.0008270115366581424,0.0008270115366581424,11036
KCNJ16,0.0008267310928570312,0.0008267310928570312,11037
RPA1,0.0008148806197825947,0.0008148806197825947,11038
CLRN1,0.0008064913587243899,0.0008064913587243899,11039
POLR3C,0.0007958895719532373,0.0007958895719532373,11040
SF3B2,0.0007865150828287134,-0.0007865150828287134,11041
PFKL,0.0007859107899448865,0.0007859107899448865,11042
PSAP,0.0007840490233829937,0.0007840490233829937,11043
TAAR1,0.0007822203516798356,0.0007822203516798356,11044
ANP32B,0.0007682973226203612,0.0007682973226203612,11045
IGFBP2,0.0007605915477965681,0.0007605915477965681,11046
ZFAND1,0.0007031239571200526,0.0007031239571200526,11047
AGBL2,0.0006859886120560981,0.0006859886120560981,11048
CCNE1,0.0006708506590600851,0.0006708506590600851,11049
GABRB3,0.0006704167019347323,-0.0006704167019347323,11050
MAGEB1,0.0006559286322135975,-0.0006559286322135975,11051
RPL31,0.0006536449672107573,0.0006536449672107573,11052
KLHL23,0.0006511426167844984,-0.0006511426167844984,11053
CNOT1,0.0006426824744500843,-0.0006426824744500843,11054
MS4A2,0.0006401211246834728,0.0006401211246834728,11055
FGF8,0.0006388963190380949,-0.0006388963190380949,11056
DTNB,0.0006346936223265027,0.0006346936223265027,11057
IFITM2,0.0006185930085921286,0.0006185930085921286,11058
MXRA8,0.0006018469929831673,0.0006018469929831673,11059
RPS4X,0.0005971752494976514,0.0005971752494976514,11060
ITGBL1,0.0005914826133134428,0.0005914826133134428,11061
RPL19,0.0005819174772399581,0.0005819174772399581,11062
BCAN,0.0005722933978260384,-0.0005722933978260384,11063
FBXL4,0.0005514849449161835,-0.0005514849449161835,11064
DIAPH1,0.0005492763455425142,0.0005492763455425142,11065
PRB4,0.0005464280300086797,0.0005464280300086797,11066
FLNB,0.0005301570330760603,0.0005301570330760603,11067
CA8,0.0004856622565110065,-0.0004856622565110065,11068
PACS1,0.0004677291658478094,-0.0004677291658478094,11069
HELLS,0.00044397418007183144,-0.00044397418007183144,11070
SLC6A5,0.000442896456489662,0.000442896456489662,11071
FAM160A2,0.0004352282008998657,0.0004352282008998657,11072
TRIM44,0.0004345654337316005,0.0004345654337316005,11073
LMF1,0.0004335814388287667,0.0004335814388287667,11074
SPSB2,0.00043184584373368923,-0.00043184584373368923,11075
HRH3,0.0004234094521728819,0.0004234094521728819,11076
RSF1,0.00041411650565400545,-0.00041411650565400545,11077
TFRC,0.0003787849886969049,-0.0003787849886969049,11078
TNFRSF12A,0.0003761342549491349,-0.0003761342549491349,11079
HTR2A,0.0003702378834082557,-0.0003702378834082557,11080
MRPL43,0.00036948955227274986,-0.00036948955227274986,11081
MLF1,0.0003692110396912465,0.0003692110396912465,11082
HIGD2A,0.0003531368868914208,0.0003531368868914208,11083
PON2,0.00034539569035084303,-0.00034539569035084303,11084
LIPH,0.00034148711684462503,0.00034148711684462503,11085
MADCAM1,0.0003346133104648323,0.0003346133104648323,11086
KCNA6,0.0003334261053078873,0.0003334261053078873,11087
SCAP,0.0003298175321612777,0.0003298175321612777,11088
PI4KB,0.00032760221446769976,-0.00032760221446769976,11089
LDHC,0.0003274849728042306,0.0003274849728042306,11090
TICAM1,0.0003237507141073136,-0.0003237507141073136,11091
PDGFC,0.00031685083803333915,-0.00031685083803333915,11092
CABP5,0.00030647774786718055,-0.00030647774786718055,11093
METRN,0.000297293248551785,-0.000297293248551785,11094
TMSB10,0.00029694589621362817,-0.00029694589621362817,11095
GKAP1,0.000283092431070965,0.000283092431070965,11096
PRDX3,0.0002826841035342871,-0.0002826841035342871,11097
USP3,0.0002801447637578718,-0.0002801447637578718,11098
NLRP9,0.0002787523327411821,-0.0002787523327411821,11099
APLN,0.0002739881653293294,0.0002739881653293294,11100
MEGF8,0.0002679422974141788,0.0002679422974141788,11101
LTB4R2,0.0002627763139648067,0.0002627763139648067,11102
LIPE,0.00026150298279276367,-0.00026150298279276367,11103
VPS54,0.00024923298596776967,0.00024923298596776967,11104
GAST,0.0002459235786867903,-0.0002459235786867903,11105
MYL3,0.00023146025829103237,-0.00023146025829103237,11106
CBX5,0.00022651783190246196,-0.00022651783190246196,11107
CCDC90B,0.0002133413934594357,-0.0002133413934594357,11108
EFHB,0.00021074873577120259,0.00021074873577120259,11109
PGBD2,0.0002068603932960768,-0.0002068603932960768,11110
ACOT11,0.00020264722006712145,-0.00020264722006712145,11111
RAB1A,0.00017651796643741447,-0.00017651796643741447,11112
IL13RA1,0.00016792850174483453,-0.00016792850174483453,11113
UBE2L6,0.00016249274783654353,-0.00016249274783654353,11114
SLC9A3R1,0.00016041982425555362,-0.00016041982425555362,11115
EIF3D,0.00015610774925337468,-0.00015610774925337468,11116
TYSND1,0.0001506625243125797,0.0001506625243125797,11117
CTNNA1,0.00013891026830788726,0.00013891026830788726,11118
TNFRSF4,0.00012384740066304003,-0.00012384740066304003,11119
NPBWR2,0.00011205137348984735,0.00011205137348984735,11120
GPR132,0.00011037838365517668,-0.00011037838365517668,11121
SYMPK,0.00010393939481166845,0.00010393939481166845,11122
TBC1D10A,0.00010325435176504794,-0.00010325435176504794,11123
FLII,0.00010119685663564161,-0.00010119685663564161,11124
HMGB1,9.734597205418039e-05,-9.734597205418039e-05,11125
KIF5A,9.705665513689008e-05,9.705665513689008e-05,11126
TDP1,9.439142135662692e-05,-9.439142135662692e-05,11127
DUSP9,9.241071068783278e-05,-9.241071068783278e-05,11128
NUDT21,8.51184405749731e-05,8.51184405749731e-05,11129
GLUL,8.407516944221361e-05,-8.407516944221361e-05,11130
TNRC6B,7.355988731483312e-05,-7.355988731483312e-05,11131
TRPC7,6.744276415233746e-05,-6.744276415233746e-05,11132
RING1,6.461975225440751e-05,6.461975225440751e-05,11133
MRPS18C,5.587310246615537e-05,5.587310246615537e-05,11134
PRPF40A,5.506408516171202e-05,-5.506408516171202e-05,11135
ARSF,5.086988033833632e-05,-5.086988033833632e-05,11136
GIPR,4.1014940654735674e-05,4.1014940654735674e-05,11137
GOSR1,1.2264212516282377e-05,-1.2264212516282377e-05,11138
RDH16,9.378444377142536e-06,-9.378444377142536e-06,11139
KCNA2,3.4307896795356016e-06,3.4307896795356016e-06,11140
